
  EPA STORM WATER MANAGEMENT MODEL - VERSION 5.2 (Build 5.2.4)
  ------------------------------------------------------------

  test 
  WARNING 02: maximum depth increased for Node J124
  
  ****************
  Analysis Options
  ****************
  Flow Units ............... LPS
  Process Models:
    Rainfall/Runoff ........ YES
    RDII ................... NO
    Snowmelt ............... NO
    Groundwater ............ NO
    Flow Routing ........... YES
    Ponding Allowed ........ YES
    Water Quality .......... NO
  Infiltration Method ...... HORTON
  Flow Routing Method ...... DYNWAVE
  Surcharge Method ......... EXTRAN
  Starting Date ............ 07/15/2025 00:00:00
  Ending Date .............. 07/15/2025 01:00:00
  Antecedent Dry Days ...... 0.0
  Report Time Step ......... 00:05:00
  Wet Time Step ............ 00:05:00
  Dry Time Step ............ 01:00:00
  Routing Time Step ........ 10.00 sec
  Variable Time Step ....... YES
  Maximum Trials ........... 8
  Number of Threads ........ 1
  Head Tolerance ........... 0.005000 m
  
  
  **************************        Volume         Depth
  Runoff Quantity Continuity     hectare-m            mm
  **************************     ---------       -------
  Total Precipitation ......       171.378        49.991
  Evaporation Loss .........         0.000         0.000
  Infiltration Loss ........        12.630         3.684
  Surface Runoff ...........        59.666        17.405
  Final Storage ............       102.704        29.959
  Continuity Error (%) .....        -2.113
  
  
  **************************        Volume        Volume
  Flow Routing Continuity        hectare-m      10^6 ltr
  **************************     ---------     ---------
  Dry Weather Inflow .......         0.000         0.000
  Wet Weather Inflow .......        56.164       561.647
  Groundwater Inflow .......         0.000         0.000
  RDII Inflow ..............         0.000         0.000
  External Inflow ..........         0.000         0.000
  External Outflow .........        19.070       190.706
  Flooding Loss ............         0.000         0.000
  Evaporation Loss .........         0.000         0.000
  Exfiltration Loss ........         0.000         0.000
  Initial Stored Volume ....         0.000         0.000
  Final Stored Volume ......        37.044       370.444
  Continuity Error (%) .....         0.088
  
  
  *************************
  Highest Continuity Errors
  *************************
  Node J136 (11.61%)
  Node J135 (8.99%)
  Node J137 (8.24%)
  Node J77 (7.49%)
  Node J111 (7.10%)
  
  
  ***************************
  Time-Step Critical Elements
  ***************************
  Link C4 (99.96%)
  
  
  ********************************
  Highest Flow Instability Indexes
  ********************************
  Link C252 (40)
  Link C19 (38)
  Link C30 (32)
  Link C4 (30)
  Link C144 (17)
  
  
  *********************************
  Most Frequent Nonconverging Nodes
  *********************************
  Node out1 (34.01%)
  Node out2 (34.01%)
  Node out3 (34.01%)
  Node out4 (34.01%)
  Node out5 (34.01%)
  
  
  *************************
  Routing Time Step Summary
  *************************
  Minimum Time Step           :     0.50 sec
  Average Time Step           :     0.50 sec
  Maximum Time Step           :    10.00 sec
  % of Time in Steady State   :     0.00
  Average Iterations per Step :     4.57
  % of Steps Not Converging   :    34.01
  Time Step Frequencies       :
     10.000 -  5.493 sec      :     0.03 %
      5.493 -  3.017 sec      :     0.00 %
      3.017 -  1.657 sec      :     0.00 %
      1.657 -  0.910 sec      :     0.00 %
      0.910 -  0.500 sec      :    99.97 %
  
  
  ***************************
  Subcatchment Runoff Summary
  ***************************
  
  ------------------------------------------------------------------------------------------------------------------------------
                            Total      Total      Total      Total     Imperv       Perv      Total       Total     Peak  Runoff
                           Precip      Runon       Evap      Infil     Runoff     Runoff     Runoff      Runoff   Runoff   Coeff
  Subcatchment                 mm         mm         mm         mm         mm         mm         mm    10^6 ltr      LPS
  ------------------------------------------------------------------------------------------------------------------------------
  S1                        49.99       0.00       0.00       3.39      10.29      16.28      26.57        1.85   808.91   0.531
  S2                        49.99       0.00       0.00       4.05       3.89       9.34      13.23        8.20  3928.50   0.265
  S3                        49.99       0.00       0.00       3.96       4.20       7.54      11.73        9.39  4567.85   0.235
  S4                        49.99       0.00       0.00       1.15      34.46       8.29      42.75        0.53   270.02   0.855
  S5                        49.99       0.00       0.00       1.26      30.97       7.39      38.36        0.97   456.16   0.767
  S6                        49.99       0.00       0.00       3.85       6.32      24.21      30.54        0.63   290.97   0.611
  S7                        49.99       0.00       0.00       4.17       2.92      15.67      18.59        1.24   576.14   0.372
  S8                        49.99       0.00       0.00       2.63      16.81      12.32      29.13        2.41  1061.37   0.583
  S10                       49.99       0.00       0.00       1.45      32.02      11.17      43.18        0.23   124.02   0.864
  S11                       49.99       0.00       0.00       3.88       5.07       8.86      13.93        6.98  3265.04   0.279
  S12                       49.99       0.00       0.00       4.16       2.87       7.89      10.76        6.86  3451.97   0.215
  S13                       49.99       0.00       0.00       1.43      28.61       7.78      36.40        1.21   551.67   0.728
  S14                       49.99       0.00       0.00       0.89      36.32       6.04      42.36        0.80   402.86   0.847
  S15                       49.99       0.00       0.00       1.40      30.24       8.65      38.89        1.20   574.85   0.778
  S16                       49.99       0.00       0.00       3.40       9.86      12.27      22.13        2.87  1221.48   0.443
  S18                       49.99       0.00       0.00       1.28      31.07       7.74      38.81        1.77   845.75   0.776
  S19                       49.99       0.00       0.00       2.32      20.93      13.75      34.68        0.63   288.32   0.694
  S20                       49.99       0.00       0.00       0.89      36.63       6.18      42.81        0.96   484.00   0.856
  S21                       49.99       0.00       0.00       1.50      30.34      10.37      40.71        0.44   220.07   0.814
  S22                       49.99       0.00       0.00       1.35      30.02       7.77      37.80        1.41   663.10   0.756
  S23                       49.99       0.00       0.00       2.09      21.14       9.37      30.50        2.25   994.26   0.610
  S24                       49.99       0.00       0.00       4.26       2.06      14.54      16.60        2.81  1363.60   0.332
  S25                       49.99       0.00       0.00       2.36      18.12       9.38      27.50        3.19  1387.37   0.550
  S26                       49.99       0.00       0.00       0.89      35.77       5.78      41.55        0.55   271.15   0.831
  S27                       49.99       0.00       0.00       0.94      33.34       5.21      38.55        2.29  1067.87   0.771
  S28                       49.99       0.00       0.00       3.65       7.91      17.84      25.76        1.56   683.93   0.515
  S29                       49.99       0.00       0.00       0.89      35.25       5.55      40.81        0.55   266.02   0.816
  S30                       49.99       0.00       0.00       1.28      28.58       6.05      34.63        1.33   596.71   0.693
  S31                       49.99       0.00       0.00       1.45      31.22      10.37      41.59        0.22   111.27   0.832
  S32                       49.99       0.00       0.00       0.89      34.25       5.12      39.37        1.20   567.76   0.788
  S33                       49.99       0.00       0.00       0.89      34.87       5.38      40.25        1.20   578.02   0.805
  S34                       49.99       0.00       0.00       0.89      32.97       4.61      37.58        2.11   965.27   0.752
  S35                       49.99       0.00       0.00       0.89      34.97       5.43      40.40        0.92   445.56   0.808
  S36                       49.99       0.00       0.00       0.89      35.60       5.70      41.30        0.67   327.65   0.826
  S37                       49.99       0.00       0.00       1.65      27.71      10.20      37.91        2.03   970.08   0.758
  S38                       49.99       0.00       0.00       0.89      31.74       4.17      35.91        1.17   526.46   0.718
  S39                       49.99       0.00       0.00       0.89      35.54       5.68      41.22        2.04  1000.38   0.825
  S40                       49.99       0.00       0.00       0.89      35.57       5.69      41.26        1.09   534.18   0.825
  S41                       49.99       0.00       0.00       0.89      34.80       5.35      40.15        1.81   868.17   0.803
  S42                       49.99       0.00       0.00       0.89      34.97       5.43      40.40        0.16    76.24   0.808
  S44                       49.99       0.00       0.00       0.89      35.05       5.46      40.51        0.88   427.85   0.810
  S45                       49.99       0.00       0.00       1.00      32.50       5.39      37.89        1.10   506.07   0.758
  S46                       49.99       0.00       0.00       1.14      33.15       7.29      40.44        0.99   486.31   0.809
  S47                       49.99       0.00       0.00       1.00      33.21       5.72      38.93        1.05   496.64   0.779
  S48                       49.99       0.00       0.00       2.04      23.50      11.92      35.42        0.83   383.48   0.709
  S49                       49.99       0.00       0.00       0.89      36.10       5.93      42.03        0.32   157.53   0.841
  S50                       49.99       0.00       0.00       2.80      16.91      18.77      35.68        0.24   115.71   0.714
  S51                       49.99       0.00       0.00       3.85       6.32      21.69      28.01        1.79   800.60   0.560
  S52                       49.99       0.00       0.00       0.89      38.03       6.84      44.87        0.35   181.26   0.898
  S53                       49.99       0.00       0.00       0.89      37.52       6.59      44.11        0.10    53.58   0.882
  S54                       49.99       0.00       0.00       0.89      37.58       6.62      44.21        0.15    76.37   0.884
  S55                       49.99       0.00       0.00       4.08       3.76      15.85      19.60        2.99  1366.54   0.392
  S56                       49.99       0.00       0.00       2.86      13.83       9.53      23.36        4.46  1923.12   0.467
  S57                       49.99       0.00       0.00       0.89      37.35       6.51      43.86        0.20   102.60   0.877
  S58                       49.99       0.00       0.00       0.89      37.47       6.57      44.04        0.16    84.83   0.881
  S59                       49.99       0.00       0.00       1.56      28.65       9.65      38.30        0.14    66.38   0.766
  S60                       49.99       0.00       0.00       0.89      37.85       6.75      44.60        0.10    53.55   0.892
  S61                       49.99       0.00       0.00       1.43      27.52       6.73      34.24        2.47  1107.18   0.685
  S62                       49.99       0.00       0.00       0.89      33.91       4.98      38.88        1.94   909.58   0.778
  S63                       49.99       0.00       0.00       2.34      20.72      13.84      34.56        0.77   352.59   0.691
  S64                       49.99       0.00       0.00       0.89      35.13       5.49      40.62        0.56   270.16   0.813
  S65                       49.99       0.00       0.00       0.89      34.04       5.03      39.07        1.02   478.85   0.781
  S66                       49.99       0.00       0.00       1.13      32.17       6.57      38.74        2.93  1385.24   0.775
  S67                       49.99       0.00       0.00       1.00      32.38       5.37      37.76        4.05  1868.54   0.755
  S68                       49.99       0.00       0.00       1.09      33.57       6.91      40.48        0.60   293.14   0.810
  S69                       49.99       0.00       0.00       0.99      32.49       5.33      37.82        2.19  1008.53   0.757
  S70                       49.99       0.00       0.00       0.89      34.71       5.31      40.02        1.02   488.98   0.801
  S71                       49.99       0.00       0.00       0.89      36.93       6.32      43.25        0.63   322.46   0.865
  S72                       49.99       0.00       0.00       0.89      33.12       4.67      37.79        1.25   573.96   0.756
  S73                       49.99       0.00       0.00       0.89      34.59       5.26      39.84        0.56   268.66   0.797
  S74                       49.99       0.00       0.00       0.89      34.12       5.06      39.18        0.74   348.21   0.784
  S75                       49.99       0.00       0.00       1.39      29.87       8.26      38.13        0.63   298.78   0.763
  S76                       49.99       0.00       0.00       3.77       6.97      21.63      28.61        0.82   367.92   0.572
  S77                       49.99       0.00       0.00       0.89      36.67       6.19      42.86        0.44   224.41   0.857
  S78                       49.99       0.00       0.00       0.89      34.99       5.43      40.43        1.09   528.58   0.809
  S79                       49.99       0.00       0.00       3.35       9.53       9.01      18.54        6.24  2698.57   0.371
  S80                       49.99       0.00       0.00       3.86       5.59      10.53      16.12        7.53  3383.16   0.322
  S81                       49.99       0.00       0.00       3.27      10.92      13.14      24.07        2.35  1018.60   0.481
  S82                       49.99       0.00       0.00       3.86       5.25       8.51      13.76        9.25  4302.70   0.275
  S83                       49.99       0.00       0.00       2.27      19.80      10.30      30.10        3.14  1385.31   0.602
  S84                       49.99       0.00       0.00       2.30      19.53      10.06      29.59        3.42  1504.13   0.592
  S85                       49.99       0.00       0.00       1.06      33.50       6.52      40.01        1.42   685.22   0.800
  S86                       49.99       0.00       0.00       3.88       5.91      21.26      27.17        1.34   598.35   0.543
  S87                       49.99       0.00       0.00       4.00       4.51      16.68      21.19        2.44  1091.99   0.424
  S88                       49.99       0.00       0.00       3.69       7.77      16.32      24.08        1.89   807.57   0.482
  S89                       49.99       0.00       0.00       4.22       2.35      10.71      13.06        9.67  4887.01   0.261
  S90                       49.99       0.00       0.00       4.20       2.66      14.01      16.67        4.24  2029.14   0.333
  S91                       49.99       0.00       0.00       4.23       2.44      32.92      35.36        0.16    86.20   0.707
  S92                       49.99       0.00       0.00       4.04       3.87      10.08      13.95        8.67  4159.81   0.279
  S93                       49.99       0.00       0.00       1.73      27.43      11.21      38.65        0.42   202.87   0.773
  S94                       49.99       0.00       0.00       1.93      25.46      12.74      38.20        0.58   286.19   0.764
  S95                       49.99       0.00       0.00       1.16      31.41       6.50      37.91        2.88  1343.66   0.758
  S96                       49.99       0.00       0.00       1.76      25.04       8.95      33.99        2.26  1015.88   0.680
  S97                       49.99       0.00       0.00       0.89      37.43       6.55      43.98        0.15    79.56   0.880
  S98                       49.99       0.00       0.00       1.32      29.53       7.05      36.58        3.45  1574.58   0.732
  S99                       49.99       0.00       0.00       1.00      35.20       6.75      41.95        1.20   600.91   0.839
  S100                      49.99       0.00       0.00       0.89      36.19       5.97      42.16        0.86   427.18   0.843
  S101                      49.99       0.00       0.00       0.89      35.09       5.48      40.57        1.39   673.65   0.812
  S102                      49.99       0.00       0.00       0.89      33.91       4.98      38.88        0.95   445.73   0.778
  S103                      49.99       0.00       0.00       1.21      32.82       8.08      40.90        1.12   558.53   0.818
  S104                      49.99       0.00       0.00       2.00      25.85      14.91      40.76        0.03    14.09   0.815
  S105                      49.99       0.00       0.00       2.59      17.51      12.93      30.44        1.49   662.55   0.609
  S106                      49.99       0.00       0.00       0.89      36.58       6.15      42.73        0.49   246.25   0.855
  S107                      49.99       0.00       0.00       0.95      33.39       5.31      38.70        2.08   975.39   0.774
  S108                      49.99       0.00       0.00       3.89       5.31      12.53      17.84        5.26  2370.82   0.357
  S109                      49.99       0.00       0.00       4.21       2.43      10.86      13.29        7.54  3792.54   0.266
  S110                      49.99       0.00       0.00       4.24       2.34      26.79      29.13        1.37   648.49   0.583
  S111                      49.99       0.00       0.00       3.72       6.90      13.34      20.24        5.20  2281.51   0.405
  S112                      49.99       0.00       0.00       1.16      30.63       6.04      36.67        1.20   546.10   0.734
  S113                      49.99       0.00       0.00       0.89      37.64       6.65      44.29        0.11    58.81   0.886
  S114                      49.99       0.00       0.00       0.89      37.39       6.53      43.92        0.39   202.81   0.879
  S115                      49.99       0.00       0.00       1.35      30.05       7.90      37.95        1.14   538.19   0.759
  S116                      49.99       0.00       0.00       0.89      35.23       5.54      40.77        1.38   672.17   0.815
  S117                      49.99       0.00       0.00       3.35      11.16      20.51      31.67        0.55   254.05   0.634
  S118                      49.99       0.00       0.00       2.77      15.01      11.40      26.41        2.96  1282.76   0.528
  S119                      49.99       0.00       0.00       1.73      27.30      11.04      38.34        0.30   147.22   0.767
  S121                      49.99       0.00       0.00       2.56      19.72      18.54      38.27        0.10    50.66   0.765
  S122                      49.99       0.00       0.00       2.41      20.26      14.65      34.91        0.31   142.18   0.698
  S123                      49.99       0.00       0.00       2.00      24.84      13.33      38.17        0.38   186.52   0.763
  S124                      49.99       0.00       0.00       0.89      37.06       6.38      43.44        0.20   102.39   0.869
  S125                      49.99       0.00       0.00       0.89      37.59       6.63      44.22        0.23   120.48   0.884
  S126                      49.99       0.00       0.00       0.89      37.31       6.49      43.80        0.21   105.30   0.876
  S127                      49.99       0.00       0.00       1.31      31.98       8.80      40.78        0.27   132.33   0.816
  S128                      49.99       0.00       0.00       0.89      35.85       5.82      41.67        0.83   411.76   0.834
  S130                      49.99       0.00       0.00       0.89      37.37       6.52      43.89        0.17    88.58   0.878
  S131                      49.99       0.00       0.00       0.89      37.53       6.60      44.14        0.15    79.71   0.883
  S132                      49.99       0.00       0.00       3.84       6.34      22.63      28.97        0.90   409.52   0.580
  S133                      49.99       0.00       0.00       3.18      10.88       8.60      19.48        6.19  2659.38   0.390
  S134                      49.99       0.00       0.00       4.00       4.69      21.71      26.41        1.03   464.00   0.528
  S135                      49.99       0.00       0.00       0.89      38.44       7.08      45.52        0.05    25.10   0.911
  S136                      49.99       0.00       0.00       1.17      33.85       8.17      42.02        0.40   202.68   0.841
  S137                      49.99       0.00       0.00       0.89      37.27       6.48      43.75        0.25   127.26   0.875
  S138                      49.99       0.00       0.00       2.14      23.24      13.85      37.09        0.32   151.98   0.742
  S139                      49.99       0.00       0.00       1.26      31.87       8.04      39.91        0.32   153.78   0.798
  S140                      49.99       0.00       0.00       1.73      27.71      11.57      39.28        0.44   220.31   0.786
  S141                      49.99       0.00       0.00       3.56       9.12      22.16      31.29        0.32   149.82   0.626
  S142                      49.99       0.00       0.00       1.61      28.50      10.30      38.80        0.53   256.61   0.776
  S143                      49.99       0.00       0.00       4.23       2.39      27.38      29.77        0.34   163.34   0.595
  S144                      49.99       0.00       0.00       4.23       2.40      28.99      31.39        0.29   140.50   0.628
  S145                      49.99       0.00       0.00       4.33       1.27       7.07       8.34       10.65  5986.66   0.167
  S146                      49.99       0.00       0.00       3.59       8.55      16.46      25.01        1.43   618.26   0.500
  S147                      49.99       0.00       0.00       1.01      34.67       6.55      41.22        2.15  1061.39   0.825
  S148                      49.99       0.00       0.00       0.89      36.97       6.33      43.30        0.79   402.83   0.866
  S149                      49.99       0.00       0.00       0.89      36.88       6.29      43.17        1.25   633.81   0.864
  S150                      49.99       0.00       0.00       1.16      34.04       8.15      42.19        0.90   458.24   0.844
  S151                      49.99       0.00       0.00       1.04      34.03       6.64      40.68        1.60   783.04   0.814
  S152                      49.99       0.00       0.00       1.06      35.25       7.54      42.79        0.77   390.91   0.856
  S153                      49.99       0.00       0.00       1.61      28.21      10.09      38.30        1.24   596.09   0.766
  S154                      49.99       0.00       0.00       0.89      36.51       6.12      42.63        1.19   599.11   0.853
  S155                      49.99       0.00       0.00       0.89      37.18       6.43      43.61        0.91   467.51   0.872
  S156                      49.99       0.00       0.00       1.23      32.86       8.36      41.22        1.64   819.01   0.825
  S157                      49.99       0.00       0.00       3.61       8.86      23.11      31.96        1.64   762.92   0.639
  S158                      49.99       0.00       0.00       4.28       1.89      13.27      15.16        3.05  1544.64   0.303
  S159                      49.99       0.00       0.00       4.25       2.19      27.74      29.92        0.86   413.33   0.599
  S160                      49.99       0.00       0.00       3.71       7.77      15.58      23.34        4.29  1814.76   0.467
  S161                      49.99       0.00       0.00       2.86      16.32      14.01      30.33        4.13  1755.52   0.607
  S162                      49.99       0.00       0.00       2.86      16.43      18.89      35.31        0.89   428.52   0.706
  S163                      49.99       0.00       0.00       2.81      17.13      17.53      34.67        1.01   471.53   0.693
  S164                      49.99       0.00       0.00       4.34       1.26      10.38      11.64        6.85  3734.25   0.233
  S166                      49.99       0.00       0.00       2.86      16.54      17.73      34.27        1.76   817.08   0.685
  S167                      49.99       0.00       0.00       2.78      17.30      19.36      36.66        0.78   386.85   0.733
  S168                      49.99       0.00       0.00       3.66       8.15      22.68      30.83        1.12   515.74   0.617
  S169                      49.99       0.00       0.00       3.26      12.23      15.59      27.81        0.96   407.21   0.556
  S170                      49.99       0.00       0.00       2.04      24.85      14.32      39.17        0.98   495.23   0.784
  S171                      49.99       0.00       0.00       3.77       7.19      18.92      26.11        2.45  1068.81   0.522
  S172                      49.99       0.00       0.00       1.73      27.43      11.21      38.65        0.99   481.99   0.773
  S173                      49.99       0.00       0.00       1.35      31.58       9.04      40.62        0.81   403.47   0.813
  S174                      49.99       0.00       0.00       2.27      21.60      13.70      35.30        1.64   761.08   0.706
  S175                      49.99       0.00       0.00       3.88       5.97      23.50      29.47        1.22   559.15   0.589
  S176                      49.99       0.00       0.00       4.40       0.55      12.80      13.35        1.20   663.97   0.267
  S177                      49.99       0.00       0.00       3.70       7.99      13.80      21.80        1.21   500.32   0.436
  S178                      49.99       0.00       0.00       3.04      14.55      16.28      30.83        0.96   415.49   0.617
  S179                      49.99       0.00       0.00       4.39       0.68      17.48      18.15        0.71   359.35   0.363
  S180                      49.99       0.00       0.00       3.50       9.92      22.85      32.77        0.55   255.67   0.656
  S181                      49.99       0.00       0.00       0.89      38.30       6.98      45.28        0.11    59.92   0.906
  S182                      49.99       0.00       0.00       2.43      20.73      16.69      37.41        0.85   421.93   0.748
  S183                      49.99       0.00       0.00       4.41       0.51      18.09      18.60        0.65   327.27   0.372
  S184                      49.99       0.00       0.00       4.42       0.39      15.97      16.37        1.13   588.66   0.327
  S185                      49.99       0.00       0.00       4.37       0.95       8.00       8.95        7.34  4234.50   0.179
  S186                      49.99       0.00       0.00       4.13       3.38      24.10      27.48        1.56   718.49   0.550
  S187                      49.99       0.00       0.00       3.64       8.44      24.14      32.59        0.52   245.69   0.652
  S188                      49.99       0.00       0.00       4.29       1.78      13.64      15.42        1.22   619.42   0.308
  S189                      49.99       0.00       0.00       4.40       0.60      10.53      11.12        1.04   598.74   0.223
  S190                      49.99       0.00       0.00       2.52      19.66      16.18      35.85        1.04   493.88   0.717
  S191                      49.99       0.00       0.00       1.62      28.71      10.72      39.43        0.84   415.90   0.789
  S192                      49.99       0.00       0.00       1.59      28.27       9.82      38.09        1.32   630.41   0.762
  S193                      49.99       0.00       0.00       4.30       1.65      16.34      17.99        0.85   417.47   0.360
  S194                      49.99       0.00       0.00       4.40       0.64      17.90      18.54        1.05   529.17   0.371
  S195                      49.99       0.00       0.00       4.05       4.33      12.68      17.01        2.11   968.03   0.340
  S196                      49.99       0.00       0.00       3.62       8.51      20.57      29.08        1.06   476.09   0.582
  S197                      49.99       0.00       0.00       4.23       2.45      34.07      36.52        0.12    69.99   0.731
  S198                      49.99       0.00       0.00       4.32       1.45      15.09      16.55        2.00   999.04   0.331
  S199                      49.99       0.00       0.00       4.23       2.43      32.13      34.56        0.33   174.84   0.691
  S200                      49.99       0.00       0.00       4.09       3.84      18.02      21.86        1.66   751.82   0.437
  S201                      49.99       0.00       0.00       2.81      16.88      18.40      35.28        0.64   307.53   0.706
  S202                      49.99       0.00       0.00       4.31       1.53      10.36      11.90        3.02  1620.08   0.238
  S203                      49.99       0.00       0.00       1.95      24.94      12.15      37.09        0.64   306.25   0.742
  S204                      49.99       0.00       0.00       4.39       0.70      12.77      13.47        0.57   309.11   0.269
  S205                      49.99       0.00       0.00       2.21      22.24      11.64      33.88        1.37   616.91   0.678
  S206                      49.99       0.00       0.00       1.80      26.38      11.29      37.67        0.32   150.87   0.754
  S207                      49.99       0.00       0.00       3.76       7.25      22.90      30.15        1.09   501.00   0.603
  S208                      49.99       0.00       0.00       3.88       5.96      20.79      26.75        1.31   583.15   0.535
  S209                      49.99       0.00       0.00       3.22      11.99      16.06      28.06        1.42   622.30   0.561
  S210                      49.99       0.00       0.00       3.43      10.75      22.07      32.82        0.41   191.96   0.657
  S211                      49.99       0.00       0.00       2.99      14.89      16.64      31.53        1.25   552.88   0.631
  S212                      49.99       0.00       0.00       3.47      10.00       9.90      19.91        4.69  1841.80   0.398
  S213                      49.99       0.00       0.00       3.82       6.53      12.33      18.86        2.06   883.72   0.377
  S214                      49.99       0.00       0.00       4.23       2.43      32.59      35.02        0.12    62.95   0.701
  S215                      49.99       0.00       0.00       3.96       5.17      14.59      19.76        2.22   981.54   0.395
  S216                      49.99       0.00       0.00       4.07       4.06      24.31      28.38        0.41   187.70   0.568
  S217                      49.99       0.00       0.00       4.14       3.42      26.75      30.17        0.79   377.49   0.603
  S218                      49.99       0.00       0.00       4.34       1.25      28.61      29.86        0.13    68.04   0.597
  S219                      49.99       0.00       0.00       4.39       0.72      17.92      18.64        0.61   303.08   0.373
  S220                      49.99       0.00       0.00       4.35       1.14      18.62      19.76        0.50   241.91   0.395
  S221                      49.99       0.00       0.00       4.44       0.11      15.63      15.73        0.34   181.47   0.315
  S222                      49.99       0.00       0.00       4.14       3.32      21.47      24.79        1.30   591.29   0.496
  S223                      49.99       0.00       0.00       4.29       1.77      19.53      21.30        0.74   347.85   0.426
  S224                      49.99       0.00       0.00       2.89      15.50      15.04      30.54        2.06   905.18   0.611
  S225                      49.99       0.00       0.00       3.98       5.03      20.23      25.26        0.74   331.33   0.505
  S226                      49.99       0.00       0.00       4.03       4.49      24.26      28.74        0.83   381.55   0.575
  S227                      49.99       0.00       0.00       3.56       9.29      15.99      25.28        1.43   600.94   0.506
  S228                      49.99       0.00       0.00       4.23       2.46      34.40      36.86        0.02    12.52   0.737
  S229                      49.99       0.00       0.00       4.23       2.40      22.32      24.72        1.34   621.53   0.494
  S230                      49.99       0.00       0.00       4.33       1.34      21.88      23.22        0.69   330.23   0.465
  S231                      49.99       0.00       0.00       4.35       1.11      22.22      23.33        0.62   298.98   0.467
  S232                      49.99       0.00       0.00       4.41       0.50      16.52      17.02        0.62   320.66   0.340
  S233                      49.99       0.00       0.00       0.89      36.47       6.10      42.57        0.99   496.52   0.852
  S234                      49.99       0.00       0.00       0.89      36.03       5.90      41.93        0.91   451.10   0.839
  S235                      49.99       0.00       0.00       0.89      37.09       6.39      43.48        0.34   173.47   0.870
  S236                      49.99       0.00       0.00       0.89      37.82       6.74      44.56        0.13    66.48   0.891
  S237                      49.99       0.00       0.00       0.89      37.69       6.67      44.36        0.21   109.31   0.887
  S238                      49.99       0.00       0.00       0.89      37.36       6.52      43.89        0.28   145.96   0.878
  S239                      49.99       0.00       0.00       1.73      28.04      12.01      40.06        0.15    74.54   0.801
  S240                      49.99       0.00       0.00       3.91       5.94      21.27      27.20        0.86   388.65   0.544
  S241                      49.99       0.00       0.00       2.36      20.99      15.00      35.99        0.85   401.07   0.720
  S242                      49.99       0.00       0.00       0.89      37.00       6.35      43.34        0.23   114.78   0.867
  S243                      49.99       0.00       0.00       3.28      11.68      13.75      25.43        4.96  2069.37   0.509
  S244                      49.99       0.00       0.00       0.89      36.95       6.33      43.27        0.15    78.03   0.866
  S245                      49.99       0.00       0.00       3.47      10.47      23.41      33.88        0.78   375.09   0.678
  S246                      49.99       0.00       0.00       3.85       6.40      19.09      25.49        1.89   828.96   0.510
  S247                      49.99       0.00       0.00       0.89      37.44       6.56      44.00        0.09    47.59   0.880
  S248                      49.99       0.00       0.00       2.23      23.41      16.65      40.06        0.17    88.40   0.801
  S249                      49.99       0.00       0.00       3.12      13.97      22.50      36.47        0.31   157.49   0.730
  S250                      49.99       0.00       0.00       3.23      12.54      21.13      33.68        0.26   120.07   0.674
  S251                      49.99       0.00       0.00       4.12       3.56      11.96      15.52        5.90  2805.47   0.310
  S252                      49.99       0.00       0.00       4.26       2.00       6.79       8.80       12.86  6813.30   0.176
  S253                      49.99       0.00       0.00       4.34       1.25      21.84      23.09        0.90   437.13   0.462
  S254                      49.99       0.00       0.00       4.33       1.33      13.84      15.17        3.24  1667.47   0.303
  S255                      49.99       0.00       0.00       3.91       5.54      22.02      27.56        1.85   835.47   0.551
  S256                      49.99       0.00       0.00       4.04       4.37      20.84      25.21        2.37  1069.77   0.504
  S257                      49.99       0.00       0.00       4.31       1.50       6.44       7.94        9.94  5503.88   0.159
  S258                      49.99       0.00       0.00       1.38      31.04       8.61      39.65        0.72   347.94   0.793
  S259                      49.99       0.00       0.00       1.77      25.21       9.28      34.49        2.37  1064.56   0.690
  S260                      49.99       0.00       0.00       1.11      33.52       7.21      40.72        2.78  1368.83   0.815
  S261                      49.99       0.00       0.00       0.89      37.17       6.43      43.59        0.84   429.65   0.872
  S262                      49.99       0.00       0.00       2.80      16.26      14.22      30.48        4.79  2099.63   0.610
  S263                      49.99       0.00       0.00       0.89      36.54       6.14      42.67        1.04   525.72   0.854
  S264                      49.99       0.00       0.00       3.17      13.38      21.52      34.90        0.90   436.28   0.698
  S265                      49.99       0.00       0.00       2.98      14.92      18.77      33.69        1.77   812.70   0.674
  S266                      49.99       0.00       0.00       1.76      27.92      12.50      40.42        0.98   500.93   0.808
  S267                      49.99       0.00       0.00       4.37       0.91      18.47      19.38        1.21   604.16   0.388
  S268                      49.99       0.00       0.00       4.43       0.30       9.04       9.34        2.08  1261.14   0.187
  S269                      49.99       0.00       0.00       3.75       7.49      20.14      27.63        0.33   144.02   0.553
  S270                      49.99       0.00       0.00       3.79       7.04      26.35      33.39        0.44   210.23   0.668
  S271                      49.99       0.00       0.00       3.12      14.10      23.33      37.43        0.10    53.58   0.749
  S273                      49.99       0.00       0.00       3.15      13.19      19.96      33.16        0.89   409.93   0.663
  S274                      49.99       0.00       0.00       2.44      20.01      15.03      35.04        0.97   451.00   0.701
  S275                      49.99       0.00       0.00       4.19       2.77      24.18      26.95        2.08   962.23   0.539
  S276                      49.99       0.00       0.00       4.22       2.56      16.52      19.08        1.08   512.69   0.382
  S277                      49.99       0.00       0.00       4.27       1.93       8.72      10.65        5.97  3183.51   0.213
  S278                      49.99       0.00       0.00       4.21       2.65      19.70      22.35        1.11   522.91   0.447
  S279                      49.99       0.00       0.00       4.45       0.00      17.52      17.52        0.43   226.51   0.350
  S280                      49.99       0.00       0.00       3.50       9.67      15.05      24.72        2.07   873.82   0.494
  S281                      49.99       0.00       0.00       3.58       8.92      18.79      27.71        1.96   853.82   0.554
  S282                      49.99       0.00       0.00       4.25       2.26      21.25      23.51        0.45   211.89   0.470
  S283                      49.99       0.00       0.00       2.22      21.73      12.73      34.46        2.26  1023.63   0.689
  S284                      49.99       0.00       0.00       4.06       4.14      27.07      31.21        0.55   264.53   0.624
  S285                      49.99       0.00       0.00       4.23       2.42      31.32      33.74        0.27   138.72   0.675
  S286                      49.99       0.00       0.00       4.12       3.55      20.58      24.13        1.54   701.05   0.483
  S287                      49.99       0.00       0.00       2.80      16.45      16.87      33.32        1.25   570.11   0.667
  S288                      49.99       0.00       0.00       3.02      14.50      19.41      33.92        1.06   494.33   0.678
  S289                      49.99       0.00       0.00       2.31      21.35      14.03      35.37        1.03   481.20   0.708
  S290                      49.99       0.00       0.00       1.22      32.97       8.34      41.32        0.71   354.00   0.826
  S291                      49.99       0.00       0.00       3.33      11.37      20.32      31.69        1.80   825.42   0.634
  S292                      49.99       0.00       0.00       4.23       2.41      17.05      19.46        4.18  1959.67   0.389
  S293                      49.99       0.00       0.00       2.27      21.54      13.18      34.72        1.57   716.98   0.695
  S294                      49.99       0.00       0.00       1.02      34.43       6.58      41.01        0.98   481.73   0.820
  S295                      49.99       0.00       0.00       1.45      29.89       9.10      38.99        1.29   622.28   0.780
  S296                      49.99       0.00       0.00       2.28      21.50      13.73      35.23        1.37   636.23   0.705
  S297                      49.99       0.00       0.00       1.41      29.36       8.10      37.46        1.44   673.40   0.749
  S298                      49.99       0.00       0.00       1.80      27.25      12.52      39.77        0.84   424.24   0.796
  S299                      49.99       0.00       0.00       3.90       5.96      14.65      20.61        0.92   399.42   0.412
  S300                      49.99       0.00       0.00       4.24       2.27      27.90      30.17        0.55   267.30   0.604
  S301                      49.99       0.00       0.00       3.44      10.37      21.32      31.69        1.24   570.96   0.634
  S302                      49.99       0.00       0.00       1.87      25.36      11.28      36.64        1.71   803.67   0.733
  S303                      49.99       0.00       0.00       1.18      31.55       6.78      38.34        2.77  1304.18   0.767
  S304                      49.99       0.00       0.00       1.80      26.40      10.35      36.75        0.98   457.84   0.735
  S305                      49.99       0.00       0.00       3.40      10.94      17.69      28.62        2.97  1280.43   0.573
  S306                      49.99       0.00       0.00       1.67      26.91       9.59      36.50        1.00   462.47   0.730
  S307                      49.99       0.00       0.00       2.03      23.13      10.75      33.89        1.64   734.25   0.678
  S308                      49.99       0.00       0.00       3.77       7.11      22.95      30.05        0.66   303.33   0.601
  S309                      49.99       0.00       0.00       3.89       6.01      27.11      33.13        0.76   369.81   0.663
  S310                      49.99       0.00       0.00       3.41      10.67      20.10      30.77        0.85   383.80   0.615
  S311                      49.99       0.00       0.00       4.40       0.57      14.31      14.88        1.37   727.13   0.298
  S312                      49.99       0.00       0.00       3.02      15.14      12.64      27.78        1.54   631.84   0.556
  S313                      49.99       0.00       0.00       3.88       6.14      19.96      26.09        1.15   509.26   0.522
  S314                      49.99       0.00       0.00       2.80      15.86      14.38      30.24        2.82  1250.93   0.605
  S315                      49.99       0.00       0.00       2.20      22.32      13.49      35.82        1.79   837.61   0.717
  S316                      49.99       0.00       0.00       4.33       1.33       6.53       7.86        9.51  5345.00   0.157
  S317                      49.99       0.00       0.00       1.56      27.96       8.95      36.91        1.82   844.98   0.738
  S318                      49.99       0.00       0.00       3.34      11.18      19.65      30.83        0.41   184.29   0.617
  S319                      49.99       0.00       0.00       4.16       3.11       9.58      12.69        3.63  1805.51   0.254
  S320                      49.99       0.00       0.00       4.17       3.04       9.68      12.72        3.86  1929.53   0.254
  S321                      49.99       0.00       0.00       4.35       1.06       3.88       4.94       16.13  9158.17   0.099
  S323                      49.99       0.00       0.00       2.58      17.83      13.36      31.18        2.87  1283.07   0.624
  S324                      49.99       0.00       0.00       0.89      36.35       6.05      42.40        1.13   564.91   0.848
  S325                      49.99       0.00       0.00       2.09      23.41      12.36      35.78        1.84   856.15   0.716
  S326                      49.99       0.00       0.00       3.91       5.12       6.79      11.91       13.81  6284.19   0.238
  S327                      49.99       0.00       0.00       3.86       6.41      22.41      28.82        0.59   268.19   0.577
  S328                      49.99       0.00       0.00       3.30      11.68      10.42      22.10        4.83  1918.98   0.442
  S329                      49.99       0.00       0.00       4.18       2.89      22.30      25.19        1.33   609.55   0.504
  S331                      49.99       0.00       0.00       4.20       2.71       6.54       9.24        8.72  4424.73   0.185
  S333                      49.99       0.00       0.00       4.21       2.61      18.25      20.86        1.56   723.20   0.417
  S334                      49.99       0.00       0.00       4.00       4.71      15.55      20.26        1.72   769.36   0.405
  S335                      49.99       0.00       0.00       4.26       2.05       9.45      11.50        2.11  1115.35   0.230
  S336                      49.99       0.00       0.00       2.05      22.41      10.31      32.72        2.96  1325.44   0.654
  S350                      49.99       0.00       0.00       1.78      22.71       7.01      29.72        5.03  2211.02   0.594
  S351                      49.99       0.00       0.00       1.15      34.26       8.06      42.31        1.03   521.38   0.846
  S353                      49.99       0.00       0.00       0.89      35.97       5.87      41.84        1.41   701.57   0.837
  S354                      49.99       0.00       0.00       1.63      28.55      10.84      39.39        0.91   451.49   0.788
  S355                      49.99       0.00       0.00       3.34      10.19      13.23      23.41        2.66  1152.56   0.468
  S356                      49.99       0.00       0.00       2.96      12.72      10.07      22.79        4.25  1847.45   0.456
  
  
  ******************
  Node Depth Summary
  ******************
  
  ---------------------------------------------------------------------------------
                                 Average  Maximum  Maximum  Time of Max    Reported
                                   Depth    Depth      HGL   Occurrence   Max Depth
  Node                 Type       Meters   Meters   Meters  days hr:min      Meters
  ---------------------------------------------------------------------------------
  J4                   JUNCTION     0.28     0.44    78.06     0  00:59        0.43
  J5                   JUNCTION     2.23     4.04    97.03     0  00:59        4.03
  J6                   JUNCTION     1.23     2.18    98.21     0  00:59        2.18
  J7                   JUNCTION     0.67     0.89   103.68     0  00:59        0.88
  J8                   JUNCTION     0.60     1.02   103.85     0  00:59        0.99
  J9                   JUNCTION     0.73     1.05    93.02     0  00:59        1.01
  J10                  JUNCTION     0.76     1.17    93.13     0  00:59        1.12
  J11                  JUNCTION     0.15     0.22   101.13     0  00:35        0.22
  J12                  JUNCTION     0.29     0.42   101.41     0  00:32        0.42
  J13                  JUNCTION     0.29     0.46    93.10     0  00:37        0.46
  J14                  JUNCTION     0.34     0.52    94.35     0  00:34        0.52
  J15                  JUNCTION     1.51     2.57    88.64     0  00:59        2.47
  J16                  JUNCTION     1.82     3.09    89.17     0  00:59        2.97
  J17                  JUNCTION     0.30     0.44    96.76     0  00:38        0.44
  J18                  JUNCTION     0.25     0.37    97.47     0  00:33        0.37
  J19                  JUNCTION     0.13     0.19   101.44     0  00:35        0.19
  J20                  JUNCTION     0.06     0.10   101.83     0  00:31        0.09
  J21                  JUNCTION     0.33     0.52    99.48     0  00:35        0.52
  J22                  JUNCTION     0.63     1.91   101.97     0  00:30        1.90
  J23                  JUNCTION     1.74     3.30    97.44     0  00:59        3.19
  J24                  JUNCTION     3.70     6.32    79.87     0  00:59        6.11
  J25                  JUNCTION     0.32     0.50    86.13     0  00:41        0.49
  J26                  JUNCTION     3.62     5.69    92.56     0  00:59        5.46
  J27                  JUNCTION     1.23     1.86    94.53     0  00:59        1.84
  J28                  JUNCTION     1.90     3.40   101.65     0  00:59        3.29
  J29                  JUNCTION     1.78     2.94   102.75     0  00:59        2.93
  J30                  JUNCTION     1.12     2.10   103.38     0  00:31        2.10
  J31                  JUNCTION     1.12     1.93   103.27     0  00:59        1.91
  J32                  JUNCTION     2.82     4.68   103.41     0  00:59        4.56
  J33                  JUNCTION     0.30     0.46   101.88     0  00:36        0.46
  J34                  JUNCTION     1.76     3.82   117.60     0  00:59        3.41
  J35                  JUNCTION     2.06     4.12   118.32     0  00:59        3.80
  J36                  JUNCTION     1.08     3.80   123.03     0  00:29        2.07
  J37                  JUNCTION     0.09     0.14   123.13     0  00:55        0.14
  J38                  JUNCTION     1.30     2.15   123.14     0  00:59        2.11
  J39                  JUNCTION     1.10     1.90   123.16     0  00:59        1.88
  J40                  JUNCTION     1.67     2.85   124.05     0  00:47        2.85
  J41                  JUNCTION     0.36     0.76   124.12     0  00:46        0.76
  J42                  JUNCTION     0.31     0.44   120.56     0  00:45        0.44
  J43                  JUNCTION     0.36     0.53   113.41     0  00:45        0.53
  J44                  JUNCTION     0.10     0.16   115.56     0  00:50        0.16
  J45                  JUNCTION     0.34     0.53   109.52     0  00:45        0.53
  J46                  JUNCTION     0.42     0.63    99.05     0  00:46        0.63
  J47                  JUNCTION     1.25     2.03   105.13     0  00:59        1.99
  J48                  JUNCTION     0.10     0.18   105.24     0  00:59        0.18
  J49                  JUNCTION     2.01     3.49   105.76     0  00:59        3.45
  J50                  JUNCTION     2.28     3.81   104.07     0  00:59        3.66
  J51                  JUNCTION     0.52     1.80   107.37     0  00:49        1.80
  J52                  JUNCTION     0.92     2.20   106.09     0  00:59        2.20
  J53                  JUNCTION     0.17     0.24   105.36     0  00:30        0.24
  J54                  JUNCTION     0.37     0.54   101.02     0  00:33        0.54
  J55                  JUNCTION     0.38     0.56   101.26     0  00:33        0.56
  J56                  JUNCTION     0.51     0.75   101.95     0  00:37        0.75
  J57                  JUNCTION     1.72     2.86   103.70     0  00:59        2.75
  J58                  JUNCTION     0.56     0.86    99.77     0  00:47        0.86
  J59                  JUNCTION     2.75     4.16    96.33     0  00:59        3.97
  J60                  JUNCTION     0.51     0.79    96.41     0  00:50        0.79
  J61                  JUNCTION     0.27     0.39    94.99     0  00:55        0.39
  J62                  JUNCTION     2.01     3.03    98.14     0  00:58        3.03
  J63                  JUNCTION     2.53     3.61    98.07     0  00:52        3.61
  J64                  JUNCTION     1.21     1.93    98.18     0  00:41        1.93
  J65                  JUNCTION     0.57     0.82   117.82     0  00:59        0.82
  J66                  JUNCTION     1.33     3.01   101.29     0  00:28        2.50
  J67                  JUNCTION     0.27     0.68   100.78     0  00:50        0.68
  J68                  JUNCTION     0.18     0.26    97.30     0  00:30        0.26
  J69                  JUNCTION     0.28     0.41    89.02     0  00:35        0.41
  J70                  JUNCTION     0.31     0.49    92.04     0  00:40        0.49
  J71                  JUNCTION     0.31     0.45    84.16     0  00:35        0.45
  J72                  JUNCTION     0.39     0.59    89.80     0  00:30        0.58
  J73                  JUNCTION     0.21     0.30    91.49     0  00:40        0.30
  J74                  JUNCTION     0.36     0.53    86.84     0  00:45        0.53
  J75                  JUNCTION     1.34     2.33    98.64     0  00:59        2.30
  J76                  JUNCTION     2.12     3.67   100.85     0  00:59        3.63
  J77                  JUNCTION     0.96     3.30   102.79     0  00:29        2.33
  J78                  JUNCTION     0.75     3.20   103.06     0  00:30        2.01
  J79                  JUNCTION     0.38     0.62   104.42     0  00:51        0.62
  J80                  JUNCTION     0.22     0.36   113.42     0  00:56        0.36
  J81                  JUNCTION     0.54     0.80   114.09     0  00:36        0.80
  J82                  JUNCTION     0.24     0.35   112.22     0  00:40        0.35
  J83                  JUNCTION     0.83     1.18    94.83     0  00:59        1.14
  J84                  JUNCTION     1.86     2.45   105.70     0  00:59        2.39
  J85                  JUNCTION     0.16     0.23   107.53     0  00:30        0.23
  J86                  JUNCTION     0.19     0.27   109.29     0  00:35        0.27
  J87                  JUNCTION     0.25     0.38    96.93     0  00:32        0.37
  J88                  JUNCTION     0.27     0.40   101.55     0  00:31        0.39
  J89                  JUNCTION     0.18     0.26   109.59     0  00:30        0.25
  J90                  JUNCTION     0.75     1.22    64.54     0  00:45        1.22
  J91                  JUNCTION     1.03     1.80    46.30     0  00:59        1.74
  J92                  JUNCTION     1.61     2.91    34.17     0  00:59        2.75
  J93                  JUNCTION     0.34     0.45    30.50     0  00:33        0.45
  J94                  JUNCTION     0.38     0.51    29.66     0  00:32        0.51
  J95                  JUNCTION     1.59     2.40    32.65     0  00:59        2.36
  J96                  JUNCTION     0.29     0.41    41.29     0  00:44        0.41
  J97                  JUNCTION     0.31     0.46    93.77     0  00:31        0.45
  J98                  JUNCTION     0.38     0.61    63.00     0  00:33        0.61
  J99                  JUNCTION     0.28     0.41    45.02     0  00:44        0.41
  J100                 JUNCTION     0.89     1.64    45.41     0  00:59        1.56
  J101                 JUNCTION     1.62     3.60    45.91     0  00:59        3.39
  J102                 JUNCTION     1.45     2.51    45.53     0  00:59        2.40
  J103                 JUNCTION     0.30     0.45    54.74     0  00:30        0.44
  J104                 JUNCTION     0.14     0.20   100.51     0  00:30        0.20
  J105                 JUNCTION     0.38     0.57    63.98     0  00:45        0.57
  J106                 JUNCTION     0.74     1.16    36.33     0  00:59        1.12
  J107                 JUNCTION     0.46     0.94    32.31     0  00:59        0.89
  J108                 JUNCTION     1.37     2.36    33.71     0  00:59        2.26
  J109                 JUNCTION     0.71     1.01    33.85     0  00:59        0.99
  J110                 JUNCTION     1.63     2.46    32.28     0  00:59        2.44
  J111                 JUNCTION     0.48     0.82    32.29     0  00:59        0.80
  J112                 JUNCTION     2.68     3.79    31.78     0  00:59        3.70
  J113                 JUNCTION     1.44     2.29    31.54     0  00:59        2.20
  J114                 JUNCTION     1.30     2.11    31.67     0  00:59        2.02
  J115                 JUNCTION     1.34     2.15    32.06     0  00:59        2.07
  J116                 JUNCTION     2.88     3.83    31.10     0  00:59        3.79
  J117                 JUNCTION     0.89     1.43    31.44     0  00:59        1.38
  J118                 JUNCTION     1.08     1.55    31.37     0  00:59        1.51
  J119                 JUNCTION     1.06     1.62    31.26     0  00:59        1.58
  J120                 JUNCTION     1.08     1.64    31.15     0  00:59        1.60
  J121                 JUNCTION     1.48     1.88    31.57     0  00:59        1.87
  J122                 JUNCTION     0.42     0.60    31.10     0  00:47        0.59
  J123                 JUNCTION     1.64     2.15    28.91     0  00:31        2.14
  J124                 JUNCTION     0.37     0.56    28.71     0  00:30        0.56
  J125                 JUNCTION     0.30     0.44    30.24     0  00:31        0.44
  J126                 JUNCTION     0.39     0.60    31.90     0  00:30        0.59
  J127                 JUNCTION     0.77     1.11    31.08     0  00:37        1.10
  J128                 JUNCTION     0.67     1.01    31.16     0  00:41        1.01
  J129                 JUNCTION     0.58     0.84    20.89     0  00:58        0.84
  J130                 JUNCTION     2.22     3.09    21.63     0  00:59        3.07
  J131                 JUNCTION     0.15     0.21    30.48     0  00:40        0.21
  J132                 JUNCTION     1.44     1.95    21.54     0  00:59        1.91
  J133                 JUNCTION     0.12     0.17    31.51     0  00:30        0.17
  J134                 JUNCTION     0.74     1.15    31.08     0  00:59        1.11
  J135                 JUNCTION     0.97     1.41    31.23     0  00:16        1.40
  J136                 JUNCTION     1.06     1.56    31.23     0  00:59        1.53
  J137                 JUNCTION     2.01     2.76    31.23     0  00:59        2.73
  J138                 JUNCTION     1.75     2.32    30.69     0  00:59        2.29
  J139                 JUNCTION     1.34     2.06    31.37     0  00:59        1.99
  J140                 JUNCTION     1.05     2.03    32.67     0  00:59        1.86
  J141                 JUNCTION     1.11     1.86    31.77     0  00:59        1.78
  J142                 JUNCTION     2.39     3.61    31.71     0  00:59        3.60
  J143                 JUNCTION     2.42     3.58    31.59     0  00:59        3.54
  J144                 JUNCTION     1.57     2.43    31.72     0  00:59        2.39
  J145                 JUNCTION     1.95     2.98    31.63     0  00:59        2.94
  J146                 JUNCTION     1.45     2.30    31.63     0  00:59        2.28
  J147                 JUNCTION     1.78     2.66    31.81     0  00:59        2.62
  J148                 JUNCTION     0.98     1.62    31.81     0  00:59        1.58
  J149                 JUNCTION     1.49     2.22    31.81     0  00:59        2.18
  J150                 JUNCTION     2.02     2.95    31.92     0  00:59        2.91
  J151                 JUNCTION     0.20     0.39    31.12     0  00:59        0.36
  J152                 JUNCTION     1.87     2.81    32.12     0  00:59        2.76
  J153                 JUNCTION     1.12     1.81    32.12     0  00:59        1.76
  J154                 JUNCTION     2.23     3.14    32.44     0  00:59        3.09
  J155                 JUNCTION     1.34     2.03    32.54     0  00:59        1.99
  J156                 JUNCTION     1.46     2.22    32.37     0  00:59        2.16
  J157                 JUNCTION     1.38     2.12    32.37     0  00:59        2.06
  J158                 JUNCTION     0.13     0.29    32.37     0  00:59        0.24
  J159                 JUNCTION     1.22     1.86    32.83     0  00:59        1.83
  J160                 JUNCTION     1.17     1.88    32.26     0  00:59        1.83
  J161                 JUNCTION     1.57     2.43    32.26     0  00:59        2.38
  J162                 JUNCTION     1.92     3.08    32.22     0  00:59        2.99
  J163                 JUNCTION     2.16     3.14    31.77     0  00:59        3.09
  J164                 JUNCTION     0.34     0.72    31.62     0  00:59        0.66
  J165                 JUNCTION     1.46     2.29    31.77     0  00:59        2.24
  J166                 JUNCTION     0.26     0.55    31.62     0  00:59        0.49
  J167                 JUNCTION     0.67     1.17    31.92     0  00:59        1.13
  J168                 JUNCTION     2.08     3.08    31.01     0  00:59        3.05
  J169                 JUNCTION     1.62     2.48    31.01     0  00:59        2.44
  J170                 JUNCTION     2.64     3.64    30.81     0  00:59        3.61
  J171                 JUNCTION     0.29     0.51    30.65     0  00:59        0.50
  J172                 JUNCTION     0.97     1.32    30.70     0  00:59        1.29
  J173                 JUNCTION     0.14     0.20    27.98     0  00:40        0.20
  J174                 JUNCTION     2.24     3.51    32.19     0  00:59        3.42
  J175                 JUNCTION     2.35     3.62    32.21     0  00:59        3.53
  J176                 JUNCTION     2.10     3.36    32.20     0  00:59        3.26
  J177                 JUNCTION     1.02     2.05    31.95     0  00:59        1.92
  J178                 JUNCTION     0.41     0.95    31.55     0  00:59        0.89
  J179                 JUNCTION     1.91     2.98    31.31     0  00:59        2.92
  J180                 JUNCTION     2.49     3.77    32.31     0  00:59        3.67
  J181                 JUNCTION     0.84     1.34    32.63     0  00:59        1.27
  J182                 JUNCTION     0.80     1.83    32.63     0  00:59        1.67
  J183                 JUNCTION     2.42     3.66    32.24     0  00:59        3.57
  J184                 JUNCTION     0.57     1.14    32.02     0  00:59        1.06
  J185                 JUNCTION     1.99     3.17    32.28     0  00:59        3.08
  J186                 JUNCTION     0.65     1.03    33.83     0  00:59        1.02
  J187                 JUNCTION     1.91     2.68    35.46     0  00:59        2.67
  J188                 JUNCTION     0.25     0.41    35.75     0  00:31        0.40
  J189                 JUNCTION     1.90     2.80    35.32     0  00:18        2.80
  J190                 JUNCTION     2.39     3.36    30.93     0  00:59        3.30
  J191                 JUNCTION     0.67     0.94    30.54     0  00:59        0.91
  J192                 JUNCTION     0.28     0.35    27.95     0  00:42        0.35
  J193                 JUNCTION     1.02     1.90    29.94     0  00:46        1.90
  J194                 JUNCTION     0.68     1.30    29.77     0  00:46        1.30
  J195                 JUNCTION     0.70     1.09    29.62     0  00:59        1.06
  J196                 JUNCTION     1.54     2.26    29.93     0  00:59        2.21
  J197                 JUNCTION     0.94     1.39    29.52     0  00:59        1.35
  J198                 JUNCTION     0.71     2.20    30.60     0  00:18        0.86
  J199                 JUNCTION     1.54     2.53    30.21     0  00:59        2.46
  J200                 JUNCTION     1.56     3.29    32.43     0  00:59        3.10
  J201                 JUNCTION     1.50     2.41    30.64     0  00:59        2.38
  J202                 JUNCTION     1.43     2.21    31.00     0  00:50        2.21
  J203                 JUNCTION     0.30     0.40    28.28     0  00:49        0.40
  J204                 JUNCTION     2.10     3.20    32.94     0  00:59        3.13
  J205                 JUNCTION     1.71     2.38    32.60     0  00:59        2.33
  J206                 JUNCTION     0.27     0.36    27.81     0  00:31        0.35
  J207                 JUNCTION     0.84     2.60    30.16     0  00:21        1.19
  J208                 JUNCTION     1.24     1.70    30.09     0  00:59        1.70
  J209                 JUNCTION     1.49     1.88    29.91     0  00:59        1.86
  J210                 JUNCTION     1.21     1.70    30.27     0  00:59        1.70
  J211                 JUNCTION     1.08     1.52    30.26     0  00:59        1.51
  J212                 JUNCTION     0.45     0.69    29.37     0  00:30        0.69
  J213                 JUNCTION     0.34     0.53    29.11     0  00:31        0.52
  J214                 JUNCTION     1.24     1.85    30.64     0  00:59        1.83
  J215                 JUNCTION     2.24     3.07    29.64     0  00:59        3.04
  J216                 JUNCTION     2.74     3.88    29.93     0  00:59        3.87
  J217                 JUNCTION     0.33     0.45    26.30     0  00:40        0.45
  J218                 JUNCTION     0.99     1.45    29.36     0  00:59        1.42
  J219                 JUNCTION     0.28     0.41    28.43     0  00:50        0.41
  J220                 JUNCTION     0.30     0.48    27.60     0  00:59        0.48
  J221                 JUNCTION     0.51     0.94    27.97     0  00:36        0.84
  J222                 JUNCTION     0.64     1.30    29.10     0  00:35        1.30
  J223                 JUNCTION     2.24     3.46    31.15     0  00:59        3.38
  J224                 JUNCTION     0.76     1.55    38.92     0  00:59        1.46
  J225                 JUNCTION     0.37     0.58    37.94     0  00:30        0.57
  J226                 JUNCTION     0.38     0.60    37.16     0  00:30        0.59
  J227                 JUNCTION     1.62     3.22    39.38     0  00:59        3.14
  J228                 JUNCTION     0.52     0.83    48.13     0  00:59        0.83
  J229                 JUNCTION     0.10     0.14    32.56     0  00:30        0.14
  J230                 JUNCTION     0.11     0.17    32.33     0  00:30        0.17
  J231                 JUNCTION     0.07     0.10    32.71     0  00:30        0.10
  J232                 JUNCTION     0.23     0.31    32.17     0  00:30        0.31
  J233                 JUNCTION     0.14     0.19    31.63     0  00:31        0.19
  J234                 JUNCTION     0.05     0.07    31.75     0  00:30        0.07
  J235                 JUNCTION     0.39     0.51    33.25     0  00:35        0.51
  J236                 JUNCTION     0.64     0.86    33.73     0  00:59        0.85
  J237                 JUNCTION     0.45     0.60    32.40     0  00:30        0.60
  J238                 JUNCTION     0.20     0.29    33.12     0  00:30        0.29
  J239                 JUNCTION     0.47     0.63    32.45     0  00:30        0.63
  J240                 JUNCTION     0.25     0.38    32.11     0  00:39        0.38
  J241                 JUNCTION     0.57     1.01    33.23     0  00:59        1.01
  J242                 JUNCTION     0.33     0.50    32.15     0  00:32        0.49
  J243                 JUNCTION     0.21     0.30    31.37     0  00:32        0.30
  J244                 JUNCTION     0.21     0.27    31.05     0  00:30        0.27
  J245                 JUNCTION     0.78     1.13    32.38     0  00:50        1.13
  J246                 JUNCTION     0.21     0.29    32.49     0  00:30        0.29
  J247                 JUNCTION     0.41     0.61    30.73     0  00:30        0.61
  J248                 JUNCTION     0.30     0.67    32.09     0  00:59        0.63
  out1                 OUTFALL      0.60     0.75    22.75     0  00:59        0.75
  out2                 OUTFALL      0.48     0.75   100.75     0  00:53        0.75
  out3                 OUTFALL      0.50     0.80    30.80     0  00:35        0.80
  out4                 OUTFALL      0.30     0.48    25.48     0  00:59        0.48
  out5                 OUTFALL      0.33     0.45    21.45     0  00:40        0.45
  out6                 OUTFALL      0.00     0.00     0.00     0  00:00        0.00
  out7                 OUTFALL      0.26     0.35    25.35     0  00:31        0.35
  out8                 OUTFALL      0.51     0.79    90.79     0  00:50        0.79
  out9                 OUTFALL      0.63     0.75    80.75     0  00:59        0.75
  out10                OUTFALL      0.30     0.44    25.44     0  00:31        0.43
  out11                OUTFALL      0.23     0.31    29.31     0  00:30        0.31
  out12                OUTFALL      0.05     0.07    29.07     0  00:30        0.07
  out13                OUTFALL      0.14     0.19    29.19     0  00:31        0.19
  out14                OUTFALL      0.11     0.17    30.17     0  00:30        0.17
  out15                OUTFALL      0.10     0.14    28.14     0  00:30        0.14
  out16                OUTFALL      0.25     0.38    28.38     0  00:39        0.38
  out17                OUTFALL      0.00     0.00     0.00     0  00:00        0.00
  out18                OUTFALL      0.38     0.51    25.51     0  00:32        0.51
  out19                OUTFALL      0.59     0.80    32.80     0  00:24        0.80
  out20                OUTFALL      0.00     0.00     0.00     0  00:00        0.00
  out21                OUTFALL      0.29     0.39    25.39     0  00:49        0.39
  out22                OUTFALL      0.27     0.41    26.41     0  00:50        0.41
  out23                OUTFALL      0.21     0.30    29.30     0  00:32        0.30
  out24                OUTFALL      0.21     0.27    27.27     0  00:30        0.27
  out25                OUTFALL      0.21     0.29    29.29     0  00:30        0.29
  out26                OUTFALL      0.15     0.21    28.21     0  00:40        0.21
  out27                OUTFALL      0.21     0.30    90.30     0  00:40        0.30
  out28                OUTFALL      0.14     0.20    25.20     0  00:40        0.20
  out29                OUTFALL      0.29     0.51    26.51     0  00:59        0.50
  out30                OUTFALL      0.00     0.00     0.00     0  00:00        0.00
  out31                OUTFALL      0.00     0.00     0.00     0  00:00        0.00
  out32                OUTFALL      0.38     0.60    32.60     0  00:31        0.58
  out33                OUTFALL      0.00     0.00     0.00     0  00:00        0.00
  out34                OUTFALL      0.37     0.56    26.56     0  00:30        0.56
  out35                OUTFALL      0.63     0.80    70.80     0  00:20        0.80
  out36                OUTFALL      0.27     0.44    77.44     0  00:59        0.43
  out37                OUTFALL      0.00     0.00    28.00     0  00:00        0.00
  out38                OUTFALL      0.28     0.35    25.35     0  00:42        0.35
  out39                OUTFALL      0.30     0.48    23.48     0  00:59        0.48
  out40                OUTFALL      0.36     0.52    84.52     0  00:45        0.52
  out41                OUTFALL      0.27     0.39    90.39     0  00:55        0.39
  out42                OUTFALL      0.31     0.45    80.45     0  00:35        0.45
  out43                OUTFALL      0.30     0.40    22.40     0  00:49        0.40
  out45                OUTFALL      0.51     0.70    16.70     0  00:29        0.70
  vir1                 OUTFALL      0.00     0.00    20.00     0  00:00        0.00
  vir2                 OUTFALL      0.00     0.00    20.00     0  00:00        0.00
  vir3                 OUTFALL      0.00     0.00    20.00     0  00:00        0.00
  vir4                 OUTFALL      0.00     0.00    25.00     0  00:00        0.00
  vir5                 OUTFALL      0.00     0.00    90.00     0  00:00        0.00
  vir6                 OUTFALL      0.00     0.00    90.00     0  00:00        0.00
  
  
  *******************
  Node Inflow Summary
  *******************
  
  -------------------------------------------------------------------------------------------------
                                  Maximum  Maximum                  Lateral       Total        Flow
                                  Lateral    Total  Time of Max      Inflow      Inflow     Balance
                                   Inflow   Inflow   Occurrence      Volume      Volume       Error
  Node                 Type           LPS      LPS  days hr:min    10^6 ltr    10^6 ltr     Percent
  -------------------------------------------------------------------------------------------------
  J4                   JUNCTION   9157.13 10820.38     0  00:59        14.8        18.6       0.510
  J5                   JUNCTION   1805.44  2516.38     0  00:59        3.36        5.25       5.648
  J6                   JUNCTION   1283.07  1283.07     0  00:35        2.74        2.74       2.844
  J7                   JUNCTION   6780.30  6780.30     0  00:59        14.6        14.6       1.159
  J8                   JUNCTION   2303.85  2303.85     0  00:40        5.03        5.03       3.607
  J9                   JUNCTION   1929.45  3461.36     0  00:59        3.57        8.02     -48.589
  J10                  JUNCTION   1841.80  3936.66     0  00:36        4.42        9.22     -48.772
  J11                  JUNCTION    462.47   462.47     0  00:30       0.958       0.958       7.883
  J12                  JUNCTION    767.78   767.78     0  00:30        1.62        1.62       2.981
  J13                  JUNCTION    570.96   829.76     0  00:35        1.18         1.7       7.171
  J14                  JUNCTION    354.00  1092.75     0  00:31       0.682        2.25       5.580
  J15                  JUNCTION    701.05  2572.93     0  00:40        1.45        5.32     -48.840
  J16                  JUNCTION    570.11  2436.38     0  00:34        1.19        4.95     -48.725
  J17                  JUNCTION    873.82  1071.52     0  00:35        1.96        2.37       3.309
  J18                  JUNCTION    761.08   811.31     0  00:30        1.57        1.67       3.087
  J19                  JUNCTION    210.23   210.23     0  00:35       0.418       0.418       1.868
  J20                  JUNCTION     53.58    53.58     0  00:30      0.0978      0.0978       2.843
  J21                  JUNCTION    856.46   856.46     0  00:30        1.78        1.78       2.876
  J22                  JUNCTION    138.72   729.74     0  00:29       0.262       0.281      17.278
  J23                  JUNCTION   4445.08  4992.83     0  00:55        8.46        10.2       2.412
  J24                  JUNCTION   7073.44 10052.05     0  00:59        13.1        20.5       1.588
  J25                  JUNCTION   1064.64  1064.64     0  00:40        2.28        2.28       3.741
  J26                  JUNCTION   6734.46  9367.24     0  00:59        13.1        20.6       1.923
  J27                  JUNCTION   2107.85  2107.85     0  00:30        4.31        4.31       3.234
  J28                  JUNCTION   2658.92  4485.44     0  00:40        5.61        9.96       1.258
  J29                  JUNCTION   1280.43  2208.78     0  00:35        2.82        4.85       1.061
  J30                  JUNCTION    457.84  1193.63     0  00:28       0.941        2.09       2.905
  J31                  JUNCTION   1309.63  1329.80     0  00:31         2.7        2.74       3.415
  J32                  JUNCTION   1020.04  1957.72     0  00:30        2.13        3.51     -49.193
  J33                  JUNCTION    734.25   734.25     0  00:35        1.57        1.57       7.655
  J34                  JUNCTION   5390.25  6756.57     0  00:59        10.6        14.8     -49.944
  J35                  JUNCTION     68.04  2207.53     0  00:29       0.128        5.01       0.902
  J36                  JUNCTION    744.84  2201.71     0  00:28        1.59        4.95       1.848
  J37                  JUNCTION    320.66   320.66     0  00:55       0.576       0.576       0.308
  J38                  JUNCTION    981.54  2696.80     0  00:43        2.07        5.73       1.607
  J39                  JUNCTION    565.19   565.19     0  00:35        1.14        1.14       0.914
  J40                  JUNCTION    609.87  1224.85     0  00:40        1.37        2.62       1.197
  J41                  JUNCTION    621.53   621.53     0  00:40        1.26        1.26       0.629
  J42                  JUNCTION   1242.62  1242.62     0  00:45        2.74        2.74       1.049
  J43                  JUNCTION    381.55  1899.56     0  00:45       0.787        4.06       1.360
  J44                  JUNCTION    303.08   303.08     0  00:50       0.561       0.561       0.360
  J45                  JUNCTION   1000.42  2898.87     0  00:45           2        6.01       1.963
  J46                  JUNCTION    629.21  5028.34     0  00:46        1.23        10.7       2.790
  J47                  JUNCTION   1620.01  3606.59     0  00:58        2.77        6.44       2.466
  J48                  JUNCTION    309.10   309.10     0  00:59        0.52        0.52       0.427
  J49                  JUNCTION   1414.49  1895.15     0  00:48        3.09        3.92       4.552
  J50                  JUNCTION   1056.95  2434.53     0  00:33        2.17        4.93     -46.691
  J51                  JUNCTION   1000.60  1000.60     0  00:40        2.17        2.17       2.098
  J52                  JUNCTION   1099.03  2276.74     0  00:49        2.18        4.41       4.623
  J53                  JUNCTION    415.90   415.90     0  00:30       0.812       0.812       0.924
  J54                  JUNCTION    927.22  1307.86     0  00:35        2.06        2.86       2.525
  J55                  JUNCTION    481.73  1083.67     0  00:32       0.946        2.38       2.176
  J56                  JUNCTION    647.84   647.84     0  00:35        1.48        1.48       3.052
  J57                  JUNCTION    267.30   793.11     0  00:15       0.527        1.01       6.722
  J58                  JUNCTION   1210.86  2274.44     0  00:32         2.5        4.83       1.556
  J59                  JUNCTION    622.28  2762.68     0  00:30        1.24        5.89     -49.828
  J60                  JUNCTION    727.13  5718.48     0  00:50        1.26        11.6       0.806
  J61                  JUNCTION    912.05  2246.79     0  00:55        1.64        4.93       0.604
  J62                  JUNCTION    631.84   631.84     0  00:30        1.47        1.47       0.635
  J63                  JUNCTION    509.26  1393.83     0  00:40        1.09        3.43      -1.377
  J64                  JUNCTION    564.91   564.91     0  00:30        1.09        1.09       2.288
  J65                  JUNCTION   2187.17  2187.17     0  00:35        5.12        5.12       3.697
  J66                  JUNCTION    347.85   875.34     0  00:50        0.69        1.68       0.000
  J67                  JUNCTION    529.17   529.17     0  00:50       0.976       0.976       0.680
  J68                  JUNCTION    424.24   424.24     0  00:30       0.811       0.811       1.883
  J69                  JUNCTION    515.74  2551.91     0  00:35        1.06        5.29       1.538
  J70                  JUNCTION    718.49   718.49     0  00:40        1.48        1.48       3.089
  J71                  JUNCTION    501.00  3049.26     0  00:35        1.04        6.25       0.227
  J72                  JUNCTION    975.53   975.53     0  00:30        2.01        2.01       0.436
  J73                  JUNCTION    619.42  1780.69     0  00:40        1.13        3.92       1.063
  J74                  JUNCTION   1114.82  3926.49     0  00:45        2.26        8.85       0.899
  J75                  JUNCTION    359.35  2588.48     0  00:27       0.661        5.69       1.816
  J76                  JUNCTION   1023.63  3299.19     0  00:37        2.16        6.93       1.947
  J77                  JUNCTION    245.69  1404.69     0  00:29       0.497        1.27       8.100
  J78                  JUNCTION    255.67  1060.60     0  00:29       0.522       0.531       2.075
  J79                  JUNCTION    500.32  1771.36     0  00:48        1.13        3.75       3.551
  J80                  JUNCTION    598.71   937.30     0  00:55       0.953        1.79       3.848
  J81                  JUNCTION    407.21   407.21     0  00:35       0.913       0.913       9.290
  J82                  JUNCTION   1068.81  1068.81     0  00:40        2.31        2.31       1.407
  J83                  JUNCTION   2203.83  3270.97     0  00:40        4.86        7.14     -49.710
  J84                  JUNCTION    471.53   965.08     0  00:30       0.966        1.91     -49.765
  J85                  JUNCTION    495.23   495.23     0  00:30       0.942       0.942       0.313
  J86                  JUNCTION    415.49   415.49     0  00:35       0.911       0.911       1.625
  J87                  JUNCTION    386.85  1251.99     0  00:31       0.746        2.44       2.455
  J88                  JUNCTION    403.47   876.84     0  00:30       0.782        1.72       1.758
  J89                  JUNCTION    481.99   481.99     0  00:30       0.952       0.952       1.077
  J90                  JUNCTION   1755.52  2994.68     0  00:32        3.93        6.31       4.074
  J91                  JUNCTION    819.01  3488.37     0  00:30        1.58        7.65       2.662
  J92                  JUNCTION    496.52  2590.69     0  00:25       0.956        6.34       4.382
  J93                  JUNCTION    488.98  1178.70     0  00:31       0.983        2.97       3.012
  J94                  JUNCTION    445.56  2696.72     0  00:32        0.89        6.71       1.602
  J95                  JUNCTION   1385.24  2837.51     0  00:32        2.82        6.27       4.156
  J96                  JUNCTION    402.83  1550.54     0  00:44       0.766         3.5       1.490
  J97                  JUNCTION   1749.90  1749.90     0  00:30         3.5         3.5       1.551
  J98                  JUNCTION    428.52  2154.46     0  00:31       0.857         4.3       2.669
  J99                  JUNCTION    458.24  2546.24     0  00:32       0.872        5.64       3.395
  J100                 JUNCTION   1173.95  1587.43     0  00:30        2.29        3.22       3.383
  J101                 JUNCTION   2915.69  5769.25     0  00:35        6.25        12.8       1.992
  J102                 JUNCTION   1195.21  3525.11     0  00:30        2.35        6.57       3.371
  J103                 JUNCTION   1368.83  1368.83     0  00:30        2.69        2.69       0.949
  J104                 JUNCTION    481.85   481.85     0  00:30       0.929       0.929       1.761
  J105                 JUNCTION   2102.11  2427.84     0  00:45        4.38        5.29       3.394
  J106                 JUNCTION   1064.56  3266.42     0  00:35        2.26         8.7       2.179
  J107                 JUNCTION    546.10  1537.95     0  00:39        1.15        3.67       3.625
  J108                 JUNCTION   1210.37  3141.37     0  00:30        2.43        7.62     -39.283
  J109                 JUNCTION   1868.54  1868.54     0  00:30        3.89        3.89       1.920
  J110                 JUNCTION    528.58  1806.15     0  00:30        1.06        3.11     -48.770
  J111                 JUNCTION    925.98  1798.15     0  00:32         1.8        4.07       7.640
  J112                 JUNCTION    496.64  1657.60     0  00:37        1.01        3.53     -38.405
  J113                 JUNCTION    573.96  1286.60     0  00:30         1.2        3.17       3.209
  J114                 JUNCTION    270.16  1330.09     0  00:54       0.538        2.74       4.735
  J115                 JUNCTION    348.21   818.18     0  00:35       0.711        1.72     -49.124
  J116                 JUNCTION    567.76   881.52     0  00:30        1.15        1.81     -42.665
  J117                 JUNCTION    933.92  1417.92     0  00:17        1.91        2.77       6.338
  J118                 JUNCTION    965.27   965.59     0  00:39        2.03        2.22     -47.064
  J119                 JUNCTION    266.02   967.65     0  00:16       0.528        1.53       7.110
  J120                 JUNCTION    445.73   924.30     0  00:14       0.915        1.89       5.115
  J121                 JUNCTION   1534.56  1534.56     0  00:30        3.02        3.03     -31.760
  J122                 JUNCTION    753.21  1421.62     0  00:41        1.49        3.39       3.827
  J123                 JUNCTION   1028.09  2238.48     0  00:30        1.99        5.16       0.000
  J124                 JUNCTION    558.53  2795.07     0  00:30        1.09        5.96       0.742
  J125                 JUNCTION    327.65  2185.57     0  00:30       0.644        4.52       0.612
  J126                 JUNCTION    868.17   868.17     0  00:30        1.74        1.74       1.386
  J127                 JUNCTION     76.24   586.61     0  00:50       0.152        1.26       0.000
  J128                 JUNCTION    526.46   526.46     0  00:35        1.12        1.12       0.954
  J129                 JUNCTION    970.08  1508.34     0  00:36        1.95        3.67       3.485
  J130                 JUNCTION   1134.06  1856.28     0  00:30        2.31        4.04     -32.197
  J131                 JUNCTION   1221.48  1221.48     0  00:40         2.7         2.7       0.288
  J132                 JUNCTION   1923.12  3214.50     0  00:35        4.21        7.37       1.201
  J133                 JUNCTION   1499.09  1499.09     0  00:30        2.92        2.92       0.050
  J134                 JUNCTION    975.39   975.39     0  00:30           2        2.21       3.270
  J135                 JUNCTION    246.25   714.44     0  00:16       0.473       0.751       9.874
  J136                 JUNCTION    411.76  1338.13     0  00:15       0.805        1.51      13.130
  J137                 JUNCTION    674.37  1163.37     0  00:14        1.45        1.67       8.983
  J138                 JUNCTION   2659.38  3154.12     0  00:45        5.81           7     -49.484
  J139                 JUNCTION   2340.97  3160.13     0  00:30        4.93        7.03     -48.568
  J140                 JUNCTION   6357.71  6357.71     0  00:50        13.8        13.8       0.767
  J141                 JUNCTION    876.80   876.80     0  00:30        1.77        1.89       1.821
  J142                 JUNCTION    254.05   375.92     0  00:17       0.528       0.567       9.164
  J143                 JUNCTION     50.66  1081.67     0  00:44      0.0946        1.18      -1.373
  J144                 JUNCTION    147.22  1006.24     0  00:18       0.293        1.39       3.358
  J145                 JUNCTION    142.18  1275.04     0  00:18       0.295        1.39       5.560
  J146                 JUNCTION    186.52   927.62     0  00:18       0.366       0.673       4.668
  J147                 JUNCTION    120.48   962.90     0  00:18       0.226        1.43       3.831
  J148                 JUNCTION    102.39   764.77     0  00:18       0.194        0.37       8.036
  J149                 JUNCTION     58.81   156.54     0  00:27        0.11       0.156     -35.425
  J150                 JUNCTION     79.71  1055.35     0  00:19        0.15        1.66     -15.092
  J151                 JUNCTION     25.10   518.14     0  00:59      0.0467       0.975       4.564
  J152                 JUNCTION    127.26  1079.48     0  00:26        0.24        1.95       3.222
  J153                 JUNCTION    202.81   384.77     0  00:31       0.382       0.511       4.385
  J154                 JUNCTION    145.96  1098.47     0  00:18       0.275        1.57     -29.104
  J155                 JUNCTION    109.31  1452.47     0  00:17       0.205        3.17       2.242
  J156                 JUNCTION    367.92   847.23     0  00:37       0.776        1.71       3.253
  J157                 JUNCTION    347.94   878.49     0  00:27        0.69         1.3       3.802
  J158                 JUNCTION    144.02   144.02     0  00:40        0.31        0.31       3.241
  J159                 JUNCTION     66.48  1201.09     0  00:17       0.124        3.11       2.782
  J160                 JUNCTION    173.47  1750.91     0  00:17       0.329        2.18       3.496
  J161                 JUNCTION    448.52  1131.07     0  00:17       0.952        1.33       4.233
  J162                 JUNCTION     78.03  3048.70     0  00:16       0.148        4.17       4.909
  J163                 JUNCTION    151.98   959.84     0  00:25       0.303           2     -24.868
  J164                 JUNCTION    202.68   805.36     0  00:58       0.387        1.67       4.196
  J165                 JUNCTION    132.33   578.90     0  00:16       0.256       0.389       6.596
  J166                 JUNCTION    105.30   105.30     0  00:30       0.199       0.199       8.811
  J167                 JUNCTION    256.61   395.05     0  00:31       0.509       0.653       4.244
  J168                 JUNCTION    153.78   869.12     0  00:55       0.304           2       2.968
  J169                 JUNCTION    220.31   743.68     0  00:16       0.429       0.659       1.574
  J170                 JUNCTION     88.58  1297.41     0  00:59       0.167        2.27      -9.578
  J171                 JUNCTION    409.52  1722.93     0  00:59       0.856        3.09       2.278
  J172                 JUNCTION   1282.76  1282.76     0  00:40         2.8         2.8     -46.675
  J173                 JUNCTION    464.00   464.00     0  00:40        0.97        0.97       0.235
  J174                 JUNCTION    120.07  1640.80     0  00:25       0.246        3.48       6.178
  J175                 JUNCTION    114.78  2523.85     0  00:25       0.218        5.08       2.858
  J176                 JUNCTION    157.49  1340.75     0  00:20       0.297        1.39       2.011
  J177                 JUNCTION    264.53  1080.93     0  00:33       0.526        2.27       1.074
  J178                 JUNCTION    140.50  1057.51     0  00:42       0.274        2.13       1.620
  J179                 JUNCTION    149.82  1176.01     0  00:42       0.309         2.3       1.706
  J180                 JUNCTION     47.59  2783.67     0  00:22      0.0896         6.4      -7.244
  J181                 JUNCTION   9618.24  9618.24     0  00:59        17.3        17.3       0.225
  J182                 JUNCTION   3304.88  3304.88     0  00:59        5.73        5.73       0.175
  J183                 JUNCTION     88.40  1189.96     0  00:20       0.161        2.25       6.338
  J184                 JUNCTION    604.16  1550.10     0  00:59        1.13         2.3       0.482
  J185                 JUNCTION    744.04  3526.30     0  00:33        1.44        7.66       2.757
  J186                 JUNCTION   1167.79  2828.73     0  00:35        2.52        6.52       3.575
  J187                 JUNCTION   2069.37  2537.50     0  00:35        4.69        5.69     -20.843
  J188                 JUNCTION    525.72   525.72     0  00:30        1.01        1.01       1.162
  J189                 JUNCTION    401.07  1244.41     0  00:19       0.812        3.12       4.808
  J190                 JUNCTION    163.34   887.42     0  00:17       0.326        1.99     -33.979
  J191                 JUNCTION   4159.73  4764.53     0  00:59        8.04         8.9       0.383
  J192                 JUNCTION    486.31  1722.93     0  00:42       0.958        4.52       0.301
  J193                 JUNCTION      0.00   694.63     0  00:53           0       0.921      -0.220
  J194                 JUNCTION      0.00   510.87     0  00:17           0       0.152      36.923
  J195                 JUNCTION    685.22  1068.13     0  00:37        1.37        2.54       4.395
  J196                 JUNCTION    286.19   926.04     0  00:40       0.563        2.29     -31.160
  J197                 JUNCTION   1504.13  2359.54     0  00:36        3.25        4.74     -48.930
  J198                 JUNCTION      0.00   717.22     0  00:18           0       0.709      17.645
  J199                 JUNCTION    693.06  1642.93     0  00:42        1.48        4.18       2.105
  J200                 JUNCTION   2398.47  2398.47     0  00:35        5.18        5.18       0.992
  J201                 JUNCTION    883.17  1458.67     0  00:30        1.78         2.9       4.948
  J202                 JUNCTION   1940.92  1940.92     0  00:35         4.2        4.22       3.883
  J203                 JUNCTION   2205.53  4669.59     0  00:48        4.74        11.2       0.822
  J204                 JUNCTION   2664.28  2664.28     0  00:40        5.75        6.53       1.499
  J205                 JUNCTION   7234.82  7844.26     0  00:59        14.1        14.8       0.201
  J206                 JUNCTION      0.00  2445.60     0  00:31           0        5.83       0.530
  J207                 JUNCTION    484.00  1623.85     0  00:30       0.928        4.28       1.336
  J208                 JUNCTION   1574.58  1982.70     0  00:34        3.31        4.43       2.418
  J209                 JUNCTION   4960.28  5637.76     0  00:54        10.1        11.7     -49.467
  J210                 JUNCTION   1061.37  1319.22     0  00:57        2.29        2.92       6.576
  J211                 JUNCTION    551.67   789.78     0  00:30        1.16        1.21       2.181
  J212                 JUNCTION    726.18   726.18     0  00:30        1.44        1.44       1.055
  J213                 JUNCTION    124.02   844.18     0  00:30       0.226        1.65       2.426
  J214                 JUNCTION   1387.37  1387.37     0  00:35        3.02        3.04       5.598
  J215                 JUNCTION   2698.57  3145.86     0  00:45        5.85        6.98     -44.608
  J216                 JUNCTION   3383.16  3383.16     0  00:55        7.02        7.02       1.084
  J217                 JUNCTION    807.57  2007.76     0  00:40        1.78        4.89       0.979
  J218                 JUNCTION   2029.14  2441.65     0  00:55        3.94        5.05       3.394
  J219                 JUNCTION   1091.99  1546.75     0  00:50        2.28        3.36       1.799
  J220                 JUNCTION   4886.86  5432.72     0  00:59        8.93        10.1       0.176
  J221                 JUNCTION     86.20   680.76     0  00:35       0.153        1.32       0.000
  J222                 JUNCTION    598.35   598.35     0  00:40        1.26        1.26       9.022
  J223                 JUNCTION   8341.51  8341.51     0  00:55        16.8        16.8       0.547
  J224                 JUNCTION    467.51   705.22     0  00:47       0.885        1.46       4.735
  J225                 JUNCTION    633.81   633.81     0  00:30        1.21        1.21       1.787
  J226                 JUNCTION   1061.39  1668.81     0  00:30        2.08        3.26       1.343
  J227                 JUNCTION    938.80  4199.76     0  00:32        2.03        8.34       1.903
  J228                 JUNCTION   4222.69  4222.69     0  00:59        7.97        7.97       0.563
  J229                 JUNCTION    322.46   322.46     0  00:30       0.614       0.614       0.295
  J230                 JUNCTION     84.83   356.42     0  00:30        0.16       0.608       0.639
  J231                 JUNCTION    102.60   102.60     0  00:30       0.194       0.194       0.527
  J232                 JUNCTION     66.38  1587.21     0  00:30       0.133        3.67       0.414
  J233                 JUNCTION    115.71   441.30     0  00:30        0.23       0.971       0.390
  J234                 JUNCTION     53.58    53.58     0  00:30       0.101       0.101       0.538
  J235                 JUNCTION    352.59  1078.88     0  00:35       0.739        2.66       0.850
  J236                 JUNCTION   4234.18  4234.18     0  00:59        6.71        6.71       0.337
  J237                 JUNCTION     76.37   443.57     0  00:30       0.143       0.921       0.000
  J238                 JUNCTION    451.10   451.10     0  00:30       0.878       0.878       0.318
  J239                 JUNCTION     53.55   503.14     0  00:30         0.1       0.979       2.165
  J240                 JUNCTION    157.53  1313.60     0  00:39       0.306        2.66       0.619
  J241                 JUNCTION   6522.75  6522.75     0  00:59        11.1        11.1       0.262
  J242                 JUNCTION    383.48   383.48     0  00:30       0.799       0.799       4.500
  J243                 JUNCTION    909.58  1271.60     0  00:32        1.87        2.63       0.735
  J244                 JUNCTION    293.14  1141.03     0  00:30       0.579         2.7       0.727
  J245                 JUNCTION   1107.18  1107.18     0  00:35        2.36        2.36       2.633
  J246                 JUNCTION   1008.53  1008.53     0  00:30         2.1         2.1       0.129
  J247                 JUNCTION    478.85  1010.17     0  00:30       0.979        2.19       1.371
  J248                 JUNCTION    268.66  1814.47     0  00:47       0.542        3.08       2.608
  out1                 OUTFALL       0.00  1788.83     0  00:59           0        4.82       0.000
  out2                 OUTFALL       0.00  1809.57     0  00:53           0         3.7       0.000
  out3                 OUTFALL       0.00  3476.20     0  00:38           0        7.21       0.000
  out4                 OUTFALL       0.00  2884.59     0  00:59           0        5.36       0.000
  out5                 OUTFALL       0.00  2007.76     0  00:40           0        4.84       0.000
  out6                 OUTFALL       0.00     0.00     0  00:00           0           0       0.000 ltr
  out7                 OUTFALL       0.00  2445.21     0  00:31           0         5.8       0.000
  out8                 OUTFALL       0.00  5718.41     0  00:50           0        11.6       0.000
  out9                 OUTFALL       0.00  1789.96     0  00:59           0           5       0.000
  out10                OUTFALL       0.00  2185.04     0  00:31           0        4.49       0.000
  out11                OUTFALL       0.00  1260.99     0  00:30           0        2.92       0.000
  out12                OUTFALL       0.00    53.45     0  00:30           0         0.1       0.000
  out13                OUTFALL       0.00   441.30     0  00:31           0       0.967       0.000
  out14                OUTFALL       0.00   355.71     0  00:30           0       0.601       0.000
  out15                OUTFALL       0.00   281.50     0  00:30           0       0.536       0.000
  out16                OUTFALL       0.00  1315.39     0  00:39           0        2.64       0.000
  out17                OUTFALL       0.00     0.00     0  00:00           0           0       0.000 ltr
  out18                OUTFALL       0.00  2696.06     0  00:32           0         6.6       0.000
  out19                OUTFALL       0.00  2515.53     0  00:59           0        6.01       0.000
  out20                OUTFALL       0.00     0.00     0  00:00           0           0       0.000 ltr
  out21                OUTFALL       0.00  3724.59     0  00:49           0         8.9       0.000
  out22                OUTFALL       0.00  1546.49     0  00:50           0         3.3       0.000
  out23                OUTFALL       0.00  1271.46     0  00:32           0        2.61       0.000
  out24                OUTFALL       0.00  1140.15     0  00:30           0        2.68       0.000
  out25                OUTFALL       0.00  1009.51     0  00:30           0         2.1       0.000
  out26                OUTFALL       0.00   702.50     0  00:40           0        1.55       0.000
  out27                OUTFALL       0.00  1085.43     0  00:40           0        2.36       0.000
  out28                OUTFALL       0.00   463.99     0  00:40           0       0.968       0.000
  out29                OUTFALL       0.00  1717.72     0  00:59           0        2.98       0.000
  out30                OUTFALL       0.00     0.00     0  00:00           0           0       0.000 ltr
  out31                OUTFALL       0.00     0.00     0  00:00           0           0       0.000 ltr
  out32                OUTFALL       0.00  1658.15     0  00:31           0        3.22       0.000
  out33                OUTFALL       0.00     0.00     0  00:00           0           0       0.000 ltr
  out34                OUTFALL       0.00  2789.40     0  00:30           0        5.89       0.000
  out35                OUTFALL       0.00  3362.56     0  00:59           0        8.43       0.000
  out36                OUTFALL       0.00 10902.81     0  00:59           0        18.5       0.000
  out37                OUTFALL       0.00     0.00     0  00:00           0           0       0.000 ltr
  out38                OUTFALL       0.00  1722.93     0  00:42           0         4.5       0.000
  out39                OUTFALL       0.00  2547.36     0  00:59           0        4.74       0.000
  out40                OUTFALL       0.00  3926.10     0  00:45           0        8.77       0.000
  out41                OUTFALL       0.00  2246.77     0  00:55           0         4.9       0.000
  out42                OUTFALL       0.00  3049.45     0  00:35           0        6.24       0.000
  out43                OUTFALL       0.00   945.00     0  00:49           0        2.25       0.000
  out45                OUTFALL       0.00  1361.68     0  00:29           0        3.34       0.000
  vir1                 OUTFALL    1366.54  1366.54     0  00:50        2.79        2.79       0.000
  vir2                 OUTFALL    4567.72  4567.72     0  00:59         8.7         8.7       0.000
  vir3                 OUTFALL     808.91   808.91     0  00:40        1.75        1.75       0.000
  vir4                 OUTFALL     648.49   648.49     0  00:35         1.3         1.3       0.000
  vir5                 OUTFALL    1325.44  1325.44     0  00:35        2.82        2.82       0.000
  vir6                 OUTFALL    1115.29  1115.29     0  00:59        1.94        1.94       0.000
  
  
  **********************
  Node Surcharge Summary
  **********************
  
  Surcharging occurs when water rises above the top of the highest conduit.
  ---------------------------------------------------------------------
                                               Max. Height   Min. Depth
                                   Hours       Above Crown    Below Rim
  Node                 Type      Surcharged         Meters       Meters
  ---------------------------------------------------------------------
  J5                   JUNCTION        0.52          3.239        0.000
  J6                   JUNCTION        0.51          1.384        0.000
  J7                   JUNCTION        0.69          0.090        0.000
  J8                   JUNCTION        0.52          0.221        0.000
  J9                   JUNCTION        0.74          0.247        0.000
  J10                  JUNCTION        0.72          0.367        0.000
  J15                  JUNCTION        0.67          1.770        0.000
  J16                  JUNCTION        0.70          2.291        0.000
  J22                  JUNCTION        0.35          1.107        0.000
  J23                  JUNCTION        0.54          2.503        0.000
  J24                  JUNCTION        0.64          5.516        0.000
  J26                  JUNCTION        0.74          4.893        0.000
  J27                  JUNCTION        0.65          1.061        0.000
  J28                  JUNCTION        0.60          2.600        0.000
  J29                  JUNCTION        0.58          2.142        0.000
  J30                  JUNCTION        0.49          1.301        0.000
  J31                  JUNCTION        0.53          1.131        0.000
  J32                  JUNCTION        0.81          3.879        0.000
  J34                  JUNCTION        0.91          3.024        0.000
  J35                  JUNCTION        0.66          3.319        0.000
  J36                  JUNCTION        0.52          3.000        0.000
  J38                  JUNCTION        0.58          1.352        0.000
  J39                  JUNCTION        0.58          1.101        0.000
  J40                  JUNCTION        0.58          2.053        0.000
  J47                  JUNCTION        0.61          1.234        0.000
  J49                  JUNCTION        0.63          2.691        0.000
  J50                  JUNCTION        0.77          3.010        0.000
  J51                  JUNCTION        0.11          1.000        0.000
  J52                  JUNCTION        0.38          1.402        0.000
  J57                  JUNCTION        0.63          2.058        0.000
  J58                  JUNCTION        0.48          0.065        0.000
  J59                  JUNCTION        0.86          3.357        0.000
  J62                  JUNCTION        0.71          2.230        0.000
  J63                  JUNCTION        0.79          2.813        0.000
  J64                  JUNCTION        0.59          1.133        0.000
  J65                  JUNCTION        0.49          0.025        0.000
  J66                  JUNCTION        0.52          2.007        1.093
  J75                  JUNCTION        0.54          1.527        0.000
  J76                  JUNCTION        0.57          2.866        0.000
  J77                  JUNCTION        0.51          2.501        0.000
  J78                  JUNCTION        0.49          2.401        0.000
  J83                  JUNCTION        0.83          0.383        0.000
  J84                  JUNCTION        0.87          1.645        0.000
  J90                  JUNCTION        0.48          0.418        0.000
  J91                  JUNCTION        0.57          1.003        0.000
  J92                  JUNCTION        0.73          2.114        0.000
  J95                  JUNCTION        0.68          1.595        0.000
  J100                 JUNCTION        0.54          0.639        0.000
  J101                 JUNCTION        0.68          2.804        0.000
  J102                 JUNCTION        0.76          1.511        0.000
  J106                 JUNCTION        0.65          0.363        0.000
  J107                 JUNCTION        0.30          0.139        0.000
  J108                 JUNCTION        0.80          1.564        0.000
  J109                 JUNCTION        0.66          0.215        0.000
  J110                 JUNCTION        0.79          1.659        0.000
  J111                 JUNCTION        0.09          0.019        0.000
  J112                 JUNCTION        0.79          2.990        0.000
  J113                 JUNCTION        0.77          1.489        0.000
  J114                 JUNCTION        0.73          1.307        0.000
  J115                 JUNCTION        0.75          1.354        0.000
  J116                 JUNCTION        0.78          3.032        0.000
  J117                 JUNCTION        0.71          0.629        0.000
  J118                 JUNCTION        0.73          0.749        0.000
  J119                 JUNCTION        0.72          0.824        0.000
  J120                 JUNCTION        0.74          0.838        0.000
  J121                 JUNCTION        0.82          1.080        0.000
  J123                 JUNCTION        0.48          0.147        0.853
  J127                 JUNCTION        0.61          0.305        0.000
  J128                 JUNCTION        0.44          0.210        0.000
  J129                 JUNCTION        0.49          0.036        0.000
  J130                 JUNCTION        0.81          2.291        0.000
  J132                 JUNCTION        0.79          1.150        0.000
  J134                 JUNCTION        0.71          0.349        0.000
  J135                 JUNCTION        0.57          0.605        0.000
  J136                 JUNCTION        0.69          0.559        0.000
  J137                 JUNCTION        0.76          1.757        0.000
  J138                 JUNCTION        0.77          1.515        0.000
  J139                 JUNCTION        0.80          1.259        0.000
  J140                 JUNCTION        0.76          1.227        0.000
  J141                 JUNCTION        0.76          1.055        0.000
  J142                 JUNCTION        0.66          2.805        0.000
  J143                 JUNCTION        0.67          2.775        0.000
  J144                 JUNCTION        0.68          1.634        0.000
  J145                 JUNCTION        0.69          2.180        0.000
  J146                 JUNCTION        0.68          1.504        0.000
  J147                 JUNCTION        0.71          1.859        0.000
  J148                 JUNCTION        0.68          0.820        0.000
  J149                 JUNCTION        0.67          1.421        0.000
  J150                 JUNCTION        0.74          2.148        0.000
  J152                 JUNCTION        0.71          2.007        0.000
  J153                 JUNCTION        0.66          1.005        0.000
  J154                 JUNCTION        0.77          2.343        0.000
  J155                 JUNCTION        0.71          1.233        0.000
  J156                 JUNCTION        0.71          1.421        0.000
  J157                 JUNCTION        0.74          1.320        0.000
  J159                 JUNCTION        0.66          1.065        0.000
  J160                 JUNCTION        0.63          1.081        0.000
  J161                 JUNCTION        0.68          1.630        0.000
  J162                 JUNCTION        0.70          1.878        0.000
  J163                 JUNCTION        0.77          2.343        0.000
  J165                 JUNCTION        0.69          1.490        0.000
  J167                 JUNCTION        0.59          0.374        0.000
  J168                 JUNCTION        0.72          2.284        0.000
  J169                 JUNCTION        0.72          1.680        0.000
  J170                 JUNCTION        0.77          2.836        0.000
  J172                 JUNCTION        0.76          0.518        0.000
  J174                 JUNCTION        0.73          2.309        0.000
  J175                 JUNCTION        0.74          2.423        0.000
  J176                 JUNCTION        0.73          2.363        0.000
  J177                 JUNCTION        0.71          1.254        0.000
  J178                 JUNCTION        0.24          0.154        0.000
  J179                 JUNCTION        0.75          2.182        0.000
  J180                 JUNCTION        0.77          2.772        0.000
  J181                 JUNCTION        0.63          0.336        0.000
  J182                 JUNCTION        0.58          1.032        0.000
  J183                 JUNCTION        0.74          2.659        0.000
  J184                 JUNCTION        0.49          0.337        0.000
  J185                 JUNCTION        0.71          2.169        0.000
  J186                 JUNCTION        0.36          0.029        0.000
  J187                 JUNCTION        0.68          1.676        0.000
  J189                 JUNCTION        0.70          2.001        0.000
  J190                 JUNCTION        0.78          2.559        0.000
  J191                 JUNCTION        0.73          0.137        0.000
  J193                 JUNCTION        0.43          1.101        0.000
  J194                 JUNCTION        0.29          0.502        0.000
  J195                 JUNCTION        0.62          0.295        0.000
  J196                 JUNCTION        0.76          1.456        0.000
  J197                 JUNCTION        0.71          0.592        0.000
  J198                 JUNCTION        0.21          1.400        0.000
  J199                 JUNCTION        0.70          1.729        0.000
  J200                 JUNCTION        0.66          2.487        0.000
  J201                 JUNCTION        0.71          1.614        0.000
  J202                 JUNCTION        0.63          1.408        0.000
  J204                 JUNCTION        0.74          2.398        0.000
  J205                 JUNCTION        0.74          1.579        0.000
  J207                 JUNCTION        0.67          1.800        0.000
  J208                 JUNCTION        0.71          0.903        0.000
  J209                 JUNCTION        0.81          1.084        0.000
  J210                 JUNCTION        0.65          0.902        0.000
  J211                 JUNCTION        0.72          0.721        0.000
  J214                 JUNCTION        0.67          1.052        0.000
  J215                 JUNCTION        0.73          2.266        0.000
  J216                 JUNCTION        0.70          3.082        0.000
  J218                 JUNCTION        0.69          0.647        0.000
  J221                 JUNCTION        0.25          0.136        1.764
  J222                 JUNCTION        0.39          0.500        0.000
  J223                 JUNCTION        0.67          2.660        0.000
  J224                 JUNCTION        0.48          0.752        0.000
  J227                 JUNCTION        0.57          2.419        0.000
  J228                 JUNCTION        0.45          0.035        0.000
  J236                 JUNCTION        0.61          0.059        0.000
  J241                 JUNCTION        0.36          0.212        0.000
  J245                 JUNCTION        0.55          0.331        0.000
  
  
  *********************
  Node Flooding Summary
  *********************
  
  Flooding refers to all water that overflows a node, whether it ponds or not.
  --------------------------------------------------------------------------
                                                             Total   Maximum
                                 Maximum   Time of Max       Flood    Ponded
                        Hours       Rate    Occurrence      Volume     Depth
  Node                 Flooded       LPS   days hr:min    10^6 ltr    Meters
  --------------------------------------------------------------------------
  J5                      0.52    853.10      0  00:59       1.118     0.039
  J6                      0.51    673.62      0  00:29       0.778     0.084
  J7                      0.69   5367.06      0  00:59      10.394     0.090
  J8                      0.52    912.94      0  00:40       1.508     0.221
  J9                      0.74   3461.33      0  00:59       7.578     0.247
  J10                     0.72   3936.66      0  00:36       8.777     0.367
  J15                     0.66   2572.93      0  00:40       5.080     0.770
  J16                     0.70   2436.38      0  00:34       4.704     1.181
  J22                     0.12    441.78      0  00:29       0.012     0.007
  J23                     0.54   2895.13      0  00:55       4.772     0.603
  J24                     0.64   6689.43      0  00:59      11.717     1.216
  J26                     0.74   7577.20      0  00:59      15.214     1.593
  J27                     0.64   1253.96      0  00:30       1.909     0.261
  J28                     0.60   2493.06      0  00:40       4.611     0.800
  J29                     0.54    434.78      0  00:24       0.452     0.042
  J30                     0.44    464.50      0  00:27       0.104     0.001
  J31                     0.52    570.57      0  00:59       0.188     0.031
  J32                     0.81   1957.72      0  00:30       3.396     2.479
  J34                     0.91   6756.54      0  00:59      14.801     3.024
  J35                     0.54    513.53      0  00:59       0.771     1.619
  J36                     0.01    110.02      0  00:29       0.000     0.000
  J38                     0.58   1635.87      0  00:45       2.845     0.252
  J39                     0.03    152.96      0  00:25       0.001     0.001
  J40                     0.58    137.93      0  00:30       0.070     0.853
  J47                     0.61   3606.59      0  00:58       5.976     0.234
  J49                     0.61    535.19      0  00:26       0.429     0.891
  J50                     0.77   2433.89      0  00:33       4.323     1.810
  J51                     0.06    154.74      0  00:59       0.007     0.000
  J52                     0.28    461.51      0  00:59       0.079     0.002
  J57                     0.61    760.17      0  00:15       0.718     0.358
  J58                     0.48    306.81      0  00:34       0.190     0.065
  J59                     0.86   2762.68      0  00:30       5.850     1.757
  J62                     0.57    175.99      0  00:30       0.167     0.030
  J63                     0.52    120.42      0  00:13       0.059     0.013
  J64                     0.59    190.76      0  00:30       0.089     0.033
  J65                     0.49    392.59      0  00:35       0.541     0.025
  J75                     0.54    389.75      0  00:27       0.513     0.127
  J76                     0.55   1236.82      0  00:37       1.771     0.266
  J77                     0.01   1264.67      0  00:29       0.003     0.001
  J78                     0.01    903.44      0  00:29       0.006     0.001
  J83                     0.83   3270.97      0  00:40       7.056     0.383
  J84                     0.87    965.08      0  00:30       1.888     0.645
  J90                     0.48    496.39      0  00:32       0.250     0.018
  J91                     0.57   1428.97      0  00:30       2.060     0.503
  J92                     0.73   1944.12      0  00:25       4.092     1.614
  J95                     0.68   1746.07      0  00:32       3.081     0.395
  J100                    0.54    857.96      0  00:35       1.190     0.639
  J101                    0.68   3567.39      0  00:35       5.924     2.804
  J102                    0.76   2806.52      0  00:30       4.428     1.511
  J106                    0.65   1263.45      0  00:35       2.530     0.363
  J107                    0.30    638.14      0  00:55       0.467     0.139
  J108                    0.80   2336.00      0  00:20       4.927     1.564
  J109                    0.66   1283.23      0  00:35       2.311     0.215
  J110                    0.79   1806.15      0  00:30       2.962     1.059
  J111                    0.09    116.18      0  00:54       0.025     0.019
  J112                    0.79   1299.68      0  00:36       2.228     0.790
  J113                    0.77   1286.57      0  00:30       3.002     0.889
  J114                    0.73   1051.25      0  00:15       1.052     0.707
  J115                    0.75    818.11      0  00:35       1.656     0.854
  J116                    0.78    881.49      0  00:30       1.370     0.432
  J117                    0.71    873.76      0  00:17       1.285     0.429
  J118                    0.71    965.59      0  00:39       1.977     0.349
  J119                    0.72    931.80      0  00:16       0.595     0.424
  J120                    0.73    835.06      0  00:19       1.358     0.538
  J121                    0.82   1038.17      0  00:30       1.409     0.280
  J127                    0.38     58.15      0  00:50       0.004     0.005
  J128                    0.40     62.20      0  00:35       0.033     0.010
  J129                    0.49    191.83      0  00:36       0.195     0.036
  J130                    0.81   1368.02      0  00:30       1.916     0.991
  J132                    0.79   3134.55      0  00:41       6.715     0.350
  J134                    0.71    956.82      0  00:40       1.895     0.349
  J135                    0.54    708.90      0  00:16       0.108     0.005
  J136                    0.66    740.40      0  00:16       0.563     0.259
  J137                    0.76   1155.74      0  00:14       0.152     0.957
  J138                    0.77   3154.11      0  00:45       6.860     0.215
  J139                    0.80   3160.08      0  00:30       6.638     0.859
  J140                    0.76   5803.01      0  00:45      12.070     1.227
  J141                    0.76    721.87      0  00:21       1.603     0.955
  J142                    0.62    318.43      0  00:59       0.180     0.005
  J143                    0.65    822.74      0  00:31       0.331     0.075
  J144                    0.68    946.82      0  00:18       0.372     0.434
  J145                    0.69   1088.72      0  00:18       0.495     0.480
  J146                    0.68    838.73      0  00:19       0.613     0.604
  J147                    0.45    263.82      0  00:17       0.145     0.259
  J148                    0.67    402.76      0  00:23       0.256     0.520
  J149                    0.66    155.80      0  00:27       0.102     0.321
  J150                    0.69    765.09      0  00:21       0.300     0.748
  J152                    0.70    658.29      0  00:26       0.385     0.607
  J153                    0.65    384.77      0  00:31       0.381     0.405
  J154                    0.77   1093.98      0  00:18       0.657     0.943
  J155                    0.51    487.92      0  00:16       0.125     0.233
  J156                    0.70    847.23      0  00:37       1.252     0.421
  J157                    0.73    878.49      0  00:27       1.157     0.620
  J159                    0.65    246.24      0  00:17       0.102     0.265
  J160                    0.60    510.92      0  00:21       0.209     0.181
  J161                    0.58   1108.31      0  00:17       0.122     0.230
  J162                    0.68   1921.73      0  00:16       0.399     0.778
  J163                    0.72    835.28      0  00:22       0.675     0.743
  J165                    0.68    552.01      0  00:16       0.293     0.390
  J167                    0.59    395.05      0  00:31       0.516     0.374
  J168                    0.72    501.45      0  00:26       0.573     0.684
  J169                    0.57    512.35      0  00:28       0.545     0.480
  J170                    0.72    437.71      0  00:17       0.249     0.536
  J172                    0.76   1255.38      0  00:42       2.452     0.218
  J174                    0.72   1247.08      0  00:24       1.215     1.409
  J175                    0.72   2085.17      0  00:18       0.944     1.623
  J176                    0.72   1340.75      0  00:20       1.347     1.563
  J177                    0.71   1080.93      0  00:33       2.235     1.254
  J178                    0.24    215.02      0  00:59       0.145     0.154
  J179                    0.74    602.21      0  00:35       0.957     0.882
  J180                    0.73   1767.33      0  00:17       0.506     1.872
  J181                    0.63   8448.19      0  00:59      12.772     0.336
  J182                    0.58   2263.45      0  00:50       4.025     1.032
  J183                    0.73   1186.94      0  00:20       0.713     1.459
  J184                    0.49   1550.09      0  00:59       2.113     0.337
  J185                    0.66   2647.91      0  00:33       3.926     0.769
  J186                    0.36    179.00      0  00:50       0.218     0.029
  J187                    0.66    959.68      0  00:38       1.505     0.076
  J189                    0.08    302.74      0  00:18       0.013     0.001
  J190                    0.77    885.33      0  00:17       1.025     0.859
  J191                    0.73   4764.48      0  00:59       8.526     0.137
  J193                    0.36    552.90      0  00:53       0.142     0.001
  J194                    0.23    322.43      0  00:18       0.047     0.002
  J195                    0.58    691.31      0  00:46       0.716     0.195
  J196                    0.75    705.81      0  00:19       1.056     0.656
  J197                    0.71   2356.99      0  00:36       4.547     0.392
  J198                    0.08    469.09      0  00:18       0.018     0.000
  J199                    0.69    349.58      0  00:30       0.543     0.929
  J200                    0.66   1463.70      0  00:35       2.425     2.187
  J201                    0.70    869.08      0  00:30       1.062     0.914
  J202                    0.60    357.48      0  00:35       0.306     0.208
  J204                    0.73   1344.04      0  00:32       1.914     0.898
  J205                    0.74   7844.18      0  00:59      13.987     0.279
  J207                    0.01     80.60      0  00:21       0.000     0.000
  J208                    0.68    828.34      0  00:30       0.980     0.103
  J209                    0.80   5637.75      0  00:57      11.422     0.184
  J210                    0.61    468.43      0  00:57       0.188     0.002
  J211                    0.71    787.72      0  00:30       0.758     0.221
  J214                    0.66    940.07      0  00:35       1.782     0.152
  J215                    0.73   2735.31      0  00:45       5.641     0.166
  J216                    0.67   2178.08      0  00:55       3.834     0.082
  J218                    0.69   1979.06      0  00:55       3.764     0.147
  J222                    0.17     72.18      0  00:35       0.002     0.000
  J223                    0.67   6560.55      0  00:55      11.842     0.460
  J224                    0.48    705.22      0  00:47       0.967     0.452
  J227                    0.57   1929.55      0  00:32       1.593     1.819
  J228                    0.45   1727.25      0  00:59       2.050     0.035
  J236                    0.61   3455.87      0  00:59       4.765     0.059
  J241                    0.36   1928.63      0  00:59       1.500     0.012
  J245                    0.55    256.28      0  00:35       0.223     0.031
  
  
  ***********************
  Outfall Loading Summary
  ***********************
  
  -----------------------------------------------------------
                         Flow       Avg       Max       Total
                         Freq      Flow      Flow      Volume
  Outfall Node           Pcnt       LPS       LPS    10^6 ltr
  -----------------------------------------------------------
  out1                  99.86   1348.24   1788.83       4.820
  out2                  99.54   1037.83   1809.57       3.698
  out3                  99.97   2015.42   3476.20       7.212
  out4                  99.93   1499.30   2884.59       5.363
  out5                  99.72   1356.23   2007.76       4.841
  out6                   0.00      0.00      0.00       0.000
  out7                  98.14   1650.91   2445.21       5.800
  out8                  99.68   3238.47   5718.41      11.555
  out9                  99.96   1397.66   1789.96       5.001
  out10                 99.79   1257.13   2185.04       4.491
  out11                 98.98    822.76   1260.99       2.915
  out12                 99.34     28.17     53.45       0.100
  out13                 99.05    272.78    441.30       0.967
  out14                 99.53    168.69    355.71       0.601
  out15                 99.89    150.03    281.50       0.536
  out16                 99.54    742.01   1315.39       2.644
  out17                  0.00      0.00      0.00       0.000
  out18                 99.82   1848.29   2696.06       6.604
  out19                 99.83   1682.71   2515.53       6.013
  out20                  0.00      0.00      0.00       0.000
  out21                 99.97   2485.69   3724.59       8.895
  out22                 99.55    925.42   1546.49       3.298
  out23                 99.93    730.25   1271.46       2.612
  out24                 99.78    749.52   1140.15       2.677
  out25                 99.92    586.43   1009.51       2.098
  out26                 99.80    433.20    702.50       1.548
  out27                 99.80    661.45   1085.43       2.363
  out28                 99.30    272.29    463.99       0.968
  out29                 99.12    839.40   1717.72       2.978
  out30                  0.00      0.00      0.00       0.000
  out31                  0.00      0.00      0.00       0.000
  out32                 99.89    900.72   1658.15       3.221
  out33                  0.00      0.00      0.00       0.000
  out34                 99.86   1648.16   2789.40       5.892
  out35                 99.97   2356.02   3362.56       8.431
  out36                 99.99   5170.97  10902.81      18.507
  out37                  0.00      0.00      0.00       0.000
  out38                 99.87   1259.27   1722.93       4.502
  out39                 99.92   1323.96   2547.36       4.735
  out40                 99.86   2454.01   3926.10       8.772
  out41                 99.68   1374.60   2246.77       4.905
  out42                 99.75   1746.88   3049.45       6.238
  out43                 99.73    630.87    945.00       2.252
  out45                 99.68    934.88   1361.68       3.336
  vir1                  99.97    780.73   1366.54       2.794
  vir2                  99.99   2430.15   4567.72       8.698
  vir3                  99.97    489.99    808.91       1.754
  vir4                  99.97    364.41    648.49       1.304
  vir5                  99.99    789.20   1325.44       2.825
  vir6                  99.99    542.55   1115.29       1.942
  -----------------------------------------------------------
  System                85.76  53397.66  82611.72     190.705
  
  
  ********************
  Link Flow Summary
  ********************
  
  -----------------------------------------------------------------------------
                                 Maximum  Time of Max   Maximum    Max/    Max/
                                  |Flow|   Occurrence   |Veloc|    Full    Full
  Link                 Type          LPS  days hr:min     m/sec    Flow   Depth
  -----------------------------------------------------------------------------
  C4                   CONDUIT  10902.81     0  00:59     26.45    0.22    0.31
  C5                   CONDUIT   1663.25     0  00:59      4.45    1.01    0.77
  C6                   CONDUIT   1070.42     0  00:28      2.28    0.94    1.00
  C7                   CONDUIT   1530.62     0  00:18      3.08    1.08    1.00
  C8                   CONDUIT    188.60     0  00:35      0.55    0.17    0.64
  C9                   CONDUIT    722.56     0  00:36      1.70    0.63    0.79
  C10                  CONDUIT   1500.00     0  00:28      3.02    1.07    1.00
  C11                  CONDUIT    488.75     0  00:25      1.01    0.32    1.00
  C12                  CONDUIT    515.45     0  00:27      1.15    0.32    1.00
  C13                  CONDUIT   1334.77     0  00:53      3.33    4.12    0.74
  C14                  CONDUIT   2246.77     0  00:55      7.96    0.32    0.39
  C15                  CONDUIT   5718.41     0  00:50      6.42    0.61    0.56
  C16                  CONDUIT   5026.99     0  00:46      6.41    0.42    0.51
  C17                  CONDUIT   1896.32     0  00:30      4.44    1.02    0.90
  C18                  CONDUIT    874.57     0  00:50      1.84    3.82    0.90
  C19                  CONDUIT    530.71     0  00:51      1.00    0.08    0.84
  C20                  CONDUIT   1019.68     0  00:27      2.03    1.05    1.00
  C21                  CONDUIT    602.12     0  00:24      1.20    0.90    1.00
  C22                  CONDUIT    309.05     0  00:59      0.96    0.11    0.61
  C23                  CONDUIT   1170.18     0  00:45      2.62    0.77    0.83
  C24                  CONDUIT   1726.75     0  00:45      4.41    0.77    0.73
  C25                  CONDUIT   1899.22     0  00:45      5.37    0.78    0.66
  C26                  CONDUIT    303.05     0  00:50      1.47    0.09    0.44
  C27                  CONDUIT   1242.18     0  00:45      3.90    0.58    0.61
  C28                  CONDUIT    616.42     0  00:42      1.52    0.20    0.98
  C29                  CONDUIT   1207.48     0  00:44      2.40    2.20    1.00
  C30                  CONDUIT    565.51     0  00:35      1.13    0.50    1.00
  C31                  CONDUIT   1372.49     0  00:28      2.85    1.35    1.00
  C32                  CONDUIT    320.66     0  00:55      1.04    0.07    0.59
  C33                  CONDUIT   2150.17     0  00:29      4.28    0.91    1.00
  C34                  CONDUIT   2021.61     0  00:27      4.02    1.93    1.00
  C35                  CONDUIT    558.25     0  00:27      1.18    0.38    1.00
  C36                  CONDUIT   1181.24     0  00:49      2.42    0.94    1.00
  C37                  CONDUIT   1809.57     0  00:53      3.63    1.19    0.97
  C38                  CONDUIT    412.14     0  00:30      1.74    0.20    0.49
  C39                  CONDUIT   1309.02     0  00:35      4.96    0.69    0.52
  C40                  CONDUIT   1085.43     0  00:40      6.43    0.29    0.37
  C41                  CONDUIT    695.00     0  00:40      2.71    0.29    0.51
  C42                  CONDUIT   3926.10     0  00:45     11.25    0.76    0.65
  C43                  CONDUIT    715.83     0  00:40      2.53    0.65    0.55
  C44                  CONDUIT   2549.14     0  00:35      6.98    0.25    0.36
  C45                  CONDUIT   3049.45     0  00:35      7.80    0.30    0.38
  C46                  CONDUIT    973.74     0  00:30      3.00    0.89    0.62
  C47                  CONDUIT    415.23     0  00:30      2.11    0.24    0.42
  C48                  CONDUIT   2145.82     0  00:30      4.32    0.89    1.00
  C49                  CONDUIT   1081.10     0  00:33      2.46    0.83    0.85
  C50                  CONDUIT    645.98     0  00:36      1.51    1.13    0.81
  C51                  CONDUIT    770.87     0  00:15      1.59    1.28    1.00
  C52                  CONDUIT    756.87     0  00:32      2.52    0.55    0.59
  C53                  CONDUIT   1065.95     0  00:34      2.41    0.75    0.82
  C54                  CONDUIT    258.97     0  00:35      1.30    0.17    0.43
  C55                  CONDUIT    939.05     0  00:30      1.87    0.76    1.00
  C56                  CONDUIT    795.36     0  00:59      1.58    1.48    1.00
  C57                  CONDUIT    936.62     0  00:33      2.22    0.61    1.00
  C58                  CONDUIT   1991.35     0  00:29      3.96    1.07    1.00
  C59                  CONDUIT   2015.68     0  00:25      4.01    0.93    1.00
  C60                  CONDUIT    874.24     0  00:22      1.74    0.75    1.00
  C61                  CONDUIT   1789.96     0  00:59      3.59    1.33    0.97
  C62                  CONDUIT   3362.56     0  00:59      6.69    1.60    1.00
  C63                  CONDUIT   1057.14     0  00:40      2.42    0.64    0.81
  C64                  CONDUIT   2175.21     0  00:27      4.38    0.96    1.00
  C65                  CONDUIT    847.26     0  00:35      1.92    0.69    0.82
  C66                  CONDUIT    813.43     0  00:37      1.92    0.63    0.79
  C67                  CONDUIT   1070.18     0  00:38      2.56    0.58    0.77
  C68                  CONDUIT    210.19     0  00:35      1.21    0.12    0.39
  C69                  CONDUIT    803.66     0  00:33      2.04    0.44    0.73
  C70                  CONDUIT     52.01     0  00:31      0.43    0.03    0.29
  C71                  CONDUIT    595.98     0  00:29      1.48    0.75    1.00
  C72                  CONDUIT   1013.36     0  00:29      2.02    0.70    1.00
  C73                  CONDUIT    906.36     0  00:30      1.80    0.77    1.00
  C74                  CONDUIT   1767.74     0  00:50      3.74    0.75    0.89
  C75                  CONDUIT    936.78     0  00:56      2.94    0.41    0.61
  C76                  CONDUIT    406.59     0  00:37      1.08    1.37    0.71
  C77                  CONDUIT    415.00     0  00:35      1.91    0.25    0.55
  C78                  CONDUIT   2436.99     0  00:27      4.86    1.84    1.00
  C79                  CONDUIT   2132.24     0  00:50      5.27    1.02    0.83
  C80                  CONDUIT    477.38     0  00:30      2.49    0.22    0.41
  C81                  CONDUIT    871.44     0  00:31      3.64    0.48    0.48
  C82                  CONDUIT   1239.93     0  00:32      3.29    0.45    0.74
  C83                  CONDUIT    493.95     0  00:30      1.45    0.17    0.64
  C84                  CONDUIT   1067.70     0  00:40      2.77    0.39    0.72
  C85                  CONDUIT   1730.00     0  00:31      4.95    0.63    0.67
  C86                  CONDUIT    473.16     0  00:30      2.36    0.13    0.46
  C87                  CONDUIT   2425.37     0  00:45      5.30    0.85    0.85
  C88                  CONDUIT   2127.73     0  00:33      6.54    0.83    0.62
  C89                  CONDUIT   2681.52     0  00:30      5.41    1.07    1.00
  C90                  CONDUIT   1356.40     0  00:30      3.23    0.60    0.78
  C91                  CONDUIT    828.11     0  00:17      1.73    1.31    1.00
  C92                  CONDUIT   1156.55     0  00:27      1.48    0.70    1.00
  C93                  CONDUIT   1309.47     0  00:44      5.08    0.52    0.51
  C94                  CONDUIT    723.90     0  00:59      1.25    0.46    0.70
  C95                  CONDUIT   1081.68     0  00:44      2.83    0.52    0.75
  C96                  CONDUIT   1549.00     0  00:44      3.80    0.52    0.76
  C97                  CONDUIT   2198.66     0  00:25      4.43    1.05    1.00
  C98                  CONDUIT    617.18     0  00:30      1.56    0.87    0.74
  C99                  CONDUIT    476.58     0  00:55      1.05    0.62    1.00
  C100                 CONDUIT   2515.53     0  00:59      5.00    1.26    1.00
  C101                 CONDUIT   1658.15     0  00:31      4.11    0.91    0.75
  C102                 CONDUIT   2873.37     0  00:32      5.81    1.02    1.00
  C103                 CONDUIT   1134.35     0  00:59      2.63    1.53    0.82
  C104                 CONDUIT   2696.06     0  00:32      7.91    0.74    0.64
  C105                 CONDUIT   1177.35     0  00:33      3.72    0.61    0.60
  C106                 CONDUIT    819.30     0  00:59      1.99    1.59    0.78
  C107                 CONDUIT   2185.04     0  00:31      7.71    0.58    0.55
  C108                 CONDUIT      0.00     0  00:00      0.00    0.00    0.50
  C109                 CONDUIT    793.19     0  00:59      1.58    0.70    1.00
  C110                 CONDUIT    518.94     0  00:40      1.56    0.15    0.63
  C111                 CONDUIT    702.50     0  00:40      6.86    0.14    0.26
  C112                 CONDUIT    437.90     0  00:11      1.14    0.70    1.00
  C113                 CONDUIT   1498.78     0  00:30      4.69    0.10    0.61
  C114                 CONDUIT    778.15     0  00:59      1.79    1.70    0.82
  C115                 CONDUIT   1078.64     0  00:35      4.18    0.72    0.52
  C116                 CONDUIT     53.45     0  00:30      2.65    0.01    0.08
  C117                 CONDUIT   1260.99     0  00:30      6.91    0.32    0.39
  C118                 CONDUIT    326.51     0  00:31      2.39    0.32    0.32
  C119                 CONDUIT    441.30     0  00:31      4.73    0.13    0.24
  C120                 CONDUIT    281.50     0  00:30      4.95    0.06    0.17
  C121                 CONDUIT     40.08     0  00:30      0.60    0.06    0.19
  C122                 CONDUIT    355.71     0  00:30      4.54    0.10    0.21
  C123                 CONDUIT    199.67     0  00:30      0.79    0.15    0.50
  C124                 CONDUIT    449.84     0  00:30      1.51    0.27    0.57
  C125                 CONDUIT    300.71     0  00:30      0.72    1.53    0.77
  C126                 CONDUIT     33.69     0  00:30      0.66    0.03    0.17
  C127                 CONDUIT     68.30     0  00:30      0.48    0.03    0.44
  C128                 CONDUIT    444.47     0  00:30      1.50    1.07    0.57
  C129                 CONDUIT   1315.39     0  00:39      5.60    0.46    0.47
  C130                 CONDUIT   1200.65     0  00:59      3.04    1.34    0.74
  C131                 CONDUIT   3476.20     0  00:38      7.35    1.07    1.00
  C132                 CONDUIT    382.49     0  00:33      1.55    0.66    0.50
  C133                 CONDUIT   1271.46     0  00:32      7.39    0.30    0.37
  C134                 CONDUIT   1140.15     0  00:30      7.46    0.25    0.34
  C135                 CONDUIT    854.95     0  00:48      2.42    1.40    0.67
  C136                 CONDUIT   1009.51     0  00:30      6.16    0.28    0.36
  C137                 CONDUIT    860.61     0  00:31      2.50    0.88    0.65
  C138                 CONDUIT    540.54     0  00:50      1.08    0.76    1.00
  C139                 CONDUIT    544.28     0  00:51      1.21    1.60    0.88
  C140                 CONDUIT   1003.47     0  00:30      2.93    0.93    0.66
  C141                 CONDUIT    784.74     0  00:31      1.69    0.53    1.00
  C142                 CONDUIT    502.09     0  00:30      1.30    0.32    1.00
  C143                 CONDUIT    500.84     0  00:37      1.32    0.35    0.92
  C144                 CONDUIT   1633.74     0  00:47      3.98    2.32    0.92
  C145                 CONDUIT   1183.16     0  00:54      2.51    0.55    0.92
  C146                 CONDUIT    607.94     0  00:15      1.24    1.25    1.00
  C147                 CONDUIT    749.67     0  00:13      1.60    0.85    1.00
  C148                 CONDUIT   1082.09     0  00:39      2.22    0.50    1.00
  C149                 CONDUIT    466.01     0  00:13      1.12    0.34    1.00
  C150                 CONDUIT   1092.63     0  00:59      2.17    7.19    1.00
  C151                 CONDUIT    769.16     0  00:20      1.57    0.97    1.00
  C152                 CONDUIT   1499.58     0  00:20      3.04    1.04    1.00
  C153                 CONDUIT   2401.33     0  00:59      4.89    1.16    1.00
  C154                 CONDUIT   1077.83     0  00:19      2.33    0.87    1.00
  C155                 CONDUIT    508.78     0  00:31      1.25    0.38    0.76
  C156                 CONDUIT   1677.85     0  00:30      2.36   10.21    1.00
  C157                 CONDUIT   1168.41     0  00:17      2.38    1.36    1.00
  C158                 CONDUIT   1397.53     0  00:17      2.78    1.07    1.00
  C159                 CONDUIT    143.96     0  00:40      0.46    0.08    0.68
  C160                 CONDUIT    555.80     0  00:16      1.11    1.14    1.00
  C161                 CONDUIT    536.24     0  00:16      1.07    0.49    1.00
  C162                 CONDUIT    572.51     0  00:18      1.14    0.45    1.00
  C163                 CONDUIT   1153.27     0  00:17      2.53    2.71    1.00
  C164                 CONDUIT   2774.16     0  00:34      3.62    0.79    1.00
  C165                 CONDUIT   2217.17     0  00:17      2.82    2.78    1.00
  C166                 CONDUIT    724.54     0  00:21      1.44    0.90    1.00
  C167                 CONDUIT    744.25     0  00:17      1.73    0.68    1.00
  C168                 CONDUIT    933.97     0  00:18      1.86    0.56    1.00
  C169                 CONDUIT    454.18     0  00:18      0.90    0.35    1.00
  C170                 CONDUIT    870.01     0  00:19      1.73    1.27    1.00
  C171                 CONDUIT    900.72     0  00:18      1.79    1.57    1.00
  C172                 CONDUIT    943.63     0  00:18      1.90    2.00    1.00
  C173                 CONDUIT    601.43     0  00:18      1.48    0.36    1.00
  C174                 CONDUIT    181.29     0  00:21      0.36    0.16    1.00
  C175                 CONDUIT    893.96     0  00:18      2.02    0.96    1.00
  C176                 CONDUIT    848.10     0  00:18      1.75    1.00    1.00
  C177                 CONDUIT    872.47     0  00:19      1.11    0.75    1.00
  C178                 CONDUIT    976.81     0  00:59      1.94    0.31    1.00
  C179                 CONDUIT    783.47     0  00:16      1.00    1.26    1.00
  C180                 CONDUIT   1190.96     0  00:59      2.37    0.38    1.00
  C181                 CONDUIT   2431.06     0  00:25      3.10    2.26    1.00
  C182                 CONDUIT   1089.61     0  00:16      0.96    0.75    1.00
  C183                 CONDUIT   1506.17     0  00:22      1.33    0.84    1.00
  C184                 CONDUIT    805.58     0  00:59      1.60    0.93    1.00
  C185                 CONDUIT    524.29     0  00:16      1.07    0.47    1.00
  C186                 CONDUIT    681.25     0  00:59      1.39    0.27    0.95
  C187                 CONDUIT    103.13     0  00:30      0.84    0.20    0.79
  C188                 CONDUIT    959.37     0  00:59      1.94    0.58    1.00
  C189                 CONDUIT    822.30     0  00:32      1.64    0.62    1.00
  C190                 CONDUIT   1037.81     0  00:42      2.20    0.40    1.00
  C191                 CONDUIT    706.23     0  00:59      1.48    0.71    1.00
  C192                 CONDUIT    604.80     0  00:59      1.20    0.44    1.00
  C193                 CONDUIT   2285.17     0  00:22      2.93    0.67    1.00
  C194                 CONDUIT   1275.06     0  00:20      1.62    0.65    1.00
  C195                 CONDUIT    253.99     0  00:21      0.66    0.17    1.00
  C196                 CONDUIT    701.99     0  00:44      1.40    0.56    1.00
  C197                 CONDUIT    523.05     0  00:38      1.04    1.66    1.00
  C198                 CONDUIT    508.85     0  00:59      1.28    0.33    0.75
  C199                 CONDUIT    504.67     0  00:59      1.25    0.30    0.75
  C200                 CONDUIT   1268.24     0  00:59      2.87    0.23    0.82
  C201                 CONDUIT    757.66     0  00:59      1.51    0.52    1.00
  C202                 CONDUIT    661.11     0  00:16      1.64    0.34    1.00
  C203                 CONDUIT    791.45     0  00:59      1.64    0.49    0.95
  C204                 CONDUIT    463.99     0  00:40      4.72    0.14    0.25
  C205                 CONDUIT   1717.72     0  00:59      5.04    0.74    0.64
  C206                 CONDUIT    215.09     0  00:18      0.69    0.29    0.82
  C207                 CONDUIT    517.66     0  00:14      1.03    2.51    1.00
  C208                 CONDUIT    537.18     0  00:16      1.03    0.27    1.00
  C209                 CONDUIT    438.15     0  00:17      0.96    1.07    1.00
  C210                 CONDUIT    405.99     0  00:15      0.96    1.06    1.00
  C211                 CONDUIT    622.48     0  00:59      1.24    0.99    1.00
  C212                 CONDUIT    346.73     0  00:13      1.03    0.21    1.00
  C213                 CONDUIT    409.77     0  00:59      1.08    0.39    0.88
  C214                 CONDUIT    680.72     0  00:14      1.49    0.43    1.00
  C215                 CONDUIT    527.00     0  00:16      1.06    1.58    1.00
  C216                 CONDUIT    387.07     0  00:59      0.82    0.69    1.00
  C217                 CONDUIT    412.92     0  00:17      0.89    1.36    1.00
  C218                 CONDUIT    648.98     0  00:17      1.43    0.79    1.00
  C219                 CONDUIT    612.10     0  00:59      1.32    0.76    0.88
  C220                 CONDUIT   1318.13     0  00:59      2.83    0.78    0.88
  C221                 CONDUIT   2243.21     0  00:30      1.05    0.16    0.64
  C222                 CONDUIT   2789.40     0  00:30      7.37    0.84    0.71
  C223                 CONDUIT   1361.68     0  00:29      2.86    1.07    0.93
  C224                 CONDUIT   1722.93     0  00:42      8.11    0.40    0.44
  C225                 CONDUIT   1489.54     0  00:59      3.85    4.55    0.72
  C226                 CONDUIT    510.87     0  00:17      1.36    0.62    1.00
  C227                 CONDUIT    466.63     0  00:33      0.93    0.76    1.00
  C228                 CONDUIT    488.51     0  00:39      1.03    0.77    1.00
  C229                 CONDUIT    463.47     0  00:28      0.92    0.75    1.00
  C230                 CONDUIT    527.78     0  00:18      1.15    0.62    1.00
  C231                 CONDUIT    630.82     0  00:59      1.25    0.60    1.00
  C232                 CONDUIT   1179.97     0  00:59      2.35    1.23    1.00
  C233                 CONDUIT    731.05     0  00:53      1.45    1.15    1.00
  C234                 CONDUIT    596.07     0  00:27      1.19    1.27    1.00
  C235                 CONDUIT   1083.96     0  00:50      2.67    1.55    0.75
  C236                 CONDUIT   3724.59     0  00:49     14.98    0.48    0.50
  C237                 CONDUIT   1417.23     0  00:59      3.51    1.42    0.75
  C238                 CONDUIT    870.93     0  00:16      1.73    1.20    1.00
  C239                 CONDUIT    447.45     0  00:40      0.89    0.68    1.00
  C240                 CONDUIT    801.35     0  00:18      1.71    0.90    1.00
  C241                 CONDUIT    467.15     0  00:59      1.15    2.55    0.76
  C242                 CONDUIT   1546.49     0  00:50      5.97    0.52    0.51
  C243                 CONDUIT    604.55     0  00:36      1.20    1.27    1.00
  C244                 CONDUIT    703.02     0  00:36      1.71    1.68    0.80
  C245                 CONDUIT   2547.36     0  00:59      8.03    0.68    0.60
  C246                 CONDUIT   1205.94     0  00:59      2.96    3.91    0.78
  C247                 CONDUIT   2007.76     0  00:40      6.97    0.60    0.56
  C248                 CONDUIT   2884.59     0  00:59      9.10    0.68    0.60
  C249                 CONDUIT   1788.83     0  00:59      3.59    1.24    0.97
  C250                 CONDUIT    945.00     0  00:49      3.72    0.51    0.50
  C251                 CONDUIT   1263.22     0  00:16      2.52    1.37    1.00
  C252                 CONDUIT   1623.87     0  00:30      4.26    2.57    0.72
  C253                 CONDUIT   2445.21     0  00:31     11.39    0.40    0.44
  C254                 CONDUIT    836.02     0  00:31      2.92    0.76    0.56
  C255                 CONDUIT    723.51     0  00:30      1.76    1.40    0.76
  C256                 CONDUIT    490.59     0  00:57      0.98    0.69    1.00
  C257                 CONDUIT    916.54     0  00:16      1.82    1.90    1.00
  C258                 CONDUIT    740.64     0  00:40      1.60    0.90    1.00
  
  
  ***************************
  Flow Classification Summary
  ***************************
  
  -------------------------------------------------------------------------------------
                      Adjusted    ---------- Fraction of Time in Flow Class ---------- 
                       /Actual         Up    Down  Sub   Sup   Up    Down  Norm  Inlet 
  Conduit               Length    Dry  Dry   Dry   Crit  Crit  Crit  Crit  Ltd   Ctrl  
  -------------------------------------------------------------------------------------
  C4                      1.00   0.00  0.00  0.00  0.01  0.99  0.00  0.00  0.36  0.00
  C5                      1.00   0.00  0.00  0.00  0.07  0.93  0.00  0.00  0.11  0.00
  C6                      1.00   0.00  0.00  0.00  0.58  0.42  0.00  0.00  0.08  0.00
  C7                      1.00   0.00  0.00  0.00  0.75  0.25  0.00  0.00  0.09  0.00
  C8                      1.00   0.00  0.00  0.00  1.00  0.00  0.00  0.00  1.00  0.00
  C9                      1.00   0.00  0.00  0.00  1.00  0.00  0.00  0.00  1.00  0.00
  C10                     1.00   0.00  0.00  0.00  0.82  0.18  0.00  0.00  0.34  0.00
  C11                     1.00   0.00  0.00  0.00  0.94  0.06  0.00  0.00  0.30  0.00
  C12                     1.00   0.00  0.00  0.00  0.93  0.06  0.00  0.00  0.16  0.00
  C13                     1.00   0.00  0.00  0.00  0.32  0.67  0.00  0.00  0.08  0.00
  C14                     1.00   0.00  0.00  0.00  0.00  0.99  0.00  0.00  0.01  0.00
  C15                     1.00   0.00  0.00  0.00  0.00  0.99  0.00  0.00  0.15  0.00
  C16                     1.00   0.00  0.00  0.00  0.02  0.97  0.00  0.00  0.92  0.00
  C17                     1.00   0.00  0.00  0.00  0.01  0.99  0.00  0.00  0.00  0.00
  C18                     1.00   0.00  0.00  0.00  1.00  0.00  0.00  0.00  0.15  0.00
  C19                     1.00   0.00  0.00  0.00  0.89  0.11  0.00  0.00  0.55  0.00
  C20                     1.00   0.00  0.00  0.00  0.91  0.09  0.00  0.00  0.10  0.00
  C21                     1.00   0.00  0.00  0.00  1.00  0.00  0.00  0.00  0.35  0.00
  C22                     1.00   0.00  0.00  0.00  0.96  0.04  0.00  0.00  1.00  0.00
  C23                     1.00   0.00  0.00  0.00  0.93  0.07  0.00  0.00  0.79  0.00
  C24                     1.00   0.00  0.00  0.00  0.00  0.99  0.00  0.00  0.85  0.00
  C25                     1.00   0.00  0.00  0.00  0.01  0.99  0.00  0.00  0.02  0.00
  C26                     1.00   0.00  0.00  0.00  0.94  0.06  0.00  0.00  0.99  0.00
  C27                     1.00   0.00  0.00  0.00  0.00  0.99  0.00  0.00  0.82  0.00
  C28                     1.00   0.00  0.00  0.00  0.96  0.04  0.00  0.00  0.52  0.00
  C29                     1.00   0.00  0.00  0.00  1.00  0.00  0.00  0.00  0.09  0.00
  C30                     1.00   0.00  0.00  0.00  0.99  0.01  0.00  0.00  0.32  0.00
  C31                     1.00   0.00  0.00  0.00  0.62  0.37  0.00  0.00  0.03  0.00
  C32                     1.00   0.00  0.00  0.00  1.00  0.00  0.00  0.00  1.00  0.00
  C33                     1.00   0.00  0.00  0.00  0.64  0.36  0.00  0.00  0.36  0.00
  C34                     1.00   0.00  0.01  0.00  0.99  0.00  0.00  0.00  0.04  0.00
  C35                     1.00   0.00  0.00  0.00  1.00  0.00  0.00  0.00  0.36  0.00
  C36                     1.00   0.00  0.00  0.00  0.58  0.42  0.00  0.00  0.11  0.00
  C37                     1.00   0.00  0.00  0.00  0.53  0.47  0.00  0.00  0.00  0.00
  C38                     1.00   0.00  0.00  0.00  0.50  0.50  0.00  0.00  0.96  0.00
  C39                     1.00   0.00  0.00  0.00  0.00  0.99  0.00  0.00  0.00  0.00
  C40                     1.00   0.00  0.00  0.00  0.00  0.99  0.00  0.00  0.00  0.00
  C41                     1.00   0.00  0.00  0.00  0.00  0.99  0.00  0.00  0.95  0.00
  C42                     1.00   0.00  0.00  0.00  0.00  0.99  0.00  0.00  0.01  0.00
  C43                     1.00   0.00  0.00  0.00  0.29  0.71  0.00  0.00  0.30  0.00
  C44                     1.00   0.00  0.00  0.00  0.00  0.99  0.00  0.00  1.00  0.00
  C45                     1.00   0.00  0.00  0.00  0.00  0.99  0.00  0.00  0.00  0.00
  C46                     1.00   0.00  0.00  0.00  0.01  0.99  0.00  0.00  0.53  0.00
  C47                     1.00   0.00  0.00  0.00  0.01  0.99  0.00  0.00  0.86  0.00
  C48                     1.00   0.00  0.00  0.00  0.75  0.25  0.00  0.00  0.37  0.00
  C49                     1.00   0.00  0.00  0.00  0.55  0.45  0.00  0.00  0.66  0.00
  C50                     1.00   0.00  0.00  0.00  1.00  0.00  0.00  0.00  0.00  0.00
  C51                     1.00   0.00  0.00  0.00  1.00  0.00  0.00  0.00  0.21  0.00
  C52                     1.00   0.00  0.00  0.00  0.01  0.99  0.00  0.00  0.74  0.00
  C53                     1.00   0.00  0.00  0.00  0.83  0.17  0.00  0.00  0.88  0.00
  C54                     1.00   0.00  0.00  0.00  0.67  0.33  0.00  0.00  0.99  0.00
  C55                     1.00   0.00  0.00  0.00  0.96  0.03  0.00  0.00  0.31  0.00
  C56                     1.00   0.00  0.00  0.00  1.00  0.00  0.00  0.00  0.00  0.00
  C57                     1.00   0.00  0.00  0.00  0.65  0.35  0.00  0.00  0.41  0.00
  C58                     1.00   0.00  0.00  0.00  0.61  0.39  0.00  0.00  0.22  0.00
  C59                     1.00   0.00  0.00  0.00  0.64  0.35  0.00  0.00  0.30  0.00
  C60                     1.00   0.00  0.00  0.00  0.88  0.12  0.00  0.00  0.15  0.00
  C61                     1.00   0.00  0.00  0.00  0.76  0.24  0.00  0.00  0.00  0.00
  C62                     1.00   0.00  0.00  0.00  0.65  0.35  0.00  0.00  0.01  0.00
  C63                     1.00   0.00  0.00  0.00  1.00  0.00  0.00  0.00  0.52  0.00
  C64                     1.00   0.00  0.00  0.00  0.55  0.45  0.00  0.00  0.39  0.00
  C65                     1.00   0.00  0.00  0.00  0.79  0.21  0.00  0.00  0.76  0.00
  C66                     1.00   0.00  0.00  0.00  1.00  0.00  0.00  0.00  1.00  0.00
  C67                     1.00   0.00  0.00  0.00  0.47  0.53  0.00  0.00  0.87  0.00
  C68                     1.00   0.00  0.00  0.00  1.00  0.00  0.00  0.00  1.00  0.00
  C69                     1.00   0.00  0.00  0.00  0.81  0.19  0.00  0.00  0.88  0.00
  C70                     1.00   0.00  0.00  0.00  0.99  0.00  0.00  0.00  0.99  0.00
  C71                     1.00   0.00  0.00  0.00  0.99  0.00  0.00  0.00  0.48  0.00
  C72                     1.00   0.00  0.00  0.00  0.64  0.36  0.00  0.00  0.34  0.00
  C73                     1.00   0.00  0.00  0.00  1.00  0.00  0.00  0.00  0.43  0.00
  C74                     1.00   0.00  0.00  0.00  0.06  0.94  0.00  0.00  0.45  0.00
  C75                     1.00   0.00  0.00  0.00  0.25  0.75  0.00  0.00  1.00  0.00
  C76                     1.00   0.00  0.00  0.00  1.00  0.00  0.00  0.00  0.00  0.00
  C77                     1.00   0.00  0.00  0.00  0.47  0.53  0.00  0.00  0.93  0.00
  C78                     1.00   0.00  0.00  0.00  0.55  0.44  0.00  0.00  0.01  0.00
  C79                     1.00   0.00  0.00  0.00  0.05  0.95  0.00  0.00  0.10  0.00
  C80                     1.00   0.00  0.00  0.00  0.01  0.99  0.00  0.00  0.95  0.00
  C81                     1.00   0.00  0.00  0.00  0.01  0.99  0.00  0.00  0.00  0.00
  C82                     1.00   0.00  0.00  0.00  0.23  0.76  0.00  0.00  1.00  0.00
  C83                     1.00   0.00  0.00  0.00  0.96  0.03  0.00  0.00  0.98  0.00
  C84                     1.00   0.00  0.00  0.00  0.47  0.52  0.00  0.00  1.00  0.00
  C85                     1.00   0.00  0.00  0.00  0.01  0.99  0.00  0.00  0.82  0.00
  C86                     1.00   0.00  0.00  0.00  0.33  0.67  0.00  0.00  1.00  0.00
  C87                     1.00   0.00  0.00  0.00  0.19  0.81  0.00  0.00  1.00  0.00
  C88                     1.00   0.00  0.00  0.00  0.01  0.99  0.00  0.00  0.03  0.00
  C89                     1.00   0.00  0.00  0.00  0.49  0.51  0.00  0.00  0.43  0.00
  C90                     1.00   0.00  0.00  0.00  0.48  0.52  0.00  0.00  0.95  0.00
  C91                     1.00   0.00  0.00  0.00  1.00  0.00  0.00  0.00  0.02  0.00
  C92                     1.00   0.00  0.00  0.00  0.96  0.04  0.00  0.00  0.26  0.00
  C93                     1.00   0.00  0.00  0.00  0.05  0.94  0.00  0.00  0.72  0.00
  C94                     1.00   0.00  0.00  0.00  1.00  0.00  0.00  0.00  0.59  0.00
  C95                     1.00   0.00  0.00  0.00  0.09  0.91  0.00  0.00  1.00  0.00
  C96                     1.00   0.00  0.00  0.00  0.12  0.88  0.00  0.00  0.96  0.00
  C97                     1.00   0.00  0.00  0.00  0.58  0.42  0.00  0.00  0.25  0.00
  C98                     1.00   0.00  0.00  0.00  1.00  0.00  0.00  0.00  0.51  0.00
  C99                     1.00   0.00  0.00  0.00  1.00  0.00  0.00  0.00  0.38  0.00
  C100                    1.00   0.00  0.00  0.00  0.58  0.42  0.00  0.00  0.01  0.00
  C101                    1.00   0.00  0.00  0.00  0.01  0.99  0.00  0.00  0.44  0.00
  C102                    1.00   0.00  0.00  0.00  0.46  0.54  0.00  0.00  0.44  0.00
  C103                    1.00   0.00  0.00  0.00  0.61  0.39  0.00  0.00  0.00  0.00
  C104                    1.00   0.00  0.00  0.00  0.00  0.99  0.00  0.00  0.00  0.00
  C105                    1.00   0.00  0.00  0.00  0.01  0.99  0.00  0.00  0.75  0.00
  C106                    1.00   0.00  0.00  0.00  1.00  0.00  0.00  0.00  0.00  0.00
  C107                    1.00   0.00  0.00  0.00  0.00  0.99  0.00  0.00  0.02  0.00
  C108                    1.00   0.00  1.00  0.00  0.00  0.00  0.00  0.00  0.00  0.00
  C109                    1.00   0.00  0.00  0.00  1.00  0.00  0.00  0.00  0.16  0.00
  C110                    1.00   0.00  0.00  0.00  0.95  0.05  0.00  0.00  1.00  0.00
  C111                    1.00   0.00  0.00  0.00  0.00  0.99  0.00  0.00  0.00  0.00
  C112                    1.00   0.00  0.00  0.00  1.00  0.00  0.00  0.00  0.04  0.00
  C113                    1.00   0.00  0.00  0.00  0.06  0.94  0.00  0.00  0.97  0.00
  C114                    1.00   0.00  0.00  0.00  1.00  0.00  0.00  0.00  0.00  0.00
  C115                    1.00   0.00  0.00  0.00  0.01  0.99  0.00  0.00  0.00  0.00
  C116                    1.00   0.00  0.00  0.00  0.00  0.99  0.00  0.00  0.11  0.00
  C117                    1.00   0.00  0.00  0.00  0.01  0.99  0.00  0.00  0.00  0.00
  C118                    1.00   0.00  0.00  0.00  0.04  0.95  0.00  0.00  0.02  0.00
  C119                    1.00   0.00  0.00  0.00  0.00  0.99  0.00  0.00  0.00  0.00
  C120                    1.00   0.00  0.00  0.00  0.00  0.99  0.00  0.00  0.00  0.00
  C121                    1.00   0.00  0.00  0.00  1.00  0.00  0.00  0.00  0.75  0.00
  C122                    1.00   0.00  0.00  0.00  0.00  0.99  0.00  0.00  0.00  0.00
  C123                    1.00   0.00  0.00  0.00  1.00  0.00  0.00  0.00  0.17  0.00
  C124                    1.00   0.00  0.00  0.00  0.93  0.06  0.00  0.00  0.95  0.00
  C125                    1.00   0.00  0.00  0.00  1.00  0.00  0.00  0.00  0.01  0.00
  C126                    1.00   0.00  0.00  0.00  0.87  0.13  0.00  0.00  0.80  0.00
  C127                    1.00   0.00  0.00  0.00  0.96  0.04  0.00  0.00  0.97  0.00
  C128                    1.00   0.00  0.00  0.00  1.00  0.00  0.00  0.00  0.07  0.00
  C129                    1.00   0.00  0.00  0.00  0.00  0.99  0.00  0.00  0.00  0.00
  C130                    1.00   0.00  0.00  0.00  0.01  0.99  0.00  0.00  0.00  0.00
  C131                    1.00   0.00  0.00  0.00  0.36  0.64  0.00  0.00  0.02  0.00
  C132                    1.00   0.00  0.00  0.00  1.00  0.00  0.00  0.00  0.12  0.00
  C133                    1.00   0.00  0.00  0.00  0.00  0.99  0.00  0.00  0.00  0.00
  C134                    1.00   0.00  0.00  0.00  0.00  0.99  0.00  0.00  0.00  0.00
  C135                    1.00   0.00  0.00  0.00  0.08  0.91  0.00  0.00  0.00  0.00
  C136                    1.00   0.00  0.00  0.00  0.00  0.99  0.00  0.00  0.00  0.00
  C137                    1.00   0.00  0.00  0.00  0.01  0.98  0.00  0.00  0.00  0.00
  C138                    1.00   0.00  0.00  0.00  0.95  0.04  0.00  0.00  0.07  0.00
  C139                    1.00   0.00  0.00  0.00  1.00  0.00  0.00  0.00  0.07  0.00
  C140                    1.00   0.00  0.00  0.00  0.02  0.98  0.00  0.00  0.68  0.00
  C141                    1.00   0.00  0.00  0.00  0.95  0.05  0.00  0.00  0.33  0.00
  C142                    1.00   0.00  0.00  0.00  1.00  0.00  0.00  0.00  0.44  0.00
  C143                    1.00   0.00  0.00  0.00  1.00  0.00  0.00  0.00  0.57  0.00
  C144                    1.00   0.00  0.00  0.00  0.17  0.83  0.00  0.00  0.06  0.00
  C145                    1.00   0.00  0.00  0.00  0.86  0.14  0.00  0.00  0.52  0.00
  C146                    1.00   0.00  0.00  0.00  1.00  0.00  0.00  0.00  0.11  0.00
  C147                    1.00   0.00  0.00  0.00  1.00  0.00  0.00  0.00  0.18  0.00
  C148                    1.00   0.00  0.00  0.00  0.97  0.03  0.00  0.00  0.42  0.00
  C149                    1.00   0.00  0.00  0.00  0.89  0.10  0.00  0.00  0.12  0.00
  C150                    1.00   0.00  0.00  0.00  1.00  0.00  0.00  0.00  0.05  0.00
  C151                    1.00   0.00  0.00  0.00  0.95  0.05  0.00  0.00  0.18  0.00
  C152                    1.00   0.00  0.00  0.00  1.00  0.00  0.00  0.00  0.29  0.00
  C153                    1.00   0.00  0.00  0.00  0.67  0.33  0.00  0.00  0.00  0.00
  C154                    1.00   0.00  0.00  0.00  0.76  0.24  0.00  0.00  0.05  0.00
  C155                    1.00   0.00  0.00  0.00  0.92  0.08  0.00  0.00  0.69  0.00
  C156                    1.00   0.00  0.00  0.00  1.00  0.00  0.00  0.00  0.01  0.00
  C157                    1.00   0.00  0.00  0.00  0.83  0.17  0.00  0.00  0.00  0.00
  C158                    1.00   0.00  0.00  0.00  0.82  0.17  0.00  0.00  0.11  0.00
  C159                    1.00   0.00  0.00  0.00  1.00  0.00  0.00  0.00  0.80  0.00
  C160                    1.00   0.00  0.00  0.00  1.00  0.00  0.00  0.00  0.01  0.00
  C161                    1.00   0.00  0.00  0.00  1.00  0.00  0.00  0.00  0.20  0.00
  C162                    1.00   0.00  0.00  0.00  1.00  0.00  0.00  0.00  0.20  0.00
  C163                    1.00   0.00  0.00  0.00  0.95  0.05  0.00  0.00  0.06  0.00
  C164                    1.00   0.00  0.00  0.00  0.67  0.32  0.00  0.00  0.16  0.00
  C165                    1.00   0.00  0.00  0.00  1.00  0.00  0.00  0.00  0.07  0.00
  C166                    1.00   0.00  0.00  0.00  0.80  0.20  0.00  0.00  0.05  0.00
  C167                    1.00   0.00  0.00  0.00  0.98  0.01  0.00  0.00  0.25  0.00
  C168                    1.00   0.00  0.00  0.00  0.97  0.03  0.00  0.00  0.25  0.00
  C169                    1.00   0.00  0.00  0.00  0.94  0.06  0.00  0.00  0.22  0.00
  C170                    1.00   0.00  0.00  0.00  1.00  0.00  0.00  0.00  0.11  0.00
  C171                    1.00   0.00  0.00  0.00  1.00  0.00  0.00  0.00  0.07  0.00
  C172                    1.00   0.00  0.00  0.00  1.00  0.00  0.00  0.00  0.17  0.00
  C173                    1.00   0.00  0.00  0.00  1.00  0.00  0.00  0.00  0.28  0.00
  C174                    1.00   0.00  0.00  0.00  1.00  0.00  0.00  0.00  0.19  0.00
  C175                    1.00   0.00  0.00  0.00  0.91  0.08  0.00  0.00  0.12  0.00
  C176                    1.00   0.00  0.00  0.00  0.96  0.04  0.00  0.00  0.13  0.00
  C177                    1.00   0.00  0.00  0.00  1.00  0.00  0.00  0.00  0.12  0.00
  C178                    1.00   0.00  0.00  0.00  0.92  0.08  0.00  0.00  0.28  0.00
  C179                    1.00   0.00  0.00  0.00  1.00  0.00  0.00  0.00  0.02  0.00
  C180                    1.00   0.00  0.00  0.00  0.95  0.05  0.00  0.00  0.33  0.00
  C181                    1.00   0.00  0.00  0.00  1.00  0.00  0.00  0.00  0.02  0.00
  C182                    1.00   0.00  0.00  0.00  1.00  0.00  0.00  0.00  0.08  0.00
  C183                    1.00   0.00  0.00  0.00  1.00  0.00  0.00  0.00  0.08  0.00
  C184                    1.00   0.00  0.00  0.00  1.00  0.00  0.00  0.00  0.19  0.00
  C185                    1.00   0.00  0.00  0.00  1.00  0.00  0.00  0.00  0.18  0.00
  C186                    1.00   0.00  0.00  0.00  0.92  0.08  0.00  0.00  0.24  0.00
  C187                    1.00   0.00  0.00  0.00  1.00  0.00  0.00  0.00  0.15  0.00
  C188                    1.00   0.00  0.00  0.00  0.99  0.00  0.00  0.00  0.27  0.00
  C189                    1.00   0.00  0.00  0.00  1.00  0.00  0.00  0.00  0.26  0.00
  C190                    1.00   0.00  0.00  0.00  0.99  0.00  0.00  0.00  0.45  0.00
  C191                    1.00   0.00  0.00  0.00  1.00  0.00  0.00  0.00  0.19  0.00
  C192                    1.00   0.00  0.00  0.00  0.88  0.12  0.00  0.00  0.12  0.00
  C193                    1.00   0.00  0.00  0.00  0.82  0.18  0.00  0.00  0.25  0.00
  C194                    1.00   0.00  0.00  0.00  1.00  0.00  0.00  0.00  0.12  0.00
  C195                    1.00   0.00  0.00  0.00  0.94  0.05  0.00  0.00  0.24  0.00
  C196                    1.00   0.00  0.00  0.00  0.87  0.13  0.00  0.00  0.15  0.00
  C197                    1.00   0.00  0.00  0.00  1.00  0.00  0.00  0.00  0.03  0.00
  C198                    1.00   0.00  0.00  0.00  0.96  0.04  0.00  0.00  0.25  0.00
  C199                    1.00   0.00  0.00  0.00  1.00  0.00  0.00  0.00  0.65  0.00
  C200                    1.00   0.00  0.00  0.00  0.66  0.34  0.00  0.00  0.29  0.00
  C201                    1.00   0.00  0.00  0.00  0.94  0.06  0.00  0.00  0.21  0.00
  C202                    1.00   0.00  0.00  0.00  0.78  0.22  0.00  0.00  0.22  0.00
  C203                    1.00   0.00  0.00  0.00  0.95  0.05  0.00  0.00  0.45  0.00
  C204                    1.00   0.00  0.00  0.00  0.00  0.99  0.00  0.00  0.00  0.00
  C205                    1.00   0.00  0.00  0.00  0.00  0.99  0.00  0.00  0.04  0.00
  C206                    1.00   0.00  0.00  0.00  1.00  0.00  0.00  0.00  0.24  0.00
  C207                    1.00   0.00  0.00  0.00  1.00  0.00  0.00  0.00  0.10  0.00
  C208                    1.00   0.00  0.00  0.00  0.92  0.08  0.00  0.00  0.13  0.00
  C209                    1.00   0.00  0.00  0.00  1.00  0.00  0.00  0.00  0.02  0.00
  C210                    1.00   0.00  0.00  0.00  1.00  0.00  0.00  0.00  0.17  0.00
  C211                    1.00   0.00  0.00  0.00  1.00  0.00  0.00  0.00  0.06  0.00
  C212                    1.00   0.00  0.00  0.00  0.89  0.10  0.00  0.00  0.14  0.00
  C213                    1.00   0.00  0.00  0.00  1.00  0.00  0.00  0.00  0.26  0.00
  C214                    1.00   0.00  0.00  0.00  0.97  0.03  0.00  0.00  0.20  0.00
  C215                    1.00   0.00  0.00  0.00  1.00  0.00  0.00  0.00  0.08  0.00
  C216                    1.00   0.00  0.00  0.00  1.00  0.00  0.00  0.00  0.13  0.00
  C217                    1.00   0.00  0.00  0.00  1.00  0.00  0.00  0.00  0.13  0.00
  C218                    1.00   0.00  0.00  0.00  1.00  0.00  0.00  0.00  0.13  0.00
  C219                    1.00   0.00  0.00  0.00  1.00  0.00  0.00  0.00  0.18  0.00
  C220                    1.00   0.00  0.00  0.00  1.00  0.00  0.00  0.00  0.40  0.00
  C221                    1.00   0.00  0.00  0.00  1.00  0.00  0.00  0.00  0.24  0.00
  C222                    1.00   0.00  0.00  0.00  0.00  0.99  0.00  0.00  0.06  0.00
  C223                    1.00   0.00  0.00  0.00  0.53  0.46  0.00  0.00  0.00  0.00
  C224                    1.00   0.00  0.00  0.00  0.00  0.99  0.00  0.00  0.01  0.00
  C225                    1.00   0.00  0.00  0.00  0.15  0.84  0.00  0.00  0.02  0.00
  C226                    1.00   0.01  0.24  0.00  0.75  0.00  0.00  0.00  0.00  0.00
  C227                    1.00   0.01  0.13  0.00  0.86  0.00  0.00  0.00  0.11  0.00
  C228                    1.00   0.00  0.14  0.00  0.86  0.00  0.00  0.00  0.00  0.00
  C229                    1.00   0.00  0.00  0.00  1.00  0.00  0.00  0.00  0.18  0.00
  C230                    1.00   0.00  0.00  0.00  0.84  0.16  0.00  0.00  0.07  0.00
  C231                    1.00   0.00  0.00  0.00  0.96  0.04  0.00  0.00  0.15  0.00
  C232                    1.00   0.00  0.00  0.00  0.93  0.07  0.00  0.00  0.19  0.00
  C233                    1.00   0.00  0.00  0.00  1.00  0.00  0.00  0.00  0.12  0.00
  C234                    1.00   0.00  0.00  0.00  1.00  0.00  0.00  0.00  0.09  0.00
  C235                    1.00   0.00  0.00  0.00  0.09  0.91  0.00  0.00  0.00  0.00
  C236                    1.00   0.00  0.00  0.00  0.00  0.99  0.00  0.00  0.00  0.00
  C237                    1.00   0.00  0.00  0.00  0.02  0.98  0.00  0.00  0.00  0.00
  C238                    1.00   0.00  0.00  0.00  0.95  0.05  0.00  0.00  0.00  0.00
  C239                    1.00   0.00  0.00  0.00  1.00  0.00  0.00  0.00  0.27  0.00
  C240                    1.00   0.00  0.00  0.00  1.00  0.00  0.00  0.00  0.27  0.00
  C241                    1.00   0.00  0.00  0.00  1.00  0.00  0.00  0.00  0.22  0.00
  C242                    1.00   0.00  0.00  0.00  0.00  0.99  0.00  0.00  0.00  0.00
  C243                    1.00   0.00  0.00  0.00  1.00  0.00  0.00  0.00  0.23  0.00
  C244                    1.00   0.00  0.00  0.00  1.00  0.00  0.00  0.00  0.03  0.00
  C245                    1.00   0.00  0.00  0.00  0.00  0.99  0.00  0.00  0.00  0.00
  C246                    1.00   0.00  0.00  0.00  0.32  0.68  0.00  0.00  0.00  0.00
  C247                    1.00   0.00  0.00  0.00  0.00  0.99  0.00  0.00  0.02  0.00
  C248                    1.00   0.00  0.00  0.00  0.00  0.99  0.00  0.00  0.00  0.00
  C249                    1.00   0.00  0.00  0.00  0.69  0.31  0.00  0.00  0.00  0.00
  C250                    1.00   0.00  0.00  0.00  0.00  0.99  0.00  0.00  0.17  0.00
  C251                    1.00   0.00  0.00  0.00  1.00  0.00  0.00  0.00  0.16  0.00
  C252                    1.00   0.00  0.00  0.00  0.02  0.97  0.00  0.00  0.00  0.00
  C253                    1.00   0.01  0.00  0.00  0.01  0.98  0.00  0.00  0.01  0.00
  C254                    1.00   0.00  0.00  0.00  0.01  0.98  0.00  0.00  0.00  0.00
  C255                    1.00   0.00  0.00  0.00  0.97  0.03  0.00  0.00  0.00  0.00
  C256                    1.00   0.00  0.00  0.00  0.90  0.10  0.00  0.00  0.02  0.00
  C257                    1.00   0.00  0.00  0.00  1.00  0.00  0.00  0.00  0.16  0.00
  C258                    1.00   0.00  0.00  0.00  1.00  0.00  0.00  0.00  0.15  0.00
  
  
  *************************
  Conduit Surcharge Summary
  *************************
  
  ----------------------------------------------------------------------------
                                                           Hours        Hours 
                         --------- Hours Full --------   Above Full   Capacity
  Conduit                Both Ends  Upstream  Dnstream   Normal Flow   Limited
  ----------------------------------------------------------------------------
  C5                          0.01      0.52      0.01      0.18         0.01
  C6                          0.51      0.51      0.52      0.01         0.01
  C7                          0.69      0.69      0.74      0.03         0.01
  C8                          0.01      0.01      0.74      0.01         0.01
  C9                          0.01      0.01      0.72      0.01         0.01
  C10                         0.52      0.52      0.72      0.02         0.01
  C11                         0.59      0.59      0.79      0.01         0.01
  C12                         0.71      0.71      0.79      0.01         0.01
  C13                         0.01      0.01      0.79      0.79         0.01
  C17                         0.01      0.49      0.01      0.02         0.01
  C18                         0.01      0.01      0.56      0.56         0.01
  C19                         0.01      0.01      0.52      0.01         0.01
  C20                         0.63      0.63      0.77      0.18         0.23
  C21                         0.60      0.61      0.63      0.01         0.01
  C22                         0.01      0.01      0.61      0.01         0.01
  C23                         0.01      0.01      0.61      0.01         0.01
  C28                         0.01      0.01      0.58      0.01         0.01
  C29                         0.58      0.58      0.58      0.58         0.58
  C30                         0.58      0.58      0.58      0.01         0.01
  C31                         0.52      0.58      0.52      0.59         0.51
  C32                         0.01      0.01      0.52      0.01         0.01
  C33                         0.52      0.52      0.66      0.01         0.01
  C34                         0.66      0.66      0.91      0.64         0.64
  C35                         0.38      0.38      0.63      0.01         0.01
  C36                         0.08      0.11      0.38      0.01         0.02
  C37                         0.01      0.38      0.01      0.53         0.01
  C48                         0.48      0.48      0.86      0.01         0.01
  C49                         0.01      0.01      0.48      0.01         0.01
  C50                         0.01      0.01      0.01      0.45         0.01
  C51                         0.63      0.63      0.77      0.01         0.13
  C53                         0.01      0.01      0.70      0.01         0.01
  C55                         0.53      0.53      0.81      0.01         0.01
  C56                         0.48      0.53      0.49      0.21         0.04
  C57                         0.49      0.49      0.58      0.01         0.01
  C58                         0.57      0.58      0.60      0.18         0.22
  C59                         0.60      0.60      0.74      0.01         0.01
  C60                         0.65      0.65      0.74      0.01         0.01
  C61                         0.01      0.74      0.01      0.76         0.01
  C62                         0.64      0.64      0.66      0.66         0.64
  C63                         0.01      0.01      0.64      0.01         0.01
  C64                         0.54      0.54      0.64      0.01         0.01
  C65                         0.01      0.01      0.54      0.01         0.01
  C66                         0.01      0.01      0.67      0.01         0.01
  C67                         0.01      0.01      0.67      0.01         0.01
  C69                         0.01      0.01      0.70      0.01         0.01
  C71                         0.35      0.35      0.51      0.01         0.01
  C72                         0.49      0.49      0.51      0.01         0.01
  C73                         0.51      0.51      0.57      0.01         0.01
  C74                         0.01      0.01      0.57      0.01         0.01
  C76                         0.01      0.01      0.01      0.52         0.01
  C78                         0.54      0.57      0.54      0.61         0.54
  C79                         0.01      0.54      0.01      0.51         0.01
  C82                         0.01      0.01      0.48      0.01         0.01
  C83                         0.01      0.01      0.87      0.01         0.01
  C84                         0.01      0.01      0.83      0.01         0.01
  C87                         0.01      0.01      0.68      0.01         0.01
  C89                         0.48      0.48      0.57      0.04         0.01
  C90                         0.01      0.01      0.78      0.01         0.01
  C91                         0.68      0.78      0.68      0.37         0.25
  C92                         0.54      0.54      0.76      0.01         0.01
  C94                         0.01      0.01      0.54      0.01         0.01
  C95                         0.01      0.01      0.09      0.01         0.01
  C96                         0.01      0.01      0.68      0.01         0.01
  C97                         0.57      0.57      0.73      0.03         0.01
  C99                         0.48      0.48      0.57      0.01         0.01
  C100                        0.57      0.57      0.59      0.59         0.57
  C102                        0.45      0.45      0.57      0.02         0.01
  C103                        0.01      0.68      0.01      0.69         0.01
  C106                        0.01      0.73      0.01      0.73         0.01
  C109                        0.49      0.49      0.81      0.01         0.01
  C110                        0.01      0.01      0.81      0.01         0.01
  C112                        0.79      0.79      0.81      0.01         0.01
  C113                        0.01      0.01      0.79      0.01         0.01
  C114                        0.01      0.61      0.01      0.65         0.01
  C125                        0.01      0.01      0.01      0.48         0.01
  C128                        0.01      0.01      0.01      0.07         0.01
  C130                        0.01      0.36      0.01      0.44         0.01
  C131                        0.36      0.36      0.41      0.41         0.36
  C135                        0.01      0.55      0.01      0.61         0.01
  C138                        0.44      0.44      0.61      0.01         0.01
  C139                        0.01      0.01      0.61      0.61         0.01
  C141                        0.09      0.09      0.79      0.01         0.01
  C142                        0.30      0.30      0.79      0.01         0.01
  C143                        0.01      0.01      0.75      0.01         0.01
  C144                        0.01      0.09      0.01      0.50         0.01
  C145                        0.01      0.01      0.73      0.01         0.01
  C146                        0.73      0.73      0.77      0.01         0.01
  C147                        0.77      0.77      0.79      0.01         0.01
  C148                        0.30      0.30      0.79      0.01         0.01
  C149                        0.76      0.76      0.79      0.01         0.01
  C150                        0.30      0.30      0.80      0.82         0.01
  C151                        0.66      0.66      0.80      0.01         0.01
  C152                        0.65      0.65      0.80      0.03         0.01
  C153                        0.65      0.68      0.65      0.69         0.65
  C154                        0.65      0.65      0.70      0.01         0.01
  C155                        0.01      0.01      0.75      0.01         0.01
  C156                        0.36      0.36      0.68      0.80         0.01
  C157                        0.66      0.70      0.66      0.73         0.65
  C158                        0.66      0.66      0.71      0.01         0.04
  C159                        0.01      0.01      0.74      0.01         0.01
  C160                        0.70      0.74      0.71      0.01         0.01
  C161                        0.71      0.71      0.77      0.01         0.01
  C162                        0.71      0.71      0.77      0.01         0.01
  C163                        0.62      0.71      0.62      0.74         0.59
  C164                        0.36      0.36      0.71      0.01         0.01
  C165                        0.71      0.72      0.71      0.66         0.01
  C166                        0.68      0.68      0.73      0.01         0.02
  C167                        0.61      0.62      0.68      0.01         0.01
  C168                        0.62      0.62      0.71      0.01         0.01
  C169                        0.66      0.66      0.71      0.01         0.01
  C170                        0.71      0.71      0.74      0.01         0.02
  C171                        0.71      0.71      0.74      0.04         0.01
  C172                        0.68      0.68      0.71      0.10         0.01
  C173                        0.68      0.68      0.71      0.01         0.01
  C174                        0.66      0.68      0.67      0.01         0.01
  C175                        0.68      0.68      0.69      0.01         0.01
  C176                        0.68      0.68      0.69      0.01         0.01
  C177                        0.71      0.71      0.74      0.01         0.04
  C178                        0.49      0.49      0.79      0.01         0.01
  C179                        0.73      0.74      0.77      0.17         0.03
  C180                        0.58      0.58      0.80      0.01         0.01
  C181                        0.76      0.77      0.77      0.71         0.02
  C182                        0.73      0.73      0.74      0.01         0.03
  C183                        0.70      0.70      0.73      0.01         0.06
  C184                        0.73      0.73      0.77      0.01         0.01
  C185                        0.69      0.69      0.77      0.01         0.01
  C186                        0.01      0.01      0.77      0.01         0.01
  C188                        0.24      0.24      0.78      0.01         0.01
  C189                        0.71      0.71      0.79      0.01         0.01
  C190                        0.24      0.24      0.75      0.01         0.01
  C191                        0.75      0.75      0.78      0.01         0.01
  C192                        0.73      0.73      0.78      0.01         0.01
  C193                        0.63      0.63      0.77      0.01         0.01
  C194                        0.73      0.73      0.77      0.01         0.01
  C195                        0.59      0.59      0.74      0.01         0.01
  C196                        0.67      0.69      0.67      0.01         0.02
  C197                        0.63      0.66      0.67      0.22         0.60
  C198                        0.01      0.01      0.67      0.01         0.01
  C199                        0.01      0.01      0.77      0.01         0.01
  C200                        0.01      0.01      0.77      0.01         0.01
  C201                        0.72      0.72      0.77      0.01         0.01
  C202                        0.72      0.72      0.72      0.01         0.01
  C203                        0.01      0.01      0.72      0.01         0.01
  C206                        0.01      0.01      0.76      0.01         0.01
  C207                        0.76      0.77      0.77      0.72         0.72
  C208                        0.69      0.69      0.76      0.01         0.01
  C209                        0.57      0.57      0.73      0.01         0.19
  C210                        0.73      0.73      0.80      0.02         0.04
  C211                        0.76      0.76      0.80      0.01         0.01
  C212                        0.71      0.71      0.78      0.01         0.01
  C213                        0.01      0.01      0.57      0.01         0.01
  C214                        0.73      0.74      0.78      0.01         0.01
  C215                        0.72      0.72      0.74      0.17         0.16
  C216                        0.71      0.71      0.72      0.01         0.01
  C217                        0.71      0.71      0.73      0.02         0.01
  C218                        0.70      0.71      0.73      0.01         0.01
  C219                        0.01      0.01      0.82      0.01         0.01
  C220                        0.01      0.01      0.81      0.01         0.01
  C221                        0.01      0.01      0.48      0.01         0.01
  C223                        0.01      0.49      0.01      0.54         0.01
  C225                        0.01      0.70      0.01      0.80         0.01
  C226                        0.14      0.29      0.43      0.01         0.02
  C227                        0.11      0.21      0.43      0.01         0.06
  C228                        0.21      0.21      0.71      0.01         0.09
  C229                        0.62      0.62      0.71      0.01         0.01
  C230                        0.38      0.62      0.43      0.01         0.05
  C231                        0.62      0.62      0.76      0.01         0.01
  C232                        0.66      0.66      0.70      0.39         0.39
  C233                        0.70      0.71      0.76      0.44         0.44
  C234                        0.62      0.63      0.71      0.28         0.30
  C235                        0.01      0.63      0.01      0.67         0.01
  C237                        0.01      0.74      0.01      0.74         0.01
  C238                        0.74      0.74      0.74      0.02         0.01
  C239                        0.67      0.67      0.73      0.01         0.01
  C240                        0.69      0.69      0.73      0.01         0.01
  C241                        0.01      0.01      0.69      0.69         0.01
  C243                        0.25      0.39      0.25      0.47         0.25
  C244                        0.01      0.01      0.25      0.49         0.01
  C246                        0.01      0.70      0.01      0.77         0.01
  C249                        0.01      0.67      0.01      0.69         0.01
  C251                        0.67      0.71      0.67      0.74         0.66
  C252                        0.01      0.67      0.01      0.77         0.01
  C255                        0.01      0.01      0.01      0.32         0.01
  C256                        0.63      0.72      0.65      0.01         0.03
  C257                        0.63      0.65      0.71      0.05         0.56
  C258                        0.65      0.65      0.81      0.01         0.01
  

  Analysis begun on:  Mon Sep 14 18:39:45 2026
  Analysis ended on:  Mon Sep 14 18:39:46 2026
  Total elapsed time: 00:00:01