
  EPA STORM WATER MANAGEMENT MODEL - VERSION 5.2 (Build 5.2.4)
  ------------------------------------------------------------

  test 
  WARNING 02: maximum depth increased for Node J124
  
  ****************
  Analysis Options
  ****************
  Flow Units ............... LPS
  Process Models:
    Rainfall/Runoff ........ YES
    RDII ................... NO
    Snowmelt ............... NO
    Groundwater ............ NO
    Flow Routing ........... YES
    Ponding Allowed ........ YES
    Water Quality .......... NO
  Infiltration Method ...... HORTON
  Flow Routing Method ...... DYNWAVE
  Surcharge Method ......... EXTRAN
  Starting Date ............ 09/13/2026 00:00:00
  Ending Date .............. 09/14/2026 00:00:00
  Antecedent Dry Days ...... 0.0
  Report Time Step ......... 00:05:00
  Wet Time Step ............ 00:05:00
  Dry Time Step ............ 01:00:00
  Routing Time Step ........ 10.00 sec
  Variable Time Step ....... YES
  Maximum Trials ........... 8
  Number of Threads ........ 1
  Head Tolerance ........... 0.005000 m
  
  
  **************************        Volume         Depth
  Runoff Quantity Continuity     hectare-m            mm
  **************************     ---------       -------
  Total Precipitation ......       183.749        53.600
  Evaporation Loss .........         0.000         0.000
  Infiltration Loss ........       125.729        36.675
  Surface Runoff ...........        57.454        16.760
  Final Storage ............         1.068         0.311
  Continuity Error (%) .....        -0.273
  
  
  **************************        Volume        Volume
  Flow Routing Continuity        hectare-m      10^6 ltr
  **************************     ---------     ---------
  Dry Weather Inflow .......         0.000         0.000
  Wet Weather Inflow .......        57.454       574.545
  Groundwater Inflow .......         0.000         0.000
  RDII Inflow ..............         0.000         0.000
  External Inflow ..........         0.000         0.000
  External Outflow .........        39.230       392.307
  Flooding Loss ............         0.000         0.000
  Evaporation Loss .........         0.000         0.000
  Exfiltration Loss ........         0.000         0.000
  Initial Stored Volume ....         0.000         0.000
  Final Stored Volume ......        15.829       158.292
  Continuity Error (%) .....         4.168
  
  
  *************************
  Highest Continuity Errors
  *************************
  Node J49 (31.05%)
  Node J185 (15.39%)
  Node J201 (8.78%)
  Node J183 (8.64%)
  Node J135 (8.11%)
  
  
  ***************************
  Time-Step Critical Elements
  ***************************
  Link C4 (101.56%)
  
  
  ********************************
  Highest Flow Instability Indexes
  ********************************
  Link C202 (47)
  Link C197 (45)
  Link C196 (44)
  Link C174 (38)
  Link C200 (30)
  
  
  *********************************
  Most Frequent Nonconverging Nodes
  *********************************
  Node out1 (39.26%)
  Node out2 (39.26%)
  Node out3 (39.26%)
  Node out4 (39.26%)
  Node out5 (39.26%)
  
  
  *************************
  Routing Time Step Summary
  *************************
  Minimum Time Step           :     0.38 sec
  Average Time Step           :     0.50 sec
  Maximum Time Step           :    10.00 sec
  % of Time in Steady State   :     1.58
  Average Iterations per Step :     5.02
  % of Steps Not Converging   :    39.26
  Time Step Frequencies       :
     10.000 -  5.493 sec      :     0.01 %
      5.493 -  3.017 sec      :     0.00 %
      3.017 -  1.657 sec      :     0.00 %
      1.657 -  0.910 sec      :     0.00 %
      0.910 -  0.500 sec      :    99.99 %
  
  
  ***************************
  Subcatchment Runoff Summary
  ***************************
  
  ------------------------------------------------------------------------------------------------------------------------------
                            Total      Total      Total      Total     Imperv       Perv      Total       Total     Peak  Runoff
                           Precip      Runon       Evap      Infil     Runoff     Runoff     Runoff      Runoff   Runoff   Coeff
  Subcatchment                 mm         mm         mm         mm         mm         mm         mm    10^6 ltr      LPS
  ------------------------------------------------------------------------------------------------------------------------------
  S1                        53.60       0.00       0.00      29.93      12.53      10.90      23.43        1.64   545.37   0.437
  S2                        53.60       0.00       0.00      39.67       4.76       9.09      13.84        8.58  1902.48   0.258
  S3                        53.60       0.00       0.00      39.35       5.76       8.33      14.09       11.27  2187.95   0.263
  S4                        53.60       0.00       0.00      10.09      39.29       3.81      43.11        0.53   217.90   0.804
  S5                        53.60       0.00       0.00      11.56      37.59       3.68      41.27        1.04   363.29   0.770
  S6                        53.60       0.00       0.00      31.60       7.20      14.88      22.08        0.45   198.36   0.412
  S7                        53.60       0.00       0.00      38.45       3.32      11.85      15.17        1.01   274.29   0.283
  S8                        53.60       0.00       0.00      23.96      21.31       7.79      29.10        2.41   769.38   0.543
  S10                       53.60       0.00       0.00      12.35      35.84       5.26      41.10        0.22   100.22   0.767
  S11                       53.60       0.00       0.00      37.83       6.73       8.86      15.59        7.81  1687.88   0.291
  S12                       53.60       0.00       0.00      41.55       3.49       8.50      11.99        7.65  1517.45   0.224
  S13                       53.60       0.00       0.00      13.21      35.51       4.07      39.57        1.31   440.75   0.738
  S14                       53.60       0.00       0.00       8.03      42.23       2.74      44.97        0.85   326.83   0.839
  S15                       53.60       0.00       0.00      12.60      36.06       4.27      40.33        1.24   452.19   0.752
  S16                       53.60       0.00       0.00      31.85      12.30       9.15      21.46        2.78   805.12   0.400
  S18                       53.60       0.00       0.00      11.68      37.37       3.82      41.18        1.88   670.33   0.768
  S19                       53.60       0.00       0.00      20.47      25.08       7.57      32.65        0.59   222.22   0.609
  S20                       53.60       0.00       0.00       7.99      42.28       2.79      45.07        1.01   395.81   0.841
  S21                       53.60       0.00       0.00      13.14      35.01       4.99      40.00        0.43   169.39   0.746
  S22                       53.60       0.00       0.00      12.33      36.58       3.92      40.50        1.52   527.77   0.756
  S23                       53.60       0.00       0.00      19.51      27.59       5.74      33.33        2.45   740.78   0.622
  S24                       53.60       0.00       0.00      39.35       2.35      11.93      14.28        2.41   591.15   0.266
  S25                       53.60       0.00       0.00      22.22      24.39       6.26      30.66        3.56   997.08   0.572
  S26                       53.60       0.00       0.00       8.10      42.15       2.66      44.81        0.59   216.39   0.836
  S27                       53.60       0.00       0.00       8.79      41.34       2.57      43.91        2.61   863.34   0.819
  S28                       53.60       0.00       0.00      31.99       9.41      12.07      21.49        1.30   440.52   0.401
  S29                       53.60       0.00       0.00       8.17      42.08       2.59      44.68        0.60   211.99   0.834
  S30                       53.60       0.00       0.00      12.10      37.21       3.32      40.53        1.55   470.48   0.756
  S31                       53.60       0.00       0.00      12.62      35.68       4.92      40.60        0.21    86.96   0.758
  S32                       53.60       0.00       0.00       8.28      41.98       2.47      44.45        1.35   457.99   0.829
  S33                       53.60       0.00       0.00       8.21      42.04       2.54      44.58        1.33   463.17   0.832
  S34                       53.60       0.00       0.00       8.42      41.87       2.33      44.20        2.49   785.05   0.825
  S35                       53.60       0.00       0.00       8.20      42.05       2.56      44.61        1.02   356.55   0.832
  S36                       53.60       0.00       0.00       8.12      42.13       2.64      44.77        0.72   260.01   0.835
  S37                       53.60       0.00       0.00      14.79      33.02       5.18      38.20        2.05   758.12   0.713
  S38                       53.60       0.00       0.00       8.53      41.79       2.21      43.99        1.43   421.17   0.821
  S39                       53.60       0.00       0.00       8.13      42.12       2.63      44.75        2.22   793.36   0.835
  S40                       53.60       0.00       0.00       8.13      42.12       2.63      44.76        1.18   423.48   0.835
  S41                       53.60       0.00       0.00       8.22      42.03       2.53      44.57        2.01   696.28   0.832
  S42                       53.60       0.00       0.00       8.20      42.05       2.56      44.61        0.17    61.01   0.832
  S44                       53.60       0.00       0.00       8.19      42.06       2.57      44.63        0.97   341.99   0.833
  S45                       53.60       0.00       0.00       9.35      40.64       2.70      43.33        1.25   409.37   0.808
  S46                       53.60       0.00       0.00      10.29      39.18       3.46      42.64        1.05   382.61   0.796
  S47                       53.60       0.00       0.00       9.26      40.70       2.79      43.49        1.18   399.53   0.811
  S48                       53.60       0.00       0.00      18.23      28.36       6.43      34.79        0.82   298.67   0.649
  S49                       53.60       0.00       0.00       8.06      42.20       2.71      44.91        0.34   126.98   0.838
  S50                       53.60       0.00       0.00      23.57      19.55      10.29      29.83        0.20    86.69   0.557
  S51                       53.60       0.00       0.00      33.50       7.12      13.02      20.14        1.29   512.67   0.376
  S52                       53.60       0.00       0.00       7.78      42.55       3.05      45.60        0.35   152.45   0.851
  S53                       53.60       0.00       0.00       7.86      42.45       2.95      45.40        0.11    44.59   0.847
  S54                       53.60       0.00       0.00       7.85      42.46       2.96      45.42        0.15    63.63   0.847
  S55                       53.60       0.00       0.00      36.84       4.39      12.35      16.74        2.56   709.91   0.312
  S56                       53.60       0.00       0.00      27.31      18.60       7.13      25.73        4.92  1314.29   0.480
  S57                       53.60       0.00       0.00       7.88      42.42       2.92      45.33        0.21    85.15   0.846
  S58                       53.60       0.00       0.00       7.86      42.44       2.94      45.38        0.17    70.54   0.847
  S59                       53.60       0.00       0.00      13.99      34.13       4.84      38.98        0.14    51.98   0.727
  S60                       53.60       0.00       0.00       7.81      42.52       3.01      45.53        0.11    44.85   0.849
  S61                       53.60       0.00       0.00      13.49      35.47       3.73      39.20        2.83   872.09   0.731
  S62                       53.60       0.00       0.00       8.32      41.95       2.43      44.38        2.21   735.80   0.828
  S63                       53.60       0.00       0.00      20.64      24.83       7.64      32.48        0.73   271.64   0.606
  S64                       53.60       0.00       0.00       8.18      42.07       2.58      44.65        0.61   215.71   0.833
  S65                       53.60       0.00       0.00       8.31      41.96       2.44      44.40        1.16   386.98   0.828
  S66                       53.60       0.00       0.00      10.40      39.16       3.23      42.39        3.21  1108.19   0.791
  S67                       53.60       0.00       0.00       9.40      40.58       2.70      43.28        4.65  1512.06   0.807
  S68                       53.60       0.00       0.00       9.86      39.77       3.27      43.05        0.64   231.35   0.803
  S69                       53.60       0.00       0.00       9.31      40.69       2.68      43.37        2.51   816.22   0.809
  S70                       53.60       0.00       0.00       8.23      42.03       2.52      44.55        1.14   392.57   0.831
  S71                       53.60       0.00       0.00       7.95      42.33       2.84      45.18        0.66   265.49   0.843
  S72                       53.60       0.00       0.00       8.40      41.89       2.34      44.23        1.46   466.48   0.825
  S73                       53.60       0.00       0.00       8.25      42.01       2.51      44.52        0.63   215.99   0.831
  S74                       53.60       0.00       0.00       8.30      41.97       2.45      44.42        0.84   281.21   0.829
  S75                       53.60       0.00       0.00      12.66      36.07       4.14      40.21        0.67   236.64   0.750
  S76                       53.60       0.00       0.00      31.76       8.07      13.77      21.84        0.62   244.48   0.407
  S77                       53.60       0.00       0.00       7.98      42.29       2.80      45.08        0.47   183.66   0.841
  S78                       53.60       0.00       0.00       8.20      42.06       2.56      44.61        1.21   422.85   0.832
  S79                       53.60       0.00       0.00      32.54      12.89       7.78      20.68        6.95  1701.15   0.386
  S80                       53.60       0.00       0.00      37.21       6.91       9.33      16.24        7.59  1871.75   0.303
  S81                       53.60       0.00       0.00      29.89      13.90       9.47      23.37        2.28   675.39   0.436
  S82                       53.60       0.00       0.00      37.90       6.96       8.56      15.51       10.43  2262.60   0.289
  S83                       53.60       0.00       0.00      21.06      25.49       6.37      31.86        3.32  1027.00   0.594
  S84                       53.60       0.00       0.00      21.44      25.18       6.30      31.48        3.64  1113.80   0.587
  S85                       53.60       0.00       0.00       9.66      40.08       3.11      43.19        1.53   544.60   0.806
  S86                       53.60       0.00       0.00      32.95       6.81      13.85      20.66        1.02   380.90   0.385
  S87                       53.60       0.00       0.00      35.71       5.31      12.56      17.86        2.05   604.71   0.333
  S88                       53.60       0.00       0.00      33.55       9.02      10.93      19.95        1.56   509.35   0.372
  S89                       53.60       0.00       0.00      40.64       2.75      10.19      12.94        9.58  2020.89   0.241
  S90                       53.60       0.00       0.00      38.97       3.05      11.58      14.64        3.73   920.84   0.273
  S91                       53.60       0.00       0.00      32.12       2.65      19.37      22.02        0.10    65.68   0.411
  S92                       53.60       0.00       0.00      38.84       4.85       9.80      14.66        9.11  2005.16   0.273
  S93                       53.60       0.00       0.00      15.24      32.21       5.62      37.83        0.41   156.74   0.706
  S94                       53.60       0.00       0.00      16.90      29.75       6.49      36.24        0.55   219.39   0.676
  S95                       53.60       0.00       0.00      10.77      38.73       3.26      41.99        3.20  1078.74   0.783
  S96                       53.60       0.00       0.00      16.24      31.59       4.99      36.58        2.43   793.36   0.682
  S97                       53.60       0.00       0.00       7.87      42.43       2.93      45.36        0.16    66.11   0.846
  S98                       53.60       0.00       0.00      12.22      36.86       3.66      40.53        3.82  1263.55   0.756
  S99                       53.60       0.00       0.00       8.97      40.94       3.11      44.04        1.26   482.29   0.822
  S100                      53.60       0.00       0.00       8.05      42.21       2.72      44.93        0.91   345.27   0.838
  S101                      53.60       0.00       0.00       8.19      42.07       2.57      44.64        1.53   538.17   0.833
  S102                      53.60       0.00       0.00       8.32      41.95       2.43      44.38        1.09   360.58   0.828
  S103                      53.60       0.00       0.00      10.86      38.33       3.82      42.15        1.16   436.89   0.786
  S104                      53.60       0.00       0.00      16.82      29.21       7.40      36.61        0.02    10.62   0.683
  S105                      53.60       0.00       0.00      23.36      21.83       7.90      29.72        1.46   486.79   0.555
  S106                      53.60       0.00       0.00       8.00      42.27       2.78      45.05        0.52   201.10   0.841
  S107                      53.60       0.00       0.00       8.84      41.27       2.60      43.87        2.36   787.69   0.818
  S108                      53.60       0.00       0.00      36.27       6.58      10.63      17.21        5.08  1298.20   0.321
  S109                      53.60       0.00       0.00      40.17       2.89      10.51      13.40        7.61  1602.89   0.250
  S110                      53.60       0.00       0.00      34.36       2.60      16.84      19.44        0.92   420.47   0.363
  S111                      53.60       0.00       0.00      34.20       8.62      10.59      19.21        4.93  1354.63   0.358
  S112                      53.60       0.00       0.00      10.88      38.67       3.13      41.80        1.37   440.92   0.780
  S113                      53.60       0.00       0.00       7.84      42.47       2.97      45.45        0.12    49.05   0.848
  S114                      53.60       0.00       0.00       7.88      42.42       2.92      45.35        0.41   168.42   0.846
  S115                      53.60       0.00       0.00      12.38      36.49       3.98      40.47        1.22   427.72   0.755
  S116                      53.60       0.00       0.00       8.17      42.08       2.59      44.67        1.52   535.89   0.833
  S117                      53.60       0.00       0.00      28.26      12.99      12.24      25.23        0.44   181.23   0.471
  S118                      53.60       0.00       0.00      25.64      19.63       7.79      27.42        3.07   900.79   0.512
  S119                      53.60       0.00       0.00      15.29      32.19       5.57      37.76        0.30   114.09   0.704
  S121                      53.60       0.00       0.00      21.32      22.44       9.72      32.16        0.08    37.85   0.600
  S122                      53.60       0.00       0.00      21.05      24.07       8.05      32.12        0.28   108.92   0.599
  S123                      53.60       0.00       0.00      17.42      28.94       6.82      35.75        0.36   142.48   0.667
  S124                      53.60       0.00       0.00       7.93      42.36       2.86      45.22        0.21    84.51   0.844
  S125                      53.60       0.00       0.00       7.85      42.46       2.96      45.43        0.24   100.40   0.848
  S126                      53.60       0.00       0.00       7.89      42.41       2.91      45.32        0.21    87.32   0.845
  S127                      53.60       0.00       0.00      11.64      37.23       4.18      41.41        0.27   102.91   0.773
  S128                      53.60       0.00       0.00       8.09      42.16       2.67      44.84        0.90   329.48   0.836
  S130                      53.60       0.00       0.00       7.88      42.42       2.92      45.34        0.18    73.53   0.846
  S131                      53.60       0.00       0.00       7.85      42.45       2.95      45.41        0.16    66.36   0.847
  S132                      53.60       0.00       0.00      32.05       7.28      14.31      21.59        0.67   271.81   0.403
  S133                      53.60       0.00       0.00      31.09      14.81       7.25      22.06        7.01  1735.07   0.412
  S134                      53.60       0.00       0.00      33.80       5.39      14.46      19.85        0.77   285.49   0.370
  S135                      53.60       0.00       0.00       7.71      42.57       3.16      45.73        0.05    21.46   0.853
  S136                      53.60       0.00       0.00      10.36      38.96       3.79      42.76        0.41   161.71   0.798
  S137                      53.60       0.00       0.00       7.89      42.40       2.90      45.30        0.26   105.46   0.845
  S138                      53.60       0.00       0.00      18.66      27.26       7.25      34.51        0.29   116.30   0.644
  S139                      53.60       0.00       0.00      11.37      37.70       3.88      41.57        0.33   120.72   0.776
  S140                      53.60       0.00       0.00      15.13      32.25       5.74      37.99        0.43   169.07   0.709
  S141                      53.60       0.00       0.00      29.69      10.52      13.37      23.89        0.25   105.05   0.446
  S142                      53.60       0.00       0.00      14.29      33.61       5.13      38.74        0.53   199.42   0.723
  S143                      53.60       0.00       0.00      34.00       2.65      17.16      19.81        0.23   107.88   0.370
  S144                      53.60       0.00       0.00      33.47       2.65      17.76      20.41        0.19    97.51   0.381
  S145                      53.60       0.00       0.00      45.31       1.42       6.87       8.29       10.58  1845.44   0.155
  S146                      53.60       0.00       0.00      32.10      10.17      11.18      21.35        1.22   400.60   0.398
  S147                      53.60       0.00       0.00       9.11      40.78       3.05      43.83        2.29   839.85   0.818
  S148                      53.60       0.00       0.00       7.94      42.34       2.85      45.19        0.83   331.89   0.843
  S149                      53.60       0.00       0.00       7.95      42.32       2.83      45.16        1.30   521.20   0.842
  S150                      53.60       0.00       0.00      10.25      39.11       3.77      42.88        0.92   366.70   0.800
  S151                      53.60       0.00       0.00       9.47      40.31       3.13      43.44        1.71   618.45   0.810
  S152                      53.60       0.00       0.00       9.37      40.34       3.45      43.79        0.78   317.09   0.817
  S153                      53.60       0.00       0.00      14.41      33.50       5.07      38.58        1.25   465.31   0.720
  S154                      53.60       0.00       0.00       8.01      42.26       2.77      45.03        1.26   488.41   0.840
  S155                      53.60       0.00       0.00       7.91      42.38       2.89      45.27        0.95   386.76   0.845
  S156                      53.60       0.00       0.00      10.96      38.16       3.93      42.09        1.67   643.56   0.785
  S157                      53.60       0.00       0.00      30.37      10.01      13.26      23.27        1.19   536.09   0.434
  S158                      53.60       0.00       0.00      42.51       2.06       9.04      11.11        2.23   566.37   0.207
  S159                      53.60       0.00       0.00      34.67       2.40      16.76      19.16        0.55   272.31   0.357
  S160                      53.60       0.00       0.00      35.11       8.79       9.64      18.43        3.39  1103.75   0.344
  S161                      53.60       0.00       0.00      26.68      18.83       7.81      26.64        3.62  1294.54   0.497
  S162                      53.60       0.00       0.00      24.45      18.81      10.18      28.99        0.73   316.82   0.541
  S163                      53.60       0.00       0.00      24.85      19.47       9.11      28.58        0.83   342.84   0.533
  S164                      53.60       0.00       0.00      43.75       1.39       8.48       9.87        5.80  1188.86   0.184
  S166                      53.60       0.00       0.00      25.14      18.88       9.40      28.28        1.45   597.27   0.528
  S167                      53.60       0.00       0.00      23.18      19.82      10.46      30.28        0.64   289.08   0.565
  S168                      53.60       0.00       0.00      30.42       9.37      13.82      23.19        0.84   356.92   0.433
  S169                      53.60       0.00       0.00      30.09      14.10       9.22      23.32        0.81   284.01   0.435
  S170                      53.60       0.00       0.00      17.50      28.55       7.23      35.78        0.89   374.07   0.668
  S171                      53.60       0.00       0.00      33.86       8.15      11.56      19.71        1.85   665.95   0.368
  S172                      53.60       0.00       0.00      15.24      32.21       5.62      37.83        0.97   372.40   0.706
  S173                      53.60       0.00       0.00      11.96      36.77       4.32      41.09        0.82   312.48   0.767
  S174                      53.60       0.00       0.00      19.93      25.75       7.44      33.19        1.54   586.09   0.619
  S175                      53.60       0.00       0.00      32.22       6.76      14.71      21.47        0.89   372.18   0.401
  S176                      53.60       0.00       0.00      45.11       0.58       7.85       8.42        0.76   184.36   0.157
  S177                      53.60       0.00       0.00      36.33       8.94       8.28      17.21        0.95   297.51   0.321
  S178                      53.60       0.00       0.00      27.64      16.71       9.06      25.76        0.80   299.15   0.481
  S179                      53.60       0.00       0.00      42.82       0.72      10.12      10.83        0.43   133.56   0.202
  S180                      53.60       0.00       0.00      29.18      11.28      13.15      24.44        0.41   184.20   0.456
  S181                      53.60       0.00       0.00       7.73      42.58       3.12      45.70        0.12    50.85   0.853
  S182                      53.60       0.00       0.00      20.65      23.90       8.78      32.69        0.74   317.76   0.610
  S183                      53.60       0.00       0.00      43.14       0.54       9.99      10.52        0.37   121.22   0.196
  S184                      53.60       0.00       0.00      44.05       0.41       9.19       9.60        0.66   192.32   0.179
  S185                      53.60       0.00       0.00      45.58       1.04       6.99       8.02        6.59  1177.93   0.150
  S186                      53.60       0.00       0.00      34.52       3.80      15.41      19.20        1.09   444.58   0.358
  S187                      53.60       0.00       0.00      29.76       9.62      14.29      23.91        0.38   176.51   0.446
  S188                      53.60       0.00       0.00      43.15       1.91       8.55      10.47        0.83   219.27   0.195
  S189                      53.60       0.00       0.00      45.28       0.63       7.71       8.34        0.78   160.05   0.156
  S190                      53.60       0.00       0.00      21.75      22.87       8.67      31.54        0.91   372.22   0.588
  S191                      53.60       0.00       0.00      14.27      33.53       5.28      38.81        0.83   320.77   0.724
  S192                      53.60       0.00       0.00      14.30      33.71       4.96      38.67        1.34   493.62   0.721
  S193                      53.60       0.00       0.00      41.72       1.78      10.14      11.91        0.56   166.26   0.222
  S194                      53.60       0.00       0.00      42.80       0.68      10.17      10.85        0.62   199.08   0.202
  S195                      53.60       0.00       0.00      40.31       4.81       8.46      13.28        1.64   449.15   0.248
  S196                      53.60       0.00       0.00      30.97       9.84      12.74      22.58        0.83   321.57   0.421
  S197                      53.60       0.00       0.00      31.70       2.64      19.96      22.60        0.08    53.76   0.422
  S198                      53.60       0.00       0.00      41.20       1.60      10.84      12.44        1.51   390.55   0.232
  S199                      53.60       0.00       0.00      32.40       2.64      19.01      21.66        0.21   132.24   0.404
  S200                      53.60       0.00       0.00      37.40       4.30      11.93      16.23        1.23   393.36   0.303
  S201                      53.60       0.00       0.00      23.99      19.43       9.98      29.42        0.54   228.74   0.549
  S202                      53.60       0.00       0.00      43.49       1.69       8.43      10.13        2.57   538.14   0.189
  S203                      53.60       0.00       0.00      17.19      29.56       6.32      35.88        0.62   236.94   0.669
  S204                      53.60       0.00       0.00      44.21       0.74       8.67       9.42        0.40    93.11   0.176
  S205                      53.60       0.00       0.00      20.30      26.46       6.32      32.79        1.33   475.86   0.612
  S206                      53.60       0.00       0.00      15.99      31.27       5.78      37.05        0.31   117.12   0.691
  S207                      53.60       0.00       0.00      31.64       8.24      13.76      22.00        0.80   338.50   0.410
  S208                      53.60       0.00       0.00      33.78       6.77      13.07      19.84        0.97   363.40   0.370
  S209                      53.60       0.00       0.00      28.47      14.53      10.32      24.85        1.26   433.66   0.464
  S210                      53.60       0.00       0.00      29.36      12.12      12.13      24.24        0.31   137.43   0.452
  S211                      53.60       0.00       0.00      26.68      17.28       9.41      26.69        1.06   402.49   0.498
  S212                      53.60       0.00       0.00      34.88      11.56       6.97      18.53        4.37  1296.06   0.346
  S213                      53.60       0.00       0.00      37.42       7.45       8.65      16.10        1.76   503.84   0.300
  S214                      53.60       0.00       0.00      32.24       2.64      19.22      21.86        0.07    47.82   0.408
  S215                      53.60       0.00       0.00      37.37       5.90      10.30      16.19        1.82   527.05   0.302
  S216                      53.60       0.00       0.00      34.67       4.52      14.53      19.05        0.27   118.82   0.355
  S217                      53.60       0.00       0.00      34.03       3.78      15.98      19.76        0.52   250.46   0.369
  S218                      53.60       0.00       0.00      37.83       1.31      14.68      15.99        0.07    43.72   0.298
  S219                      53.60       0.00       0.00      42.57       0.76      10.32      11.09        0.36   115.74   0.207
  S220                      53.60       0.00       0.00      41.06       1.22      11.37      12.60        0.32   102.35   0.235
  S221                      53.60       0.00       0.00      44.84       0.11       8.64       8.75        0.19    54.48   0.163
  S222                      53.60       0.00       0.00      35.75       3.74      14.19      17.93        0.94   337.34   0.335
  S223                      53.60       0.00       0.00      38.69       1.95      13.04      14.99        0.52   167.21   0.280
  S224                      53.60       0.00       0.00      25.96      18.41       8.89      27.30        1.84   661.68   0.509
  S225                      53.60       0.00       0.00      35.68       5.62      12.33      17.96        0.53   192.93   0.335
  S226                      53.60       0.00       0.00      33.85       5.03      14.84      19.87        0.57   245.94   0.371
  S227                      53.60       0.00       0.00      33.04      10.62       9.83      20.45        1.15   391.10   0.382
  S228                      53.60       0.00       0.00      31.58       2.64      20.14      22.78        0.01     9.63   0.425
  S229                      53.60       0.00       0.00      37.20       2.65      13.85      16.50        0.89   340.59   0.308
  S230                      53.60       0.00       0.00      39.46       1.44      12.80      14.24        0.43   163.53   0.266
  S231                      53.60       0.00       0.00      40.13       1.18      12.38      13.56        0.36   146.05   0.253
  S232                      53.60       0.00       0.00      43.61       0.52       9.52      10.04        0.37   110.16   0.187
  S233                      53.60       0.00       0.00       8.01      42.25       2.77      45.02        1.04   404.38   0.840
  S234                      53.60       0.00       0.00       8.07      42.19       2.70      44.89        0.97   362.93   0.837
  S235                      53.60       0.00       0.00       7.92      42.36       2.87      45.23        0.35   143.27   0.844
  S236                      53.60       0.00       0.00       7.81      42.51       3.01      45.52        0.13    55.64   0.849
  S237                      53.60       0.00       0.00       7.83      42.48       2.98      45.47        0.22    91.25   0.848
  S238                      53.60       0.00       0.00       7.88      42.42       2.92      45.34        0.29   121.16   0.846
  S239                      53.60       0.00       0.00      14.99      32.31       5.90      38.21        0.14    56.69   0.713
  S240                      53.60       0.00       0.00      37.07       6.40      10.14      16.54        0.52   225.89   0.309
  S241                      53.60       0.00       0.00      20.46      24.68       8.06      32.74        0.77   305.91   0.611
  S242                      53.60       0.00       0.00       7.94      42.35       2.85      45.20        0.23    94.62   0.843
  S243                      53.60       0.00       0.00      30.62      13.81       8.91      22.73        4.43  1448.62   0.424
  S244                      53.60       0.00       0.00       7.94      42.34       2.85      45.18        0.16    64.26   0.843
  S245                      53.60       0.00       0.00      29.51      11.69      12.47      24.16        0.55   269.21   0.451
  S246                      53.60       0.00       0.00      35.58       7.13      10.90      18.03        1.33   489.36   0.336
  S247                      53.60       0.00       0.00       7.87      42.43       2.93      45.37        0.10    39.56   0.846
  S248                      53.60       0.00       0.00      18.60      26.46       8.43      34.89        0.15    65.94   0.651
  S249                      53.60       0.00       0.00      25.41      15.84      12.38      28.22        0.24   117.13   0.527
  S250                      53.60       0.00       0.00      26.91      14.47      12.14      26.61        0.20    89.11   0.496
  S251                      53.60       0.00       0.00      40.54       4.00       9.04      13.04        4.96  1248.72   0.243
  S252                      53.60       0.00       0.00      44.38       2.28       6.92       9.20       13.45  2524.83   0.172
  S253                      53.60       0.00       0.00      41.86       1.31      10.52      11.83        0.46   201.02   0.221
  S254                      53.60       0.00       0.00      42.64       1.44       9.55      10.99        2.35   590.31   0.205
  S255                      53.60       0.00       0.00      32.95       6.37      14.32      20.69        1.39   534.72   0.386
  S256                      53.60       0.00       0.00      36.22       4.87      12.56      17.43        1.64   611.59   0.325
  S257                      53.60       0.00       0.00      45.62       1.67       6.31       7.98        9.99  1773.16   0.149
  S258                      53.60       0.00       0.00      12.52      36.36       4.13      40.49        0.73   270.17   0.755
  S259                      53.60       0.00       0.00      16.24      31.50       5.10      36.60        2.51   836.88   0.683
  S260                      53.60       0.00       0.00      10.06      39.49       3.40      42.89        2.93  1075.07   0.800
  S261                      53.60       0.00       0.00       7.91      42.38       2.88      45.26        0.87   355.37   0.844
  S262                      53.60       0.00       0.00      25.39      19.43       8.41      27.84        4.37  1546.84   0.519
  S263                      53.60       0.00       0.00       8.00      42.26       2.78      45.04        1.10   428.93   0.840
  S264                      53.60       0.00       0.00      26.35      15.26      11.95      27.20        0.70   322.04   0.508
  S265                      53.60       0.00       0.00      25.40      17.36      10.63      28.00        1.47   607.15   0.522
  S266                      53.60       0.00       0.00      15.16      31.98       6.12      38.09        0.92   378.66   0.711
  S267                      53.60       0.00       0.00      42.93       0.96       9.76      10.73        0.67   233.35   0.200
  S268                      53.60       0.00       0.00      46.45       0.32       6.74       7.06        1.57   290.38   0.132
  S269                      53.60       0.00       0.00      33.80       8.38      11.43      19.81        0.23    91.20   0.369
  S270                      53.60       0.00       0.00      30.35       7.93      15.49      23.42        0.31   154.64   0.437
  S271                      53.60       0.00       0.00      25.13      15.87      12.72      28.59        0.08    39.94   0.533
  S273                      53.60       0.00       0.00      26.57      15.34      11.54      26.88        0.72   302.07   0.502
  S274                      53.60       0.00       0.00      21.25      23.70       8.24      31.94        0.89   344.64   0.596
  S275                      53.60       0.00       0.00      34.72       3.11      15.91      19.02        1.47   584.54   0.355
  S276                      53.60       0.00       0.00      41.15       2.77       9.70      12.47        0.70   218.62   0.233
  S277                      53.60       0.00       0.00      44.01       2.15       7.44       9.59        5.37  1093.59   0.179
  S278                      53.60       0.00       0.00      40.64       2.83      10.17      13.00        0.65   244.53   0.243
  S279                      53.60       0.00       0.00      44.61       0.00       8.97       8.97        0.22    73.56   0.167
  S280                      53.60       0.00       0.00      32.36      11.28       9.79      21.07        1.77   580.33   0.393
  S281                      53.60       0.00       0.00      31.50      10.32      11.69      22.01        1.56   570.77   0.411
  S282                      53.60       0.00       0.00      40.47       2.40      10.78      13.18        0.25   103.23   0.246
  S283                      53.60       0.00       0.00      19.74      26.29       7.03      33.32        2.18   794.43   0.622
  S284                      53.60       0.00       0.00      32.62       4.63      16.55      21.18        0.37   182.28   0.395
  S285                      53.60       0.00       0.00      32.68       2.65      18.67      21.32        0.17   104.08   0.398
  S286                      53.60       0.00       0.00      37.53       3.91      12.21      16.13        1.03   379.19   0.301
  S287                      53.60       0.00       0.00      24.17      19.48       9.64      29.12        1.09   427.28   0.543
  S288                      53.60       0.00       0.00      25.53      16.86      11.04      27.90        0.88   369.43   0.521
  S289                      53.60       0.00       0.00      20.41      25.21       7.54      32.75        0.96   367.95   0.611
  S290                      53.60       0.00       0.00      10.90      38.25       3.92      42.17        0.72   278.69   0.787
  S291                      53.60       0.00       0.00      28.11      13.26      12.11      25.37        1.44   589.71   0.473
  S292                      53.60       0.00       0.00      38.39       2.71      12.54      15.25        3.27   927.44   0.285
  S293                      53.60       0.00       0.00      20.30      25.65       7.16      32.82        1.48   551.54   0.612
  S294                      53.60       0.00       0.00       9.24      40.61       3.08      43.68        1.04   379.54   0.815
  S295                      53.60       0.00       0.00      13.00      35.47       4.49      39.96        1.32   487.50   0.746
  S296                      53.60       0.00       0.00      20.01      25.64       7.47      33.11        1.29   489.91   0.618
  S297                      53.60       0.00       0.00      12.90      35.82       4.12      39.94        1.54   535.35   0.745
  S298                      53.60       0.00       0.00      15.61      31.40       6.19      37.60        0.79   322.33   0.701
  S299                      53.60       0.00       0.00      38.14       6.62       8.81      15.44        0.69   211.98   0.288
  S300                      53.60       0.00       0.00      34.29       2.50      17.04      19.54        0.36   177.90   0.365
  S301                      53.60       0.00       0.00      28.95      11.96      12.63      24.59        0.96   404.92   0.459
  S302                      53.60       0.00       0.00      16.71      30.39       5.91      36.29        1.70   626.55   0.677
  S303                      53.60       0.00       0.00      10.87      38.55       3.37      41.92        3.03  1043.44   0.782
  S304                      53.60       0.00       0.00      16.38      31.33       5.30      36.63        0.98   355.81   0.683
  S305                      53.60       0.00       0.00      30.77      12.48      10.23      22.72        2.35   872.80   0.424
  S306                      53.60       0.00       0.00      15.14      32.74       5.02      37.76        1.03   364.93   0.704
  S307                      53.60       0.00       0.00      18.49      28.47       5.99      34.46        1.66   572.08   0.643
  S308                      53.60       0.00       0.00      31.90       8.05      13.70      21.75        0.48   203.95   0.406
  S309                      53.60       0.00       0.00      31.00       6.75      16.05      22.80        0.53   270.20   0.425
  S310                      53.60       0.00       0.00      29.24      12.33      11.94      24.26        0.67   268.62   0.453
  S311                      53.60       0.00       0.00      44.07       0.60       8.97       9.56        0.88   228.03   0.178
  S312                      53.60       0.00       0.00      29.50      17.05       6.87      23.92        1.33   447.16   0.446
  S313                      53.60       0.00       0.00      34.98       6.87      11.77      18.64        0.82   306.48   0.348
  S314                      53.60       0.00       0.00      24.95      19.44       8.79      28.23        2.63   910.00   0.527
  S315                      53.60       0.00       0.00      19.34      26.54       7.24      33.78        1.69   645.06   0.630
  S316                      53.60       0.00       0.00      45.79       1.48       6.34       7.82        9.46  1647.21   0.146
  S317                      53.60       0.00       0.00      14.19      34.06       4.63      38.69        1.91   668.92   0.722
  S318                      53.60       0.00       0.00      28.43      13.12      11.91      25.03        0.33   130.09   0.467
  S319                      53.60       0.00       0.00      42.53       3.47       7.59      11.06        3.17   729.78   0.206
  S320                      53.60       0.00       0.00      42.94       3.33       7.32      10.65        3.23   752.29   0.199
  S321                      53.60       0.00       0.00      47.81       1.19       4.49       5.67       18.53  2853.01   0.106
  S323                      53.60       0.00       0.00      23.09      22.01       8.00      30.01        2.77   949.79   0.560
  S324                      53.60       0.00       0.00       8.03      42.23       2.75      44.98        1.20   458.63   0.839
  S325                      53.60       0.00       0.00      18.70      27.83       6.56      34.38        1.77   660.88   0.641
  S326                      53.60       0.00       0.00      40.00       6.42       7.02      13.44       15.58  3517.42   0.251
  S327                      53.60       0.00       0.00      34.31       7.10      12.24      19.34        0.40   170.69   0.361
  S328                      53.60       0.00       0.00      32.64      13.63       7.08      20.71        4.52  1392.03   0.386
  S329                      53.60       0.00       0.00      35.32       3.27      15.11      18.37        0.97   352.26   0.343
  S331                      53.60       0.00       0.00      44.53       3.04       5.99       9.02        8.51  1764.80   0.168
  S333                      53.60       0.00       0.00      38.40       2.91      12.34      15.25        1.14   353.24   0.284
  S334                      53.60       0.00       0.00      37.13       5.38      11.06      16.44        1.40   410.44   0.307
  S335                      53.60       0.00       0.00      43.89       2.26       7.46       9.72        1.78   382.83   0.181
  S336                      53.60       0.00       0.00      18.75      28.21       5.94      34.15        3.09  1014.11   0.637
  S350                      53.60       0.00       0.00      17.01      31.21       4.43      35.65        6.03  1634.00   0.665
  S351                      53.60       0.00       0.00      10.06      39.28       3.82      43.10        1.05   419.50   0.804
  S353                      53.60       0.00       0.00       8.08      42.18       2.69      44.87        1.52   563.40   0.837
  S354                      53.60       0.00       0.00      14.40      33.34       5.35      38.69        0.90   348.01   0.722
  S355                      53.60       0.00       0.00      30.56      13.00       9.72      22.72        2.58   750.54   0.424
  S356                      53.60       0.00       0.00      27.94      17.43       7.69      25.12        4.69  1216.79   0.469
  
  
  ******************
  Node Depth Summary
  ******************
  
  ---------------------------------------------------------------------------------
                                 Average  Maximum  Maximum  Time of Max    Reported
                                   Depth    Depth      HGL   Occurrence   Max Depth
  Node                 Type       Meters   Meters   Meters  days hr:min      Meters
  ---------------------------------------------------------------------------------
  J4                   JUNCTION     0.05     0.28    77.90     0  01:45        0.28
  J5                   JUNCTION     0.08     0.74    93.73     0  01:47        0.70
  J6                   JUNCTION     0.06     0.55    96.58     0  01:45        0.55
  J7                   JUNCTION     0.17     0.82   103.62     0  02:19        0.82
  J8                   JUNCTION     0.07     0.63   103.46     0  01:45        0.62
  J9                   JUNCTION     1.24     1.46    93.43     1  00:00        1.46
  J10                  JUNCTION     1.05     1.21    93.17     1  00:00        1.21
  J11                  JUNCTION     0.03     0.20   101.10     0  01:45        0.19
  J12                  JUNCTION     0.04     0.36   101.35     0  01:45        0.36
  J13                  JUNCTION     0.04     0.36    93.01     0  01:46        0.35
  J14                  JUNCTION     0.05     0.44    94.27     0  01:45        0.43
  J15                  JUNCTION     2.17     2.46    88.53     1  00:00        2.46
  J16                  JUNCTION     2.60     3.11    89.19     1  00:00        3.11
  J17                  JUNCTION     0.04     0.34    96.67     0  01:45        0.34
  J18                  JUNCTION     0.04     0.32    97.41     0  01:45        0.32
  J19                  JUNCTION     0.01     0.16   101.41     0  01:45        0.16
  J20                  JUNCTION     0.01     0.08   101.82     0  01:45        0.08
  J21                  JUNCTION     0.04     0.41    99.37     0  01:45        0.41
  J22                  JUNCTION     0.01     0.19   100.26     0  01:45        0.19
  J23                  JUNCTION     0.08     2.70    96.84     0  01:48        2.70
  J24                  JUNCTION     0.33     5.29    78.85     0  02:10        5.29
  J25                  JUNCTION     0.04     0.35    85.98     0  01:45        0.35
  J26                  JUNCTION     0.76     4.97    91.83     0  02:36        4.97
  J27                  JUNCTION     0.11     1.66    94.33     0  01:51        1.66
  J28                  JUNCTION     0.15     2.67   100.92     0  01:52        2.67
  J29                  JUNCTION     0.12     2.90   102.71     0  01:40        2.05
  J30                  JUNCTION     0.09     2.10   103.38     0  01:45        0.80
  J31                  JUNCTION     0.13     1.90   103.24     0  01:45        0.82
  J32                  JUNCTION     2.61     3.21   101.94     0  01:59        3.21
  J33                  JUNCTION     0.05     0.38   101.81     0  01:45        0.38
  J34                  JUNCTION     3.37     4.13   117.91     1  00:00        4.13
  J35                  JUNCTION     2.97     3.71   117.91     0  23:58        3.71
  J36                  JUNCTION     0.06     0.65   119.88     0  01:45        0.63
  J37                  JUNCTION     0.01     0.08   123.07     0  01:45        0.08
  J38                  JUNCTION     0.09     1.91   122.89     0  01:48        1.90
  J39                  JUNCTION     0.04     1.90   123.16     0  01:41        1.90
  J40                  JUNCTION     0.08     2.05   123.25     0  01:45        2.04
  J41                  JUNCTION     0.02     0.18   123.54     0  01:45        0.18
  J42                  JUNCTION     0.04     0.32   120.44     0  01:45        0.32
  J43                  JUNCTION     0.04     0.38   113.25     0  01:45        0.38
  J44                  JUNCTION     0.01     0.10   115.49     0  01:45        0.10
  J45                  JUNCTION     0.04     0.36   109.35     0  01:45        0.35
  J46                  JUNCTION     0.06     0.48    98.90     0  01:46        0.47
  J47                  JUNCTION     0.53     1.83   104.93     0  02:22        1.83
  J48                  JUNCTION     0.01     0.10   105.16     0  01:45        0.10
  J49                  JUNCTION     1.27     2.61   104.87     0  01:42        2.61
  J50                  JUNCTION     3.10     3.69   103.95     0  03:52        3.69
  J51                  JUNCTION     0.04     0.39   105.97     0  01:45        0.39
  J52                  JUNCTION     0.09     0.61   104.49     0  01:45        0.59
  J53                  JUNCTION     0.02     0.21   105.33     0  01:45        0.21
  J54                  JUNCTION     0.05     0.45   100.93     0  01:45        0.45
  J55                  JUNCTION     0.05     0.46   101.16     0  01:45        0.46
  J56                  JUNCTION     0.06     0.54   101.75     0  01:45        0.54
  J57                  JUNCTION     2.54     3.11   103.96     0  04:01        3.11
  J58                  JUNCTION     0.05     0.53    99.44     0  01:45        0.53
  J59                  JUNCTION     3.54     4.19    96.36     1  00:00        4.19
  J60                  JUNCTION     0.07     0.57    96.19     0  01:46        0.56
  J61                  JUNCTION     0.04     0.32    94.92     0  01:45        0.32
  J62                  JUNCTION     0.06     3.00    98.11     0  01:34        3.00
  J63                  JUNCTION     0.28     3.60    98.06     0  01:33        3.57
  J64                  JUNCTION     0.04     1.90    98.15     0  01:42        1.90
  J65                  JUNCTION     0.06     0.58   117.58     0  01:45        0.58
  J66                  JUNCTION     0.20     0.94    99.22     0  01:47        0.92
  J67                  JUNCTION     0.01     0.12   100.22     0  01:45        0.12
  J68                  JUNCTION     0.03     0.23    97.26     0  01:45        0.23
  J69                  JUNCTION     0.04     0.34    88.95     0  01:45        0.34
  J70                  JUNCTION     0.03     0.35    91.91     0  01:45        0.34
  J71                  JUNCTION     0.04     0.38    84.08     0  01:45        0.38
  J72                  JUNCTION     0.05     0.48    89.69     0  01:45        0.48
  J73                  JUNCTION     0.03     0.24    91.43     0  01:45        0.24
  J74                  JUNCTION     0.05     0.45    86.76     0  01:45        0.45
  J75                  JUNCTION     0.08     2.20    98.51     0  01:45        0.79
  J76                  JUNCTION     0.10     3.40   100.59     0  01:46        3.40
  J77                  JUNCTION     0.03     0.50    99.99     0  01:47        0.36
  J78                  JUNCTION     0.02     0.19   100.05     0  01:45        0.19
  J79                  JUNCTION     0.04     0.36   104.16     0  01:45        0.35
  J80                  JUNCTION     0.03     0.23   113.29     0  01:47        0.22
  J81                  JUNCTION     0.08     0.64   113.93     0  01:45        0.64
  J82                  JUNCTION     0.03     0.27   112.14     0  01:45        0.27
  J83                  JUNCTION     1.00     1.11    94.76     1  00:00        1.11
  J84                  JUNCTION     2.14     2.38   105.64     1  00:00        2.38
  J85                  JUNCTION     0.02     0.20   107.50     0  01:45        0.20
  J86                  JUNCTION     0.03     0.23   109.25     0  01:45        0.23
  J87                  JUNCTION     0.04     0.33    96.88     0  01:45        0.33
  J88                  JUNCTION     0.04     0.34   101.49     0  01:45        0.34
  J89                  JUNCTION     0.03     0.22   109.56     0  01:45        0.22
  J90                  JUNCTION     0.06     0.58    63.90     0  01:45        0.58
  J91                  JUNCTION     0.08     1.37    45.87     0  01:49        1.37
  J92                  JUNCTION     0.31     2.19    33.45     0  02:10        2.19
  J93                  JUNCTION     0.10     0.42    30.47     0  01:45        0.42
  J94                  JUNCTION     0.09     0.48    29.63     0  01:45        0.48
  J95                  JUNCTION     0.16     2.09    32.35     0  01:52        2.09
  J96                  JUNCTION     0.04     0.34    41.23     0  01:45        0.34
  J97                  JUNCTION     0.04     0.39    93.70     0  01:45        0.39
  J98                  JUNCTION     0.05     0.49    62.88     0  01:45        0.49
  J99                  JUNCTION     0.03     0.32    44.93     0  01:45        0.32
  J100                 JUNCTION     0.10     1.01    44.78     0  01:48        1.01
  J101                 JUNCTION     0.15     1.50    43.81     0  01:56        1.50
  J102                 JUNCTION     0.22     1.69    44.72     0  01:59        1.69
  J103                 JUNCTION     0.04     0.39    54.68     0  01:45        0.39
  J104                 JUNCTION     0.02     0.17   100.49     0  01:45        0.17
  J105                 JUNCTION     0.04     0.40    63.81     0  01:45        0.39
  J106                 JUNCTION     0.14     0.93    36.10     0  02:34        0.93
  J107                 JUNCTION     0.45     0.78    32.15     0  03:18        0.78
  J108                 JUNCTION     0.69     2.25    33.60     0  03:01        2.25
  J109                 JUNCTION     0.14     0.85    33.68     0  01:56        0.85
  J110                 JUNCTION     1.91     2.28    32.11     0  19:08        2.28
  J111                 JUNCTION     0.31     0.61    32.08     0  19:30        0.61
  J112                 JUNCTION     3.61     4.13    32.12     0  19:07        4.13
  J113                 JUNCTION     2.34     2.84    32.09     0  19:32        2.84
  J114                 JUNCTION     2.04     2.51    32.08     0  19:36        2.51
  J115                 JUNCTION     1.75     2.18    32.08     0  19:32        2.18
  J116                 JUNCTION     4.10     4.77    32.04     0  22:22        4.77
  J117                 JUNCTION     1.56     2.03    32.04     0  20:41        2.03
  J118                 JUNCTION     1.74     2.23    32.05     0  20:36        2.23
  J119                 JUNCTION     1.88     2.40    32.04     1  00:00        2.40
  J120                 JUNCTION     1.97     2.53    32.04     1  00:00        2.53
  J121                 JUNCTION     1.00     1.71    31.40     0  01:51        1.71
  J122                 JUNCTION     0.19     0.51    31.01     0  01:45        0.51
  J123                 JUNCTION     1.48     2.04    28.81     0  01:43        2.04
  J124                 JUNCTION     0.14     0.50    28.65     0  01:44        0.50
  J125                 JUNCTION     0.05     0.39    30.19     0  01:45        0.39
  J126                 JUNCTION     0.06     0.51    31.81     0  01:45        0.51
  J127                 JUNCTION     0.24     1.10    31.07     0  01:44        1.02
  J128                 JUNCTION     0.08     0.92    31.07     0  01:44        0.92
  J129                 JUNCTION     0.14     0.65    20.70     0  01:45        0.64
  J130                 JUNCTION     1.64     2.61    21.15     0  01:58        2.60
  J131                 JUNCTION     0.02     0.17    30.45     0  01:45        0.17
  J132                 JUNCTION     0.72     1.74    21.33     0  02:29        1.74
  J133                 JUNCTION     0.02     0.15    31.49     0  01:40        0.15
  J134                 JUNCTION     1.55     2.11    32.04     0  22:22        2.11
  J135                 JUNCTION     0.92     1.40    31.22     0  01:46        1.40
  J136                 JUNCTION     1.10     1.32    30.99     0  01:47        1.32
  J137                 JUNCTION     2.23     2.53    31.00     0  01:45        2.52
  J138                 JUNCTION     2.29     2.52    30.89     0  20:18        2.52
  J139                 JUNCTION     1.60     1.91    31.23     0  05:39        1.91
  J140                 JUNCTION     0.58     1.40    32.04     0  03:08        1.40
  J141                 JUNCTION     1.76     2.20    32.12     0  19:06        2.20
  J142                 JUNCTION     2.50     3.60    31.71     0  07:28        3.60
  J143                 JUNCTION     2.59     3.50    31.51     0  20:23        3.39
  J144                 JUNCTION     1.43     2.29    31.58     0  03:54        2.29
  J145                 JUNCTION     2.00     2.82    31.47     0  04:08        2.82
  J146                 JUNCTION     1.37     2.14    31.47     0  04:08        2.14
  J147                 JUNCTION     1.58     2.53    31.68     0  03:33        2.53
  J148                 JUNCTION     0.61     1.49    31.68     0  03:34        1.49
  J149                 JUNCTION     1.19     2.09    31.68     0  03:35        2.09
  J150                 JUNCTION     1.77     2.80    31.77     0  03:23        2.80
  J151                 JUNCTION     0.09     0.26    30.99     0  04:08        0.26
  J152                 JUNCTION     1.47     2.60    31.91     0  03:03        2.60
  J153                 JUNCTION     0.55     1.60    31.91     0  03:10        1.60
  J154                 JUNCTION     1.63     3.03    32.33     0  03:03        3.03
  J155                 JUNCTION     0.50     1.85    32.36     0  03:01        1.85
  J156                 JUNCTION     0.81     2.17    32.31     0  03:12        2.16
  J157                 JUNCTION     0.72     2.07    32.32     0  03:15        2.07
  J158                 JUNCTION     0.02     0.25    32.32     0  03:14        0.25
  J159                 JUNCTION     0.32     1.63    32.59     0  03:00        1.63
  J160                 JUNCTION     0.51     1.71    32.09     0  03:56        1.70
  J161                 JUNCTION     0.85     2.21    32.05     0  03:57        2.21
  J162                 JUNCTION     1.46     2.79    31.94     0  03:20        2.79
  J163                 JUNCTION     1.90     2.99    31.62     0  03:40        2.99
  J164                 JUNCTION     0.12     0.46    31.36     0  03:51        0.46
  J165                 JUNCTION     1.08     2.14    31.62     0  03:38        2.14
  J166                 JUNCTION     0.07     0.28    31.36     0  03:51        0.28
  J167                 JUNCTION     0.27     1.03    31.77     0  03:20        1.03
  J168                 JUNCTION     2.30     2.90    30.83     0  04:05        2.90
  J169                 JUNCTION     1.73     2.29    30.83     0  04:05        2.29
  J170                 JUNCTION     2.99     3.52    30.69     0  02:07        3.52
  J171                 JUNCTION     0.15     0.42    30.56     0  02:05        0.41
  J172                 JUNCTION     0.89     1.19    30.57     0  02:37        1.19
  J173                 JUNCTION     0.02     0.16    27.94     0  01:45        0.16
  J174                 JUNCTION     1.90     3.26    31.94     0  03:26        3.26
  J175                 JUNCTION     2.00     3.39    31.98     0  03:31        3.39
  J176                 JUNCTION     1.75     3.14    31.98     0  03:31        3.14
  J177                 JUNCTION     0.78     2.08    31.98     0  03:31        2.08
  J178                 JUNCTION     0.30     1.00    31.59     0  04:27        1.00
  J179                 JUNCTION     2.40     3.10    31.43     0  04:32        3.10
  J180                 JUNCTION     2.05     3.48    32.01     0  03:34        3.48
  J181                 JUNCTION     0.21     1.08    32.37     0  02:47        1.08
  J182                 JUNCTION     0.27     1.22    32.02     0  03:30        1.22
  J183                 JUNCTION     2.00     3.42    32.00     0  03:41        3.42
  J184                 JUNCTION     0.23     1.12    32.00     0  03:41        1.12
  J185                 JUNCTION     1.49     2.83    31.94     0  03:21        2.83
  J186                 JUNCTION     0.07     0.71    33.51     0  01:45        0.71
  J187                 JUNCTION     0.26     2.60    35.38     0  01:46        2.60
  J188                 JUNCTION     0.04     0.32    35.65     0  01:41        0.31
  J189                 JUNCTION     0.23     2.80    35.32     0  01:36        2.48
  J190                 JUNCTION     3.05     3.51    31.08     0  04:57        3.51
  J191                 JUNCTION     1.03     1.18    30.78     0  20:03        1.18
  J192                 JUNCTION     0.06     0.33    27.93     0  01:45        0.33
  J193                 JUNCTION     0.93     1.90    29.94     0  02:24        1.90
  J194                 JUNCTION     0.52     1.30    29.77     0  01:35        1.30
  J195                 JUNCTION     0.47     0.91    29.43     0  01:36        0.90
  J196                 JUNCTION     1.28     1.92    29.60     0  01:57        1.92
  J197                 JUNCTION     0.85     1.26    29.38     0  02:27        1.26
  J198                 JUNCTION     0.59     2.20    30.60     0  03:20        2.20
  J199                 JUNCTION     0.23     1.78    29.46     0  01:51        1.78
  J200                 JUNCTION     0.14     1.63    30.77     0  01:54        1.63
  J201                 JUNCTION     0.75     1.77    30.00     0  01:49        1.77
  J202                 JUNCTION     0.19     2.00    30.79     0  01:44        2.00
  J203                 JUNCTION     0.09     0.35    28.22     0  01:45        0.35
  J204                 JUNCTION     0.42     2.54    32.29     0  01:56        2.54
  J205                 JUNCTION     0.45     2.22    32.44     0  02:49        2.22
  J206                 JUNCTION     0.08     0.34    27.79     0  01:42        0.34
  J207                 JUNCTION     0.23     2.60    30.16     0  01:35        2.19
  J208                 JUNCTION     0.22     1.61    30.00     0  01:47        1.61
  J209                 JUNCTION     0.88     1.78    29.80     0  02:43        1.78
  J210                 JUNCTION     0.29     1.70    30.27     0  01:42        1.70
  J211                 JUNCTION     0.19     1.34    30.08     0  01:49        1.34
  J212                 JUNCTION     0.07     0.58    29.26     0  01:45        0.58
  J213                 JUNCTION     0.05     0.46    29.04     0  01:45        0.46
  J214                 JUNCTION     0.32     1.73    30.52     0  01:59        1.73
  J215                 JUNCTION     1.96     3.00    29.57     0  02:41        3.00
  J216                 JUNCTION     0.32     3.81    29.86     0  01:53        3.81
  J217                 JUNCTION     0.06     0.40    26.25     0  01:45        0.40
  J218                 JUNCTION     0.66     1.41    29.32     0  04:27        1.41
  J219                 JUNCTION     0.11     0.32    28.34     0  01:45        0.32
  J220                 JUNCTION     0.04     0.30    27.41     0  01:45        0.30
  J221                 JUNCTION     0.14     0.63    27.66     0  01:48        0.62
  J222                 JUNCTION     0.05     0.50    28.29     0  01:46        0.48
  J223                 JUNCTION     0.32     3.10    30.79     0  02:22        3.10
  J224                 JUNCTION     0.04     0.47    37.84     0  01:46        0.46
  J225                 JUNCTION     0.05     0.51    37.87     0  01:40        0.50
  J226                 JUNCTION     0.05     0.51    37.07     0  01:41        0.51
  J227                 JUNCTION     0.09     1.55    37.71     0  01:48        1.53
  J228                 JUNCTION     0.06     0.46    47.76     0  01:45        0.46
  J229                 JUNCTION     0.01     0.12    32.55     0  01:40        0.12
  J230                 JUNCTION     0.01     0.15    32.31     0  01:41        0.15
  J231                 JUNCTION     0.01     0.09    32.70     0  01:40        0.09
  J232                 JUNCTION     0.05     0.29    32.15     0  01:45        0.29
  J233                 JUNCTION     0.03     0.18    31.62     0  01:45        0.18
  J234                 JUNCTION     0.01     0.06    31.74     0  01:40        0.06
  J235                 JUNCTION     0.08     0.49    33.22     0  01:45        0.49
  J236                 JUNCTION     0.13     0.81    33.68     0  02:27        0.81
  J237                 JUNCTION     0.13     0.56    32.36     0  01:41        0.55
  J238                 JUNCTION     0.03     0.26    33.09     0  01:40        0.25
  J239                 JUNCTION     0.12     0.58    32.40     0  01:41        0.58
  J240                 JUNCTION     0.04     0.25    31.98     0  01:45        0.25
  J241                 JUNCTION     0.06     0.42    32.64     0  01:45        0.42
  J242                 JUNCTION     0.05     0.42    32.08     0  01:45        0.42
  J243                 JUNCTION     0.03     0.27    31.34     0  01:45        0.27
  J244                 JUNCTION     0.04     0.27    31.04     0  01:45        0.27
  J245                 JUNCTION     0.10     1.10    32.35     0  01:45        1.10
  J246                 JUNCTION     0.04     0.26    32.46     0  01:45        0.26
  J247                 JUNCTION     0.07     0.54    30.66     0  01:45        0.54
  J248                 JUNCTION     0.31     0.66    32.08     0  19:32        0.66
  out1                 OUTFALL      0.14     0.75    22.75     0  02:22        0.75
  out2                 OUTFALL      0.09     0.60   100.60     0  01:45        0.58
  out3                 OUTFALL      0.06     0.42    30.42     0  01:45        0.42
  out4                 OUTFALL      0.04     0.29    25.29     0  01:45        0.29
  out5                 OUTFALL      0.06     0.40    21.40     0  01:45        0.40
  out6                 OUTFALL      0.00     0.00     0.00     0  00:00        0.00
  out7                 OUTFALL      0.08     0.33    25.33     0  01:42        0.33
  out8                 OUTFALL      0.06     0.57    90.57     0  01:46        0.55
  out9                 OUTFALL      0.23     0.75    80.75     0  02:36        0.75
  out10                OUTFALL      0.05     0.39    25.39     0  01:45        0.39
  out11                OUTFALL      0.05     0.29    29.29     0  01:45        0.29
  out12                OUTFALL      0.01     0.06    29.06     0  01:40        0.06
  out13                OUTFALL      0.03     0.18    29.18     0  01:45        0.18
  out14                OUTFALL      0.01     0.15    30.15     0  01:41        0.15
  out15                OUTFALL      0.01     0.12    28.12     0  01:40        0.12
  out16                OUTFALL      0.04     0.25    28.25     0  01:45        0.25
  out17                OUTFALL      0.00     0.00     0.00     0  00:00        0.00
  out18                OUTFALL      0.09     0.48    25.48     0  01:45        0.48
  out19                OUTFALL      0.08     0.80    32.80     0  01:40        0.80
  out20                OUTFALL      0.00     0.00     0.00     0  00:00        0.00
  out21                OUTFALL      0.09     0.34    25.34     0  01:45        0.34
  out22                OUTFALL      0.10     0.32    26.32     0  01:45        0.32
  out23                OUTFALL      0.03     0.27    29.27     0  01:45        0.27
  out24                OUTFALL      0.04     0.27    27.27     0  01:45        0.27
  out25                OUTFALL      0.03     0.26    29.26     0  01:45        0.26
  out26                OUTFALL      0.02     0.17    28.17     0  01:45        0.17
  out27                OUTFALL      0.03     0.24    90.24     0  01:45        0.24
  out28                OUTFALL      0.01     0.16    25.16     0  01:45        0.16
  out29                OUTFALL      0.15     0.42    26.42     0  02:06        0.41
  out30                OUTFALL      0.00     0.00     0.00     0  00:00        0.00
  out31                OUTFALL      0.00     0.00     0.00     0  00:00        0.00
  out32                OUTFALL      0.05     0.51    32.51     0  01:41        0.51
  out33                OUTFALL      0.00     0.00     0.00     0  00:00        0.00
  out34                OUTFALL      0.14     0.50    26.50     0  01:44        0.50
  out35                OUTFALL      0.13     0.80    70.80     0  01:36        0.80
  out36                OUTFALL      0.05     0.28    77.28     0  01:45        0.28
  out37                OUTFALL      0.00     0.00    28.00     0  00:00        0.00
  out38                OUTFALL      0.06     0.33    25.33     0  01:45        0.33
  out39                OUTFALL      0.04     0.29    23.29     0  01:45        0.29
  out40                OUTFALL      0.05     0.44    84.44     0  01:45        0.44
  out41                OUTFALL      0.04     0.32    90.32     0  01:45        0.32
  out42                OUTFALL      0.04     0.38    80.38     0  01:45        0.37
  out43                OUTFALL      0.09     0.35    22.35     0  01:45        0.35
  out45                OUTFALL      0.14     0.65    16.65     0  01:45        0.64
  vir1                 OUTFALL      0.00     0.00    20.00     0  00:00        0.00
  vir2                 OUTFALL      0.00     0.00    20.00     0  00:00        0.00
  vir3                 OUTFALL      0.00     0.00    20.00     0  00:00        0.00
  vir4                 OUTFALL      0.00     0.00    25.00     0  00:00        0.00
  vir5                 OUTFALL      0.00     0.00    90.00     0  00:00        0.00
  vir6                 OUTFALL      0.00     0.00    90.00     0  00:00        0.00
  
  
  *******************
  Node Inflow Summary
  *******************
  
  -------------------------------------------------------------------------------------------------
                                  Maximum  Maximum                  Lateral       Total        Flow
                                  Lateral    Total  Time of Max      Inflow      Inflow     Balance
                                   Inflow   Inflow   Occurrence      Volume      Volume       Error
  Node                 Type           LPS      LPS  days hr:min    10^6 ltr    10^6 ltr     Percent
  -------------------------------------------------------------------------------------------------
  J4                   JUNCTION   2853.01  4304.01     0  01:45        18.5        24.5      -0.027
  J5                   JUNCTION    729.78  1654.63     0  01:45        3.17        5.94      -0.038
  J6                   JUNCTION    949.79   949.79     0  01:45        2.77        2.77      -0.130
  J7                   JUNCTION   4178.30  4178.30     0  01:45        17.4        17.4      -1.476
  J8                   JUNCTION   1425.37  1425.37     0  01:45        4.38        4.38      -0.275
  J9                   JUNCTION    752.29  2314.48     0  01:45        3.23        21.3     -48.756
  J10                  JUNCTION   1296.06  3147.47     0  01:45        4.37        10.4     -48.635
  J11                  JUNCTION    364.93   364.93     0  01:45        1.03        1.03      -0.675
  J12                  JUNCTION    592.98   592.98     0  01:45        1.64        1.64      -0.257
  J13                  JUNCTION    404.92   599.04     0  01:45       0.962        1.56      -0.343
  J14                  JUNCTION    278.69   855.12     0  01:45        0.72        2.37      -0.165
  J15                  JUNCTION    379.19  1614.85     0  01:45        1.03        4.68     -48.456
  J16                  JUNCTION    427.28  1856.55     0  01:45        1.09        5.09     -48.615
  J17                  JUNCTION    580.33   730.28     0  01:45        1.77        2.08      -0.226
  J18                  JUNCTION    586.09   625.13     0  01:45        1.54        1.62      -0.247
  J19                  JUNCTION    154.64   154.64     0  01:45       0.306       0.306      -0.276
  J20                  JUNCTION     39.94    39.94     0  01:45      0.0775      0.0775      -0.437
  J21                  JUNCTION    646.71   646.71     0  01:45         1.6         1.6      -0.197
  J22                  JUNCTION    104.08   104.08     0  01:45       0.173       0.173      -0.139
  J23                  JUNCTION   1896.75  2524.01     0  01:45        7.55        9.16      -0.071
  J24                  JUNCTION   2919.47  5732.42     0  01:45          13          24      -0.085
  J25                  JUNCTION    674.00   674.00     0  01:45        1.81        1.81      -0.281
  J26                  JUNCTION   3202.27  6074.53     0  01:45        13.8          31      -1.014
  J27                  JUNCTION   1669.99  1669.99     0  01:45        4.73        4.73      -0.176
  J28                  JUNCTION   1517.15  3136.86     0  01:45        4.72        12.5      -0.039
  J29                  JUNCTION    872.80  1638.14     0  01:45        2.35        7.75       0.012
  J30                  JUNCTION    355.81   795.48     0  01:45       0.976         5.4       0.002
  J31                  JUNCTION   1025.26  1025.26     0  01:45        2.83         5.2      -0.022
  J32                  JUNCTION    799.02  1486.66     0  01:45        2.24        3.02     -17.075
  J33                  JUNCTION    572.08   572.08     0  01:45        1.66        1.66      -0.544
  J34                  JUNCTION   2561.86  4522.24     0  01:45        10.7        16.6     -49.560
  J35                  JUNCTION     43.72  1975.55     0  01:45      0.0718        6.52       1.021
  J36                  JUNCTION    539.92  1969.96     0  01:45        1.36         6.4      -0.040
  J37                  JUNCTION    110.16   110.16     0  01:45       0.368       0.368      -0.032
  J38                  JUNCTION    527.05  1803.05     0  01:45        1.82        4.67      -0.024
  J39                  JUNCTION    369.28   383.96     0  01:41       0.791       0.792       1.043
  J40                  JUNCTION    400.73   739.96     0  01:45        1.17        2.06      -0.078
  J41                  JUNCTION    340.59   340.59     0  01:45       0.894       0.895      -0.024
  J42                  JUNCTION    744.59   744.59     0  01:45        2.36        2.36      -0.074
  J43                  JUNCTION    245.94  1096.81     0  01:45       0.574         3.3      -0.034
  J44                  JUNCTION    115.74   115.74     0  01:45        0.36        0.36      -0.038
  J45                  JUNCTION    494.17  1574.58     0  01:45        1.45        4.75      -0.173
  J46                  JUNCTION    309.58  3070.35     0  01:45       0.787        9.73      -0.002
  J47                  JUNCTION    538.14  1245.99     0  01:45        2.57        5.82      -0.149
  J48                  JUNCTION     93.11    93.11     0  01:45       0.396       0.397      -0.033
  J49                  JUNCTION    824.48  1398.80     0  01:42        2.55        13.7      45.035
  J50                  JUNCTION    742.76  2044.66     0  01:43        1.67        8.67     -22.317
  J51                  JUNCTION    622.10   622.10     0  01:45        1.77        1.77      -0.139
  J52                  JUNCTION    522.79  1643.56     0  01:45        1.72        7.01       0.584
  J53                  JUNCTION    320.77   320.77     0  01:45       0.829        0.83      -0.145
  J54                  JUNCTION    659.88   979.99     0  01:45         1.9        2.74      -0.061
  J55                  JUNCTION    379.54   814.41     0  01:45        1.04        2.36      -0.015
  J56                  JUNCTION    448.91   448.91     0  01:45        1.31        1.31      -0.128
  J57                  JUNCTION    177.90   430.02     0  01:32       0.359        2.14       5.861
  J58                  JUNCTION    923.76  1728.19     0  01:45        2.39        4.75      -0.042
  J59                  JUNCTION    487.50  2196.32     0  01:45        1.32        6.07     -49.679
  J60                  JUNCTION    228.03  3257.94     0  01:46       0.878        10.6      -0.018
  J61                  JUNCTION    313.54  1542.84     0  01:45        1.03        4.38      -0.011
  J62                  JUNCTION    447.16   498.98     0  01:33        1.33        1.33      -0.337
  J63                  JUNCTION    306.48  1244.93     0  01:44       0.821        3.35       0.000
  J64                  JUNCTION    458.63   458.63     0  01:40         1.2         1.2      -0.032
  J65                  JUNCTION   1562.72  1562.72     0  01:45        4.92        4.92      -0.257
  J66                  JUNCTION    167.21   365.37     0  01:45        0.52        1.18       0.000
  J67                  JUNCTION    199.08   199.08     0  01:45       0.616       0.617      -0.027
  J68                  JUNCTION    322.33   322.33     0  01:45       0.794       0.794      -0.284
  J69                  JUNCTION    356.92  1826.99     0  01:45       0.841        4.56      -0.019
  J70                  JUNCTION    444.58   444.58     0  01:45        1.09        1.09       0.015
  J71                  JUNCTION    338.50  2137.82     0  01:45       0.796        5.36      -0.007
  J72                  JUNCTION    737.38   737.38     0  01:45        1.83        1.83      -0.042
  J73                  JUNCTION    219.27  1180.84     0  01:45       0.827        3.57      -0.027
  J74                  JUNCTION    556.53  3071.47     0  01:44        1.65        9.94      -0.016
  J75                  JUNCTION    133.56  2502.89     0  01:46       0.425         6.9       0.049
  J76                  JUNCTION    794.43  2214.98     0  01:45        2.18         6.5       0.308
  J77                  JUNCTION    176.51   460.44     0  01:45       0.382       0.962      -0.086
  J78                  JUNCTION    184.20   184.20     0  01:45       0.407       0.408      -0.036
  J79                  JUNCTION    297.51   982.84     0  01:45       0.952        3.35      -0.058
  J80                  JUNCTION    160.05   422.94     0  01:45       0.782        1.59       0.128
  J81                  JUNCTION    284.01   284.01     0  01:45       0.807       0.807      -0.555
  J82                  JUNCTION    665.95   665.95     0  01:45        1.85        1.85      -0.145
  J83                  JUNCTION   1376.06  2029.11     0  01:45        3.94        5.79     -49.413
  J84                  JUNCTION    342.84   716.62     0  01:45       0.831        1.72     -49.660
  J85                  JUNCTION    374.07   374.07     0  01:45       0.892       0.892      -0.028
  J86                  JUNCTION    299.15   299.15     0  01:45       0.799       0.799      -0.251
  J87                  JUNCTION    289.08   970.34     0  01:45       0.641        2.43      -0.005
  J88                  JUNCTION    312.48   683.00     0  01:45       0.819        1.79      -0.067
  J89                  JUNCTION    372.40   372.40     0  01:45       0.967       0.967      -0.069
  J90                  JUNCTION   1294.54  2255.55     0  01:45        3.62        6.06      -0.051
  J91                  JUNCTION    643.56  2846.01     0  01:45        1.67        7.73      -0.132
  J92                  JUNCTION    404.38  2612.67     0  01:40        1.04        8.78      -2.550
  J93                  JUNCTION    392.57  1056.06     0  01:45        1.14        10.2      -0.026
  J94                  JUNCTION    356.55  2475.37     0  01:45        1.02        17.4       0.014
  J95                  JUNCTION   1108.19  2252.07     0  01:45        3.21        6.18      -0.171
  J96                  JUNCTION    331.89  1150.23     0  01:45       0.826        2.97      -0.114
  J97                  JUNCTION   1307.85  1307.85     0  01:45        3.09        3.09      -0.169
  J98                  JUNCTION    316.82  1607.12     0  01:45       0.733        3.83       0.018
  J99                  JUNCTION    366.70  1912.24     0  01:45       0.916        4.75      -0.316
  J100                 JUNCTION    929.41  1257.26     0  01:45        2.49        3.33      -0.336
  J101                 JUNCTION   2221.45  4338.08     0  01:45        6.14        19.5      -0.002
  J102                 JUNCTION    930.06  3146.29     0  01:44        2.51        8.79      -2.774
  J103                 JUNCTION   1075.07  1075.07     0  01:45        2.93        2.93      -0.160
  J104                 JUNCTION    361.59   361.59     0  01:45       0.858       0.859      -0.402
  J105                 JUNCTION   1102.46  1461.34     0  01:45        3.43        4.29      -0.063
  J106                 JUNCTION    836.88  2962.65     0  01:45        2.51          22      -0.153
  J107                 JUNCTION    440.92  1209.32     0  02:40        1.37        21.4       0.539
  J108                 JUNCTION    963.61  3062.99     0  01:38        2.74        19.7       0.000
  J109                 JUNCTION   1512.06  1512.06     0  01:45        4.65        4.65      -0.947
  J110                 JUNCTION    422.85  1564.40     0  01:42        1.21        10.7     -17.572
  J111                 JUNCTION    747.06  1420.35     0  01:45        1.98        12.1       1.758
  J112                 JUNCTION    399.53  1263.15     0  01:45        1.18        15.3     -16.122
  J113                 JUNCTION    466.48  1181.80     0  01:40        1.46        12.5       1.734
  J114                 JUNCTION    215.71   773.63     0  01:41       0.613          19       0.935
  J115                 JUNCTION    281.21   606.81     0  01:45       0.837        2.18     -42.666
  J116                 JUNCTION    457.99   731.52     0  01:45        1.35        9.84     -30.272
  J117                 JUNCTION    751.36   855.19     0  01:45        2.23        19.3       1.202
  J118                 JUNCTION    785.05   785.05     0  01:45        2.49        6.36     -47.612
  J119                 JUNCTION    211.99   559.58     0  01:40       0.599        12.5       1.048
  J120                 JUNCTION    360.58   832.14     0  01:36        1.09          12       1.159
  J121                 JUNCTION   1216.81  1216.81     0  01:45         3.4        5.08      -0.008
  J122                 JUNCTION    598.11  1238.79     0  01:42        1.69        21.2       0.025
  J123                 JUNCTION    827.56  1915.58     0  01:43        2.17        21.6       0.000
  J124                 JUNCTION    436.89  2349.45     0  01:43        1.16        22.5       0.042
  J125                 JUNCTION    260.01  1811.31     0  01:45       0.723        5.49       0.004
  J126                 JUNCTION    696.28   696.28     0  01:45        2.01        2.01      -0.091
  J127                 JUNCTION     61.01   489.28     0  01:44       0.174        1.61       0.000
  J128                 JUNCTION    421.17   421.17     0  01:45        1.43        1.43      -0.018
  J129                 JUNCTION    758.12  1281.47     0  01:45        2.05        13.4      -0.190
  J130                 JUNCTION    892.55  1543.27     0  01:45        2.47        12.1       0.000
  J131                 JUNCTION    805.12   805.12     0  01:45        2.78        2.78      -0.025
  J132                 JUNCTION   1314.29  2478.69     0  01:45        4.92        8.21      -0.411
  J133                 JUNCTION   1177.75  1177.75     0  01:40        3.14        3.14      -0.004
  J134                 JUNCTION    787.69   787.69     0  01:45        2.36        7.54       2.328
  J135                 JUNCTION    201.10   359.59     0  01:34       0.515        16.7       8.823
  J136                 JUNCTION    329.48   626.12     0  01:16       0.896        22.9       1.705
  J137                 JUNCTION    497.31   569.25     0  01:40        1.48        9.53       1.378
  J138                 JUNCTION   1735.07  2192.66     0  01:45        7.01        14.2     -45.723
  J139                 JUNCTION   1872.09  2696.34     0  01:45        5.63        22.1      -9.289
  J140                 JUNCTION   3964.99  3964.99     0  01:45          16        16.1      -0.121
  J141                 JUNCTION    699.81   801.35     0  01:37           2        3.47       2.245
  J142                 JUNCTION    181.23   251.83     0  20:17       0.441       0.558      11.690
  J143                 JUNCTION     37.85   391.90     0  04:08      0.0825        9.99       0.000
  J144                 JUNCTION    114.09   599.54     0  01:45       0.299        9.68       1.621
  J145                 JUNCTION    108.92   625.95     0  20:26       0.283        10.7       1.152
  J146                 JUNCTION    142.48   395.66     0  01:38       0.356        1.21       8.692
  J147                 JUNCTION    100.40   561.97     0  01:34        0.24        10.3       0.606
  J148                 JUNCTION     84.51   686.58     0  01:35       0.209        1.17       1.168
  J149                 JUNCTION     49.05   212.01     0  01:35       0.117       0.309       0.000
  J150                 JUNCTION     66.36   946.75     0  01:37       0.159        10.2       0.000
  J151                 JUNCTION     21.46   391.66     0  04:05      0.0483        9.71      -0.020
  J152                 JUNCTION    105.46  1024.83     0  01:35       0.257        10.9       4.339
  J153                 JUNCTION    168.42   473.01     0  01:35       0.407        1.52       2.619
  J154                 JUNCTION    121.16  1385.37     0  01:37       0.293        7.58       0.000
  J155                 JUNCTION     91.25  1556.67     0  01:37       0.216        15.8       1.933
  J156                 JUNCTION    244.48   611.33     0  01:47       0.625        5.97       4.680
  J157                 JUNCTION    270.17   868.61     0  01:43        0.73        2.64       5.893
  J158                 JUNCTION     91.20    91.20     0  01:45       0.235       0.235       0.171
  J159                 JUNCTION     55.64  1211.64     0  01:38       0.131        11.5       3.573
  J160                 JUNCTION    143.27  1472.94     0  01:35       0.353        14.8       2.140
  J161                 JUNCTION    282.58  1078.67     0  01:34       0.661        8.67       6.101
  J162                 JUNCTION     64.26  2708.93     0  01:39        0.16        33.3       7.116
  J163                 JUNCTION    116.30   954.60     0  01:40       0.294          18       0.000
  J164                 JUNCTION    161.71   671.05     0  03:34       0.407        13.1       0.039
  J165                 JUNCTION    102.91   518.14     0  01:33        0.27        2.93       6.927
  J166                 JUNCTION     87.32    87.32     0  01:40       0.212       0.213      -0.568
  J167                 JUNCTION    199.42   321.93     0  01:36       0.527       0.988       0.349
  J168                 JUNCTION    120.72   689.91     0  01:41       0.328        13.8       0.341
  J169                 JUNCTION    169.07   690.53     0  01:33        0.43       0.677       1.917
  J170                 JUNCTION     73.53  1061.40     0  04:13       0.178        23.4       0.000
  J171                 JUNCTION    271.81  1331.52     0  02:05       0.672        27.1      -0.030
  J172                 JUNCTION    900.79   900.79     0  01:45        3.07        3.14       0.000
  J173                 JUNCTION    285.49   285.49     0  01:45       0.772       0.773      -0.021
  J174                 JUNCTION     89.11  1661.14     0  01:37       0.203        27.4       2.730
  J175                 JUNCTION     94.62  2697.50     0  01:40       0.235        31.8       2.164
  J176                 JUNCTION    117.13  1546.24     0  01:37       0.239        3.47       1.949
  J177                 JUNCTION    182.28   990.59     0  01:46       0.375        3.95      -1.302
  J178                 JUNCTION     97.51   917.28     0  02:06       0.187        19.8      -0.111
  J179                 JUNCTION    105.05   943.67     0  02:05       0.248          20       0.283
  J180                 JUNCTION     39.56  2911.71     0  01:40      0.0953        30.9       0.000
  J181                 JUNCTION   3773.55  3773.55     0  01:45        18.4        18.4      -0.650
  J182                 JUNCTION   1080.25  1080.25     0  01:45        4.38        4.64      -3.055
  J183                 JUNCTION     65.94  1509.29     0  01:37       0.145        13.8       9.456
  J184                 JUNCTION    233.35   575.49     0  02:03       0.672        2.55      -5.019
  J185                 JUNCTION    318.09  2795.95     0  01:46       0.867        25.6      18.189
  J186                 JUNCTION    758.57  2412.96     0  01:45        1.89        7.42      -0.130
  J187                 JUNCTION   1448.62  1858.30     0  01:45        4.43        5.54       0.000
  J188                 JUNCTION    428.93   428.93     0  01:40         1.1         1.1      -0.268
  J189                 JUNCTION    305.91  1337.78     0  01:36        0.77        10.5      -0.653
  J190                 JUNCTION    107.88   916.06     0  01:37       0.228          20      -3.874
  J191                 JUNCTION   2005.16  2061.78     0  01:46        9.11        25.6       1.989
  J192                 JUNCTION    382.61  1570.73     0  01:45        1.05        9.24      -0.004
  J193                 JUNCTION      0.00   664.30     0  01:46           0        5.74       0.000
  J194                 JUNCTION      0.00   335.58     0  02:26           0        1.75       3.735
  J195                 JUNCTION    544.60   950.18     0  01:34        1.53        9.54       0.391
  J196                 JUNCTION    219.39   794.29     0  01:45       0.555         9.7       0.000
  J197                 JUNCTION   1113.80  1984.11     0  01:44        3.64        5.92       0.000
  J198                 JUNCTION      0.00   460.37     0  03:33           0        3.55       8.871
  J199                 JUNCTION    554.74  1401.69     0  01:45        1.77        8.21       0.209
  J200                 JUNCTION   1790.74  1790.74     0  01:45        6.44        6.44      -0.036
  J201                 JUNCTION    696.02  1246.56     0  01:44        1.94        8.64       9.623
  J202                 JUNCTION   1517.95  1517.95     0  01:45         4.5        9.66       0.332
  J203                 JUNCTION   1331.93  3628.94     0  01:45        4.87        36.4       0.028
  J204                 JUNCTION   1689.44  2131.39     0  01:45        6.15        22.6       1.645
  J205                 JUNCTION   3557.59  3557.59     0  01:45        16.4        16.4      -0.233
  J206                 JUNCTION      0.00  2212.25     0  01:42           0        21.5       0.091
  J207                 JUNCTION    395.81  1584.68     0  01:35        1.01        19.7      -0.103
  J208                 JUNCTION   1263.55  1615.90     0  01:45        3.82        18.7      -0.027
  J209                 JUNCTION   2653.01  3346.41     0  01:45        11.2          12       0.000
  J210                 JUNCTION    769.38  1268.34     0  01:55        2.41        15.9       0.611
  J211                 JUNCTION    440.75   532.62     0  01:34        1.31        1.36       0.182
  J212                 JUNCTION    567.84   567.84     0  01:45        1.57        1.57      -0.079
  J213                 JUNCTION    100.22   659.18     0  01:44       0.222        1.79      -0.184
  J214                 JUNCTION    997.08   997.08     0  01:45        3.56        3.78       0.011
  J215                 JUNCTION   1701.15  2148.33     0  01:45        6.95        12.3       0.000
  J216                 JUNCTION   1871.75  1871.75     0  01:45        7.59        7.59       0.235
  J217                 JUNCTION    509.35  1690.83     0  01:45        1.56        9.14      -0.026
  J218                 JUNCTION    920.84  1322.03     0  01:45        3.73        15.1       0.731
  J219                 JUNCTION    604.71  1015.65     0  01:45        2.05        15.5      -0.034
  J220                 JUNCTION   2020.89  2320.61     0  01:45        9.58        10.7      -0.009
  J221                 JUNCTION     65.68   393.03     0  01:46      0.0993        1.14       0.000
  J222                 JUNCTION    380.90   380.90     0  01:45        1.02        1.02      -0.607
  J223                 JUNCTION   4255.71  4255.71     0  01:45        17.6        17.6      -1.839
  J224                 JUNCTION    386.76   386.76     0  01:40       0.948       0.948      -0.244
  J225                 JUNCTION    521.20   521.20     0  01:40         1.3        1.31      -0.103
  J226                 JUNCTION    839.85  1353.98     0  01:40        2.29        3.59      -0.005
  J227                 JUNCTION    646.45  2730.95     0  01:45        1.64        9.85      -0.022
  J228                 JUNCTION   1786.13  1786.13     0  01:45        7.25        7.26      -0.041
  J229                 JUNCTION    265.49   265.49     0  01:40       0.662       0.662      -0.026
  J230                 JUNCTION     70.54   279.68     0  01:40        0.17       0.429      -0.003
  J231                 JUNCTION     85.15    85.15     0  01:40       0.206       0.206      -0.093
  J232                 JUNCTION     51.98  1411.04     0  01:45       0.141        8.86      -0.001
  J233                 JUNCTION     86.69   374.55     0  01:45         0.2        1.92      -0.004
  J234                 JUNCTION     44.59    44.59     0  01:40       0.107       0.107      -0.031
  J235                 JUNCTION    271.64   998.88     0  01:45       0.725        7.42       0.004
  J236                 JUNCTION   1177.93  1177.93     0  01:45        6.59        6.59      -1.485
  J237                 JUNCTION     63.63   374.87     0  01:40       0.152         1.3       0.000
  J238                 JUNCTION    362.93   362.93     0  01:40       0.972       0.972      -0.031
  J239                 JUNCTION     44.85   407.03     0  01:40       0.105        1.13       0.026
  J240                 JUNCTION    126.98   605.89     0  01:45       0.338        2.75      -0.015
  J241                 JUNCTION   2246.04  2246.04     0  01:45        11.8        11.8      -0.010
  J242                 JUNCTION    298.67   298.67     0  01:45       0.819       0.819       0.034
  J243                 JUNCTION    735.80  1024.15     0  01:45        2.21        3.03      -0.060
  J244                 JUNCTION    231.35  1077.22     0  01:45       0.638        3.47      -0.018
  J245                 JUNCTION    872.09   872.09     0  01:45        2.83        2.83      -0.061
  J246                 JUNCTION    816.22   816.22     0  01:45        2.51        2.51      -0.006
  J247                 JUNCTION    386.98   868.62     0  01:45        1.16        2.76      -0.032
  J248                 JUNCTION    215.99   918.66     0  01:45       0.629        12.1       0.672
  out1                 OUTFALL       0.00  1751.58     0  02:22           0          18       0.000
  out2                 OUTFALL       0.00  1394.59     0  01:45           0        5.84       0.000
  out3                 OUTFALL       0.00  1760.95     0  01:45           0         9.4       0.000
  out4                 OUTFALL       0.00  1232.80     0  01:45           0        5.68       0.000
  out5                 OUTFALL       0.00  1687.05     0  01:45           0        9.14       0.000
  out6                 OUTFALL       0.00     0.00     0  00:00           0           0       0.000 ltr
  out7                 OUTFALL       0.00  2212.07     0  01:42           0        21.5       0.000
  out8                 OUTFALL       0.00  3259.34     0  01:46           0        10.6       0.000
  out9                 OUTFALL       0.00  1735.90     0  02:36           0        31.3       0.000
  out10                OUTFALL       0.00  1809.39     0  01:45           0        5.49       0.000
  out11                OUTFALL       0.00  1122.95     0  01:45           0        7.14       0.000
  out12                OUTFALL       0.00    44.52     0  01:40           0       0.107       0.000
  out13                OUTFALL       0.00   374.32     0  01:45           0        1.92       0.000
  out14                OUTFALL       0.00   279.40     0  01:41           0       0.378       0.000
  out15                OUTFALL       0.00   232.01     0  01:40           0       0.591       0.000
  out16                OUTFALL       0.00   604.29     0  01:45           0        2.75       0.000
  out17                OUTFALL       0.00     0.00     0  00:00           0           0       0.000 ltr
  out18                OUTFALL       0.00  2470.04     0  01:45           0        17.4       0.000
  out19                OUTFALL       0.00  2173.22     0  01:48           0        9.86       0.000
  out20                OUTFALL       0.00     0.00     0  00:00           0           0       0.000 ltr
  out21                OUTFALL       0.00  2884.93     0  01:45           0          29       0.000
  out22                OUTFALL       0.00  1005.75     0  01:45           0        15.5       0.000
  out23                OUTFALL       0.00  1020.48     0  01:45           0        3.04       0.000
  out24                OUTFALL       0.00  1076.92     0  01:45           0        3.47       0.000
  out25                OUTFALL       0.00   815.97     0  01:45           0        2.51       0.000
  out26                OUTFALL       0.00   461.94     0  01:45           0         1.6       0.000
  out27                OUTFALL       0.00   718.05     0  01:45           0        2.17       0.000
  out28                OUTFALL       0.00   285.24     0  01:45           0       0.773       0.000
  out29                OUTFALL       0.00  1249.29     0  02:06           0          27       0.000
  out30                OUTFALL       0.00     0.00     0  00:00           0           0       0.000 ltr
  out31                OUTFALL       0.00     0.00     0  00:00           0           0       0.000 ltr
  out32                OUTFALL       0.00  1351.66     0  01:41           0        3.59       0.000
  out33                OUTFALL       0.00     0.00     0  00:00           0           0       0.000 ltr
  out34                OUTFALL       0.00  2347.99     0  01:44           0        22.5       0.000
  out35                OUTFALL       0.00  3168.09     0  02:10           0          24       0.000
  out36                OUTFALL       0.00  4294.37     0  01:45           0        24.5       0.000
  out37                OUTFALL       0.00     0.00     0  00:00           0           0       0.000 ltr
  out38                OUTFALL       0.00  1570.25     0  01:45           0        9.24       0.000
  out39                OUTFALL       0.00  1088.51     0  01:45           0        5.02       0.000
  out40                OUTFALL       0.00  3063.09     0  01:45           0        9.94       0.000
  out41                OUTFALL       0.00  1535.92     0  01:45           0        4.38       0.000
  out42                OUTFALL       0.00  2138.50     0  01:45           0        5.36       0.000
  out43                OUTFALL       0.00   731.31     0  01:45           0        7.35       0.000
  out45                OUTFALL       0.00  1255.48     0  01:45           0        13.2       0.000
  vir1                 OUTFALL     709.91   709.91     0  01:45        2.56        2.56       0.000
  vir2                 OUTFALL    2187.95  2187.95     0  01:45        11.3        11.3       0.000
  vir3                 OUTFALL     545.37   545.37     0  01:45        1.64        1.64       0.000
  vir4                 OUTFALL     420.47   420.47     0  01:45       0.917       0.918       0.000
  vir5                 OUTFALL    1014.11  1014.11     0  01:45        3.09        3.09       0.000
  vir6                 OUTFALL     382.83   382.83     0  01:45        1.78        1.78       0.000
  
  
  **********************
  Node Surcharge Summary
  **********************
  
  Surcharging occurs when water rises above the top of the highest conduit.
  ---------------------------------------------------------------------
                                               Max. Height   Min. Depth
                                   Hours       Above Crown    Below Rim
  Node                 Type      Surcharged         Meters       Meters
  ---------------------------------------------------------------------
  J7                   JUNCTION        2.03          0.023        0.000
  J9                   JUNCTION       22.48          0.659        0.000
  J10                  JUNCTION       22.43          0.412        0.000
  J15                  JUNCTION       22.38          1.665        0.000
  J16                  JUNCTION       22.43          2.314        0.000
  J23                  JUNCTION        0.09          1.904        0.000
  J24                  JUNCTION        1.12          4.495        0.000
  J26                  JUNCTION        3.29          4.165        0.000
  J27                  JUNCTION        0.59          0.860        0.000
  J28                  JUNCTION        0.61          1.874        0.000
  J29                  JUNCTION        0.58          2.100        0.000
  J30                  JUNCTION        0.03          1.300        0.000
  J31                  JUNCTION        0.02          1.100        0.000
  J32                  JUNCTION       22.84          2.409        0.000
  J34                  JUNCTION       23.03          3.333        0.000
  J35                  JUNCTION       22.40          2.909        0.000
  J38                  JUNCTION        0.20          1.106        0.000
  J39                  JUNCTION        0.17          1.101        0.000
  J40                  JUNCTION        0.20          1.251        0.000
  J47                  JUNCTION        2.40          1.032        0.000
  J49                  JUNCTION       13.79          1.808        0.000
  J50                  JUNCTION       22.57          2.893        0.000
  J57                  JUNCTION       22.32          2.314        0.000
  J59                  JUNCTION       22.98          3.394        0.000
  J62                  JUNCTION        0.25          2.200        0.000
  J63                  JUNCTION        0.57          2.800        0.000
  J64                  JUNCTION        0.13          1.100        0.000
  J75                  JUNCTION        0.05          1.401        0.000
  J76                  JUNCTION        0.17          2.600        0.000
  J83                  JUNCTION       22.85          0.306        0.000
  J84                  JUNCTION       22.97          1.581        0.000
  J91                  JUNCTION        0.27          0.571        0.000
  J92                  JUNCTION        2.27          1.394        0.000
  J95                  JUNCTION        0.67          1.294        0.000
  J100                 JUNCTION        0.16          0.015        0.000
  J101                 JUNCTION        1.11          0.703        0.000
  J102                 JUNCTION        1.59          0.692        0.000
  J106                 JUNCTION        1.37          0.132        0.000
  J108                 JUNCTION        6.81          1.452        0.000
  J109                 JUNCTION        1.57          0.050        0.000
  J110                 JUNCTION       22.85          1.482        0.000
  J112                 JUNCTION       22.81          3.330        0.000
  J113                 JUNCTION       22.72          2.035        0.000
  J114                 JUNCTION       22.59          1.713        0.000
  J115                 JUNCTION       22.61          1.380        0.000
  J116                 JUNCTION       22.76          3.971        0.000
  J117                 JUNCTION       22.46          1.233        0.000
  J118                 JUNCTION       22.48          1.426        0.000
  J119                 JUNCTION       22.50          1.601        0.000
  J120                 JUNCTION       22.53          1.728        0.000
  J121                 JUNCTION        8.86          0.911        0.000
  J123                 JUNCTION        0.11          0.043        0.957
  J127                 JUNCTION        0.17          0.300        0.000
  J128                 JUNCTION        0.10          0.124        0.076
  J130                 JUNCTION       21.63          1.806        0.000
  J132                 JUNCTION        5.26          0.942        0.000
  J134                 JUNCTION       22.49          1.309        0.000
  J135                 JUNCTION       14.75          0.601        0.000
  J136                 JUNCTION       22.42          0.325        0.000
  J137                 JUNCTION       22.73          1.528        0.000
  J138                 JUNCTION       22.73          1.716        0.000
  J139                 JUNCTION       22.79          1.115        0.000
  J140                 JUNCTION        8.83          0.601        0.000
  J141                 JUNCTION       22.55          1.399        0.000
  J142                 JUNCTION       22.40          2.801        0.000
  J143                 JUNCTION       22.57          2.700        0.000
  J144                 JUNCTION       20.64          1.492        0.000
  J145                 JUNCTION       22.27          2.016        0.000
  J146                 JUNCTION       18.69          1.343        0.000
  J147                 JUNCTION       22.43          1.725        0.000
  J148                 JUNCTION        7.09          0.685        0.000
  J149                 JUNCTION       17.34          1.289        0.000
  J150                 JUNCTION       21.92          1.999        0.000
  J152                 JUNCTION       18.47          1.803        0.000
  J153                 JUNCTION        5.46          0.803        0.000
  J154                 JUNCTION       19.73          2.233        0.000
  J155                 JUNCTION        4.59          1.052        0.000
  J156                 JUNCTION        6.19          1.365        0.000
  J157                 JUNCTION        6.14          1.270        0.000
  J159                 JUNCTION        2.88          0.829        0.000
  J160                 JUNCTION        4.54          0.905        0.000
  J161                 JUNCTION        8.63          1.412        0.000
  J162                 JUNCTION       10.50          1.592        0.000
  J163                 JUNCTION       17.58          2.190        0.000
  J165                 JUNCTION       10.37          1.340        0.000
  J167                 JUNCTION        4.61          0.228        0.000
  J168                 JUNCTION       22.45          2.097        0.000
  J169                 JUNCTION       22.44          1.493        0.000
  J170                 JUNCTION       22.63          2.717        0.000
  J172                 JUNCTION       15.68          0.394        0.000
  J174                 JUNCTION       15.36          2.062        0.000
  J175                 JUNCTION       17.13          2.194        0.000
  J176                 JUNCTION       15.87          2.136        0.000
  J177                 JUNCTION       12.94          1.283        0.000
  J178                 JUNCTION        4.00          0.196        0.000
  J179                 JUNCTION       22.46          2.300        0.000
  J180                 JUNCTION       21.07          2.479        0.000
  J181                 JUNCTION        2.84          0.075        0.000
  J182                 JUNCTION        4.89          0.420        0.000
  J183                 JUNCTION       18.10          2.416        0.000
  J184                 JUNCTION        4.58          0.316        0.000
  J185                 JUNCTION       12.01          1.826        0.000
  J187                 JUNCTION        0.33          1.603        0.000
  J189                 JUNCTION        1.43          2.002        0.000
  J190                 JUNCTION       22.65          2.711        0.000
  J191                 JUNCTION       22.45          0.381        0.000
  J193                 JUNCTION        8.54          1.101        0.000
  J194                 JUNCTION        0.90          0.502        0.000
  J195                 JUNCTION        1.40          0.105        0.000
  J196                 JUNCTION       16.13          1.119        0.000
  J197                 JUNCTION       12.53          0.458        0.000
  J198                 JUNCTION        1.16          1.400        0.000
  J199                 JUNCTION        0.79          0.977        0.000
  J200                 JUNCTION        0.80          0.828        0.000
  J201                 JUNCTION        4.36          0.972        0.000
  J202                 JUNCTION        0.33          1.202        0.000
  J204                 JUNCTION        3.22          1.745        0.000
  J205                 JUNCTION        3.80          1.422        0.000
  J207                 JUNCTION        0.32          1.800        0.000
  J208                 JUNCTION        0.35          0.814        0.000
  J209                 JUNCTION        5.64          0.980        0.000
  J210                 JUNCTION        2.59          0.901        0.000
  J211                 JUNCTION        0.53          0.545        0.000
  J214                 JUNCTION        1.36          0.933        0.000
  J215                 JUNCTION       20.26          2.197        0.000
  J216                 JUNCTION        0.99          3.007        0.000
  J218                 JUNCTION        8.07          0.609        0.000
  J223                 JUNCTION        1.84          2.302        0.000
  J227                 JUNCTION        0.21          0.750        0.000
  J236                 JUNCTION        1.64          0.006        0.000
  J245                 JUNCTION        0.06          0.300        0.000
  
  
  *********************
  Node Flooding Summary
  *********************
  
  Flooding refers to all water that overflows a node, whether it ponds or not.
  --------------------------------------------------------------------------
                                                             Total   Maximum
                                 Maximum   Time of Max       Flood    Ponded
                        Hours       Rate    Occurrence      Volume     Depth
  Node                 Flooded       LPS   days hr:min    10^6 ltr    Meters
  --------------------------------------------------------------------------
  J7                      2.02   2757.23      0  01:45       2.621     0.023
  J9                     22.48   2314.44      0  01:45      20.859     0.659
  J10                    22.43   3147.33      0  01:45       9.999     0.412
  J15                    22.38   1614.85      0  01:45       4.442     0.665
  J16                    22.43   1856.53      0  01:45       4.846     1.204
  J23                     0.09    429.96      0  01:45       0.029     0.004
  J24                     1.11   2589.44      0  01:45       1.884     0.195
  J26                     3.28   4388.25      0  01:45       8.273     0.865
  J27                     0.59    808.70      0  01:45       0.441     0.060
  J28                     0.61   1124.68      0  01:45       0.428     0.074
  J29                     0.03    352.68      0  01:40       0.008     0.000
  J30                     0.01     61.40      0  01:45       0.000     0.000
  J31                     0.01     52.12      0  01:45       0.000     0.000
  J32                    22.83   1486.27      0  01:45       2.025     1.009
  J34                    23.03   4522.16      0  01:45      16.550     3.333
  J35                    21.23    105.01      0  17:26       0.618     1.209
  J38                     0.20    470.71      0  01:45       0.070     0.006
  J39                     0.15    359.95      0  01:41       0.031     0.001
  J40                     0.12    168.14      0  01:41       0.006     0.051
  J47                     1.77    899.78      0  01:45       0.844     0.032
  J49                     6.45    620.82      0  01:37       1.790     0.008
  J50                    22.49   2040.78      0  01:43       5.273     1.693
  J57                    22.29    415.30      0  01:32       1.901     0.614
  J59                    22.98   2196.25      0  01:45       6.034     1.794
  J62                     0.04    249.92      0  01:34       0.002     0.000
  J63                     0.01    218.41      0  01:33       0.000     0.000
  J64                     0.09     96.98      0  01:46       0.003     0.000
  J75                     0.03    256.37      0  01:45       0.005     0.001
  J76                     0.04    397.56      0  01:46       0.009     0.000
  J83                    22.85   2029.09      0  01:45       5.711     0.306
  J84                    22.97    716.60      0  01:45       1.706     0.581
  J91                     0.27    777.81      0  01:45       0.294     0.071
  J92                     2.24   1985.94      0  01:40       2.308     0.894
  J95                     0.67   1179.35      0  01:45       0.732     0.094
  J100                    0.16    167.11      0  01:45       0.028     0.015
  J101                    1.11   2212.20      0  01:45       1.494     0.703
  J102                    1.58   2414.28      0  01:44       2.032     0.692
  J106                    1.37    841.74      0  01:45       0.920     0.132
  J108                    6.77   2536.90      0  01:38       6.007     1.452
  J109                    1.55    851.56      0  01:45       0.535     0.050
  J110                   22.84   1564.39      0  01:42       4.147     0.882
  J112                   22.77    938.79      0  01:45       4.652     1.130
  J113                   22.69   1181.74      0  01:40       5.807     1.435
  J114                   22.50    380.65      0  01:42       1.910     1.113
  J115                   22.60    606.63      0  01:45       2.065     0.880
  J116                   22.72    731.49      0  01:45       4.439     1.371
  J117                   22.46    686.60      0  01:32       3.201     1.033
  J118                   22.48    681.16      0  01:45       6.001     1.026
  J119                   22.49    370.42      0  01:31       1.723     1.201
  J120                   22.53    832.14      0  01:36       3.637     1.428
  J121                    6.68    737.43      0  01:40       1.046     0.111
  J127                    0.01      5.06      0  01:44       0.000     0.000
  J130                    8.52   1053.85      0  01:40       2.129     0.506
  J132                    5.01   2169.05      0  01:45       2.899     0.142
  J134                   22.49    660.20      0  01:45       7.212     1.309
  J135                    4.39    296.39      0  01:55       0.472     0.001
  J136                    5.08    282.38      0  01:52       0.464     0.025
  J137                   22.72    507.25      0  01:19       0.763     0.728
  J138                   22.72   2192.60      0  01:45      13.828     0.416
  J139                   22.65   2696.15      0  01:45       8.561     0.715
  J140                    8.81   3460.85      0  01:45       6.480     0.601
  J141                   22.54    801.35      0  01:37       3.026     1.299
  J142                    0.29    247.88      0  20:17       0.045     0.001
  J143                    0.03     62.13      0  20:23       0.001     0.000
  J144                    6.44    542.55      0  07:30       0.575     0.292
  J145                    7.20    618.36      0  20:26       0.559     0.316
  J146                    9.55    395.66      0  01:38       0.879     0.443
  J147                    4.06    100.57      0  01:34       0.074     0.125
  J148                    6.07    542.16      0  01:35       0.267     0.385
  J149                    5.05    207.82      0  01:35       0.113     0.189
  J150                    9.29    946.63      0  01:37       1.338     0.599
  J152                    8.08    824.64      0  07:51       2.210     0.403
  J153                    5.25    312.64      0  01:35       0.418     0.203
  J154                   10.44   1380.20      0  01:37       2.322     0.833
  J155                    2.89    592.12      0  03:28       0.774     0.052
  J156                    5.54    423.19      0  18:18       1.672     0.365
  J157                    5.73    868.57      0  01:43       1.404     0.570
  J159                    1.98    815.24      0  01:36       0.367     0.029
  J160                    2.89    883.97      0  01:35       0.944     0.005
  J161                    4.69    871.08      0  01:34       1.044     0.012
  J162                    8.98   1844.68      0  01:34       6.391     0.492
  J163                   14.63    825.03      0  01:40       3.040     0.590
  J165                    9.66    508.40      0  01:33       1.129     0.240
  J167                    4.60    294.11      0  01:46       0.329     0.228
  J168                    9.45    566.02      0  01:39       0.671     0.497
  J169                    6.83    462.92      0  01:44       0.385     0.293
  J170                   10.36    441.43      0  01:34       0.649     0.417
  J172                    7.40    768.40      0  01:45       1.106     0.094
  J174                   13.78   1433.63      0  01:37       3.498     1.162
  J175                   14.46   2116.35      0  01:35       3.972     1.394
  J176                   14.45   1546.24      0  01:37       2.413     1.336
  J177                   12.91    990.59      0  01:46       3.597     1.283
  J178                    4.00     57.28      0  02:32       0.195     0.196
  J179                   22.46    524.08      0  01:45       1.679     1.000
  J180                   15.54   1779.62      0  01:34       3.522     1.579
  J181                    2.82   2044.60      0  01:45       2.806     0.075
  J182                    4.78    906.20      0  01:47       1.697     0.420
  J183                   15.06   1505.75      0  01:37       3.127     1.216
  J184                    4.46    575.49      0  02:03       2.133     0.316
  J185                    9.38   1936.44      0  01:33       7.886     0.426
  J187                    0.24    516.32      0  01:35       0.062     0.003
  J189                    0.03    572.10      0  01:36       0.006     0.002
  J190                   22.54    915.47      0  01:37       1.542     1.011
  J191                   22.45   2061.77      0  01:46      24.956     0.381
  J193                    3.74    593.61      0  03:14       1.250     0.001
  J194                    0.55    328.78      0  02:26       0.105     0.002
  J195                    0.70    685.03      0  01:35       0.113     0.005
  J196                   15.04    787.01      0  01:37       3.572     0.319
  J197                   11.50   1982.89      0  01:44       4.170     0.258
  J198                    0.32    407.74      0  03:19       0.077     0.000
  J199                    0.74    263.45      0  01:34       0.121     0.177
  J200                    0.80    943.65      0  01:45       0.586     0.528
  J201                    2.46    676.74      0  01:44       0.634     0.272
  J202                    0.14    328.13      0  01:36       0.022     0.002
  J204                    2.61    856.58      0  01:45       0.813     0.245
  J205                    3.80   3115.59      0  01:45       6.145     0.122
  J207                    0.01    321.65      0  01:35       0.000     0.000
  J208                    0.33    438.69      0  01:45       0.142     0.014
  J209                    5.00   3346.35      0  01:45       5.068     0.080
  J210                    0.40    466.17      0  02:01       0.120     0.001
  J211                    0.49    530.01      0  01:34       0.176     0.045
  J214                    1.04    695.95      0  01:37       0.390     0.033
  J215                    9.89   1747.07      0  01:45       4.901     0.097
  J216                    0.74    690.17      0  01:45       0.322     0.007
  J218                    8.03    911.04      0  01:45       3.246     0.109
  J223                    1.84   2511.74      0  01:45       2.631     0.102
  J227                    0.20    573.35      0  01:45       0.136     0.150
  J236                    1.64    450.65      0  01:45       0.525     0.006
  J245                    0.05     64.13      0  01:43       0.002     0.000
  
  
  ***********************
  Outfall Loading Summary
  ***********************
  
  -----------------------------------------------------------
                         Flow       Avg       Max       Total
                         Freq      Flow      Flow      Volume
  Outfall Node           Pcnt       LPS       LPS    10^6 ltr
  -----------------------------------------------------------
  out1                  99.84    208.43   1751.58      17.965
  out2                  99.66     67.92   1394.59       5.843
  out3                  99.95    108.92   1760.95       9.398
  out4                  99.85     65.94   1232.80       5.684
  out5                  99.77    106.10   1687.05       9.138
  out6                   0.00      0.00      0.00       0.000
  out7                  99.65    249.69   2212.07      21.478
  out8                  99.80    122.61   3259.34      10.563
  out9                  99.92    363.08   1735.90      31.319
  out10                 99.87     63.71   1809.39       5.493
  out11                 99.59     83.00   1122.95       7.136
  out12                 78.24      1.58     44.52       0.107
  out13                 99.13     22.44    374.32       1.920
  out14                 86.05      5.09    279.40       0.378
  out15                 95.03      7.20    232.01       0.591
  out16                 99.78     31.92    604.29       2.750
  out17                  0.00      0.00      0.00       0.000
  out18                 99.89    201.36   2470.04      17.363
  out19                 99.91    114.28   2173.22       9.856
  out20                  0.00      0.00      0.00       0.000
  out21                 99.94    336.06   2884.93      28.993
  out22                 99.63    180.17   1005.75      15.496
  out23                 99.93     35.19   1020.48       3.036
  out24                 99.86     40.25   1076.92       3.469
  out25                 99.92     29.08    815.97       2.508
  out26                 99.80     18.58    461.94       1.601
  out27                 99.84     25.22    718.05       2.173
  out28                 88.93     10.07    285.24       0.773
  out29                 98.80    316.43   1249.29      26.990
  out30                  0.00      0.00      0.00       0.000
  out31                  0.00      0.00      0.00       0.000
  out32                 99.92     41.67   1351.66       3.595
  out33                  0.00      0.00      0.00       0.000
  out34                 99.89    260.45   2347.99      22.459
  out35                 99.95    278.48   3168.09      24.028
  out36                100.00    283.70   4294.37      24.489
  out37                  0.00      0.00      0.00       0.000
  out38                 99.91    107.17   1570.25       9.243
  out39                 99.83     58.25   1088.51       5.020
  out40                 99.86    115.32   3063.09       9.942
  out41                 98.61     51.41   1535.92       4.377
  out42                 99.82     62.22   2138.50       5.361
  out43                 99.78     85.30    731.31       7.348
  out45                 99.83    152.70   1255.48      13.160
  vir1                  99.96     29.65    709.91       2.558
  vir2                 100.00    130.61   2187.95      11.275
  vir3                  99.98     18.96    545.37       1.637
  vir4                  69.92     15.20    420.47       0.918
  vir5                 100.00     35.80   1014.11       3.090
  vir6                  81.13     25.47    382.83       1.784
  -----------------------------------------------------------
  System                83.82   4566.70  60621.10     392.306
  
  
  ********************
  Link Flow Summary
  ********************
  
  -----------------------------------------------------------------------------
                                 Maximum  Time of Max   Maximum    Max/    Max/
                                  |Flow|   Occurrence   |Veloc|    Full    Full
  Link                 Type          LPS  days hr:min     m/sec    Flow   Depth
  -----------------------------------------------------------------------------
  C4                   CONDUIT   4294.37     0  01:45     19.65    0.09    0.20
  C5                   CONDUIT   1491.43     0  01:46      4.64    0.91    0.63
  C6                   CONDUIT    929.34     0  01:45      2.25    0.82    0.79
  C7                   CONDUIT   1527.79     0  01:35      3.07    1.07    1.00
  C8                   CONDUIT    143.24     0  01:45      0.44    0.13    0.62
  C9                   CONDUIT    530.65     0  01:45      1.33    0.46    0.74
  C10                  CONDUIT   1351.57     0  01:45      2.85    0.97    0.90
  C11                  CONDUIT    519.01     0  01:45      1.09    0.34    1.00
  C12                  CONDUIT    623.01     0  01:34      1.24    0.39    1.00
  C13                  CONDUIT   1231.25     0  01:44      3.29    3.80    0.70
  C14                  CONDUIT   1535.92     0  01:45      7.17    0.22    0.32
  C15                  CONDUIT   3259.34     0  01:46      5.57    0.35    0.41
  C16                  CONDUIT   3036.36     0  01:46      5.76    0.26    0.37
  C17                  CONDUIT   1539.61     0  01:45      4.45    0.83    0.66
  C18                  CONDUIT    337.37     0  01:48      0.80    1.47    0.80
  C19                  CONDUIT    198.62     0  01:45      0.50    0.03    0.53
  C20                  CONDUIT   1025.95     0  01:40      2.04    1.06    1.00
  C21                  CONDUIT    744.60     0  02:39      1.48    1.11    1.00
  C22                  CONDUIT     92.75     0  01:45      0.32    0.03    0.56
  C23                  CONDUIT    630.33     0  01:45      1.62    0.41    0.72
  C24                  CONDUIT    925.56     0  01:45      3.47    0.41    0.53
  C25                  CONDUIT   1089.66     0  01:45      4.82    0.45    0.46
  C26                  CONDUIT    115.32     0  01:45      1.07    0.03    0.30
  C27                  CONDUIT    737.17     0  01:45      3.47    0.35    0.44
  C28                  CONDUIT    339.83     0  01:45      1.06    0.11    0.61
  C29                  CONDUIT    729.43     0  01:41      1.45    1.33    1.00
  C30                  CONDUIT    647.96     0  01:53      1.33    0.57    1.00
  C31                  CONDUIT   1328.89     0  01:46      2.88    1.30    0.90
  C32                  CONDUIT    109.85     0  01:45      0.76    0.02    0.46
  C33                  CONDUIT   1933.92     0  01:45      4.05    0.82    0.90
  C34                  CONDUIT   1978.63     0  01:45      3.94    1.89    1.00
  C35                  CONDUIT    510.19     0  01:45      1.26    0.35    0.88
  C36                  CONDUIT    614.57     0  01:45      2.46    0.49    0.62
  C37                  CONDUIT   1394.59     0  01:45      3.43    0.92    0.76
  C38                  CONDUIT    320.14     0  01:45      1.73    0.15    0.41
  C39                  CONDUIT    964.73     0  01:45      4.70    0.51    0.43
  C40                  CONDUIT    718.05     0  01:45      5.73    0.19    0.30
  C41                  CONDUIT    459.84     0  01:45      2.25    0.19    0.43
  C42                  CONDUIT   3063.09     0  01:45     10.67    0.59    0.56
  C43                  CONDUIT    427.53     0  01:45      2.07    0.39    0.43
  C44                  CONDUIT   1808.18     0  01:45      6.37    0.18    0.30
  C45                  CONDUIT   2138.50     0  01:45      7.07    0.21    0.31
  C46                  CONDUIT    734.41     0  01:45      2.83    0.67    0.51
  C47                  CONDUIT    321.41     0  01:45      2.11    0.18    0.36
  C48                  CONDUIT   1714.12     0  01:45      3.83    0.71    0.83
  C49                  CONDUIT    806.21     0  01:45      2.49    0.62    0.62
  C50                  CONDUIT    437.87     0  01:45      1.34    0.76    0.62
  C51                  CONDUIT    410.38     0  01:32      0.82    0.68    1.00
  C52                  CONDUIT    582.70     0  01:45      2.34    0.42    0.50
  C53                  CONDUIT    827.01     0  01:45      1.98    0.58    0.77
  C54                  CONDUIT    196.69     0  01:45      1.28    0.13    0.35
  C55                  CONDUIT    699.55     0  01:45      1.39    0.56    1.00
  C56                  CONDUIT    556.96     0  01:57      2.06    1.04    1.00
  C57                  CONDUIT    779.19     0  01:45      2.47    0.51    1.00
  C58                  CONDUIT   1635.44     0  01:45      3.49    0.88    1.00
  C59                  CONDUIT   2018.59     0  01:40      4.02    0.93    1.00
  C60                  CONDUIT    876.89     0  01:38      1.74    0.75    1.00
  C61                  CONDUIT   1735.90     0  02:36      3.49    1.29    0.97
  C62                  CONDUIT   3168.09     0  02:10      6.30    1.50    1.00
  C63                  CONDUIT    645.98     0  01:45      1.67    0.39    0.72
  C64                  CONDUIT   2177.27     0  01:44      4.42    0.96    1.00
  C65                  CONDUIT    630.14     0  01:45      1.83    0.52    0.75
  C66                  CONDUIT    548.58     0  01:46      1.40    0.42    0.73
  C67                  CONDUIT    708.47     0  01:45      1.84    0.39    0.72
  C68                  CONDUIT    150.95     0  01:45      1.11    0.09    0.32
  C69                  CONDUIT    610.94     0  01:45      1.63    0.33    0.70
  C70                  CONDUIT     39.12     0  01:45      0.40    0.02    0.25
  C71                  CONDUIT    101.29     0  01:45      0.66    0.13    0.43
  C72                  CONDUIT    183.58     0  01:45      1.25    0.13    0.42
  C73                  CONDUIT    577.52     0  01:49      1.41    0.49    0.82
  C74                  CONDUIT    969.36     0  01:45      2.49    0.41    0.72
  C75                  CONDUIT    415.64     0  01:47      2.56    0.18    0.37
  C76                  CONDUIT    266.08     0  01:46      0.95    0.89    0.55
  C77                  CONDUIT    295.64     0  01:45      1.90    0.18    0.36
  C78                  CONDUIT   2374.67     0  01:46      4.72    1.79    1.00
  C79                  CONDUIT   2071.72     0  01:45      5.44    0.99    0.78
  C80                  CONDUIT    371.02     0  01:45      2.32    0.17    0.36
  C81                  CONDUIT    681.57     0  01:45      3.43    0.38    0.42
  C82                  CONDUIT    962.47     0  01:45      3.28    0.35    0.57
  C83                  CONDUIT    373.81     0  01:45      1.14    0.13    0.62
  C84                  CONDUIT    656.18     0  01:45      1.84    0.24    0.67
  C85                  CONDUIT   1292.09     0  01:45      4.59    0.47    0.55
  C86                  CONDUIT    359.03     0  01:45      2.55    0.10    0.36
  C87                  CONDUIT   1410.41     0  01:45      3.50    0.49    0.75
  C88                  CONDUIT   1576.36     0  01:45      6.19    0.62    0.51
  C89                  CONDUIT   2218.48     0  01:45      4.80    0.88    0.87
  C90                  CONDUIT   1074.70     0  01:45      2.68    0.48    0.74
  C91                  CONDUIT    889.83     0  02:43      2.01    1.40    1.00
  C92                  CONDUIT   1142.85     0  01:44      1.49    0.70    1.00
  C93                  CONDUIT    848.93     0  01:45      4.34    0.33    0.41
  C94                  CONDUIT    343.73     0  01:45      0.74    0.22    0.66
  C95                  CONDUIT    701.25     0  01:45      2.68    0.33    0.52
  C96                  CONDUIT   1145.38     0  01:45      2.98    0.38    0.72
  C97                  CONDUIT   2209.32     0  01:40      4.45    1.05    1.00
  C98                  CONDUIT    515.00     0  01:40      1.53    0.73    0.64
  C99                  CONDUIT    379.14     0  01:41      1.12    0.50    0.79
  C100                 CONDUIT   2173.22     0  01:48      4.54    1.09    1.00
  C101                 CONDUIT   1351.66     0  01:41      3.97    0.74    0.64
  C102                 CONDUIT   1773.47     0  01:45      4.19    0.63    0.79
  C103                 CONDUIT   1074.39     0  01:46      2.58    1.45    0.80
  C104                 CONDUIT   2470.04     0  01:45      7.77    0.68    0.60
  C105                 CONDUIT   1047.64     0  01:45      4.07    0.54    0.57
  C106                 CONDUIT    709.46     0  02:06      1.83    1.38    0.76
  C107                 CONDUIT   1809.39     0  01:45      7.36    0.48    0.49
  C108                 CONDUIT      0.00     0  00:00      0.00    0.00    0.40
  C109                 CONDUIT    654.91     0  01:58      1.52    0.58    0.90
  C110                 CONDUIT    341.53     0  01:45      1.07    0.10    0.60
  C111                 CONDUIT    461.94     0  01:45      6.08    0.09    0.21
  C112                 CONDUIT    441.46     0  01:33      0.88    0.70    1.00
  C113                 CONDUIT   1177.70     0  01:40      3.77    0.08    0.60
  C114                 CONDUIT    749.12     0  02:37      2.03    1.64    0.81
  C115                 CONDUIT    997.78     0  01:45      4.08    0.67    0.49
  C116                 CONDUIT     44.52     0  01:40      2.51    0.01    0.08
  C117                 CONDUIT   1122.95     0  01:45      6.70    0.29    0.37
  C118                 CONDUIT    287.96     0  01:45      2.33    0.28    0.29
  C119                 CONDUIT    374.32     0  01:45      4.51    0.11    0.22
  C120                 CONDUIT    232.01     0  01:40      4.67    0.05    0.16
  C121                 CONDUIT     33.02     0  01:40      0.59    0.05    0.17
  C122                 CONDUIT    279.40     0  01:41      4.23    0.08    0.19
  C123                 CONDUIT    149.84     0  01:41      0.67    0.11    0.46
  C124                 CONDUIT    362.44     0  01:40      1.36    0.22    0.52
  C125                 CONDUIT    255.52     0  01:40      0.67    1.30    0.71
  C126                 CONDUIT     28.02     0  01:40      0.73    0.03    0.15
  C127                 CONDUIT     56.81     0  01:40      0.30    0.03    0.41
  C128                 CONDUIT    373.67     0  01:41      1.38    0.90    0.53
  C129                 CONDUIT    604.29     0  01:45      4.53    0.21    0.31
  C130                 CONDUIT    484.21     0  01:45      2.43    0.54    0.42
  C131                 CONDUIT   1760.95     0  01:45      6.59    0.54    0.53
  C132                 CONDUIT    291.29     0  01:45      1.46    0.50    0.43
  C133                 CONDUIT   1020.48     0  01:45      6.96    0.24    0.33
  C134                 CONDUIT   1076.92     0  01:45      7.35    0.24    0.33
  C135                 CONDUIT    845.97     0  01:45      2.43    1.39    0.67
  C136                 CONDUIT    815.97     0  01:45      5.80    0.23    0.32
  C137                 CONDUIT    693.68     0  01:45      2.38    0.71    0.56
  C138                 CONDUIT    428.37     0  01:44      0.85    0.60    1.00
  C139                 CONDUIT    483.16     0  01:45      1.07    1.42    0.84
  C140                 CONDUIT    860.94     0  01:45      2.82    0.80    0.58
  C141                 CONDUIT    715.53     0  01:43      1.66    0.48    0.88
  C142                 CONDUIT    436.65     0  03:01      1.19    0.28    0.99
  C143                 CONDUIT    329.51     0  01:45      0.93    0.23    0.91
  C144                 CONDUIT    720.61     0  01:46      2.95    1.02    0.80
  C145                 CONDUIT    501.92     0  01:45      1.42    0.23    0.91
  C146                 CONDUIT    445.49     0  01:35      0.94    0.92    1.00
  C147                 CONDUIT    520.44     0  01:14      1.04    0.59    1.00
  C148                 CONDUIT    951.74     0  01:59      2.09    0.44    0.99
  C149                 CONDUIT    418.08     0  01:25      0.84    0.31    1.00
  C150                 CONDUIT   1189.62     0  02:50      2.42    7.83    0.99
  C151                 CONDUIT    812.37     0  01:36      1.64    1.02    1.00
  C152                 CONDUIT   1512.01     0  01:37      3.05    1.05    1.00
  C153                 CONDUIT   2187.52     0  02:43      4.89    1.05    1.00
  C154                 CONDUIT   1131.81     0  01:36      2.53    0.91    1.00
  C155                 CONDUIT    423.81     0  01:41      1.13    0.32    0.70
  C156                 CONDUIT   1655.70     0  01:45      2.39   10.07    0.86
  C157                 CONDUIT   1157.60     0  01:38      2.30    1.35    1.00
  C158                 CONDUIT   1470.63     0  01:37      2.93    1.13    1.00
  C159                 CONDUIT     89.91     0  01:45      0.30    0.05    0.65
  C160                 CONDUIT    515.89     0  01:43      1.03    1.06    1.00
  C161                 CONDUIT    485.44     0  01:36      0.97    0.45    1.00
  C162                 CONDUIT    864.83     0  01:37      1.72    0.68    1.00
  C163                 CONDUIT    838.83     0  01:35      2.03    1.97    1.00
  C164                 CONDUIT   2379.82     0  01:45      3.32    0.68    0.86
  C165                 CONDUIT   2097.64     0  01:39      2.67    2.63    1.00
  C166                 CONDUIT    729.73     0  01:34      1.60    0.91    1.00
  C167                 CONDUIT    699.23     0  17:49      1.64    0.64    1.00
  C168                 CONDUIT    875.92     0  01:35      1.74    0.53    1.00
  C169                 CONDUIT    361.44     0  06:37      0.73    0.28    1.00
  C170                 CONDUIT    623.12     0  01:36      1.24    0.91    1.00
  C171                 CONDUIT    446.20     0  01:42      0.89    0.78    1.00
  C172                 CONDUIT    485.89     0  01:45      0.97    1.03    1.00
  C173                 CONDUIT    555.85     0  01:34      1.46    0.33    1.00
  C174                 CONDUIT    232.22     0  01:35      0.46    0.20    1.00
  C175                 CONDUIT    474.88     0  07:25      1.42    0.51    1.00
  C176                 CONDUIT    356.04     0  07:13      0.71    0.42    1.00
  C177                 CONDUIT    921.73     0  01:37      1.17    0.79    1.00
  C178                 CONDUIT    764.97     0  06:35      1.53    0.24    1.00
  C179                 CONDUIT    822.34     0  01:33      1.05    1.32    1.00
  C180                 CONDUIT    866.77     0  06:48      1.73    0.27    1.00
  C181                 CONDUIT   2458.12     0  01:42      3.13    2.29    1.00
  C182                 CONDUIT   1118.99     0  01:33      0.99    0.77    1.00
  C183                 CONDUIT   1592.81     0  01:37      1.41    0.89    1.00
  C184                 CONDUIT    682.92     0  03:03      1.36    0.79    1.00
  C185                 CONDUIT    465.45     0  01:34      0.93    0.41    1.00
  C186                 CONDUIT    670.51     0  03:34      1.59    0.26    0.79
  C187                 CONDUIT     87.85     0  01:39      0.88    0.17    0.46
  C188                 CONDUIT    886.55     0  02:08      1.96    0.53    1.00
  C189                 CONDUIT    829.15     0  01:47      1.65    0.62    1.00
  C190                 CONDUIT    906.50     0  02:06      2.04    0.35    1.00
  C191                 CONDUIT    694.42     0  03:29      1.38    0.70    1.00
  C192                 CONDUIT    671.84     0  04:11      1.34    0.49    1.00
  C193                 CONDUIT   2353.11     0  01:37      3.02    0.69    1.00
  C194                 CONDUIT   1464.92     0  01:37      1.87    0.75    1.00
  C195                 CONDUIT    340.61     0  01:37      0.69    0.23    1.00
  C196                 CONDUIT    391.48     0  04:14      0.78    0.31    1.00
  C197                 CONDUIT    284.43     0  20:17      0.57    0.90    1.00
  C198                 CONDUIT    391.61     0  04:05      1.10    0.25    0.66
  C199                 CONDUIT    391.61     0  04:08      1.10    0.23    0.66
  C200                 CONDUIT   1113.56     0  02:08      2.77    0.20    0.76
  C201                 CONDUIT    669.68     0  04:15      1.33    0.46    1.00
  C202                 CONDUIT    611.68     0  01:33      1.58    0.32    1.00
  C203                 CONDUIT    670.77     0  03:36      1.59    0.42    0.79
  C204                 CONDUIT    285.24     0  01:45      4.10    0.08    0.20
  C205                 CONDUIT   1249.29     0  02:06      4.69    0.54    0.52
  C206                 CONDUIT    215.03     0  01:35      0.70    0.29    0.76
  C207                 CONDUIT    467.34     0  01:41      0.93    2.27    1.00
  C208                 CONDUIT    333.67     0  01:33      0.76    0.17    1.00
  C209                 CONDUIT    344.11     0  01:34      0.68    0.84    1.00
  C210                 CONDUIT    428.33     0  05:48      0.89    1.12    1.00
  C211                 CONDUIT    524.32     0  02:40      1.04    0.83    1.00
  C212                 CONDUIT    333.71     0  01:29      0.73    0.20    1.00
  C213                 CONDUIT    317.15     0  18:38      0.95    0.31    0.82
  C214                 CONDUIT    570.78     0  01:26      1.14    0.36    1.00
  C215                 CONDUIT    412.54     0  01:35      0.82    1.24    1.00
  C216                 CONDUIT    373.42     0  01:35      0.95    0.66    1.00
  C217                 CONDUIT    272.13     0  01:32      0.54    0.90    1.00
  C218                 CONDUIT    585.55     0  04:21      1.16    0.71    1.00
  C219                 CONDUIT    511.54     0  01:51      1.31    0.64    0.82
  C220                 CONDUIT   1112.88     0  01:45      2.53    0.66    0.82
  C221                 CONDUIT   1914.50     0  01:43      0.93    0.14    0.62
  C222                 CONDUIT   2347.99     0  01:44      7.13    0.71    0.62
  C223                 CONDUIT   1255.48     0  01:45      2.88    0.99    0.81
  C224                 CONDUIT   1570.25     0  01:45      7.91    0.36    0.42
  C225                 CONDUIT   1209.85     0  01:50      3.26    3.70    0.71
  C226                 CONDUIT    338.17     0  02:25      0.67    0.41    1.00
  C227                 CONDUIT    438.98     0  01:45      0.88    0.71    1.00
  C228                 CONDUIT    455.62     0  01:51      0.91    0.72    1.00
  C229                 CONDUIT    479.89     0  01:37      0.95    0.78    1.00
  C230                 CONDUIT    504.98     0  01:39      1.00    0.59    1.00
  C231                 CONDUIT    496.57     0  01:57      0.99    0.47    1.00
  C232                 CONDUIT   1027.58     0  02:14      2.04    1.07    1.00
  C233                 CONDUIT    585.07     0  01:47      1.16    0.92    1.00
  C234                 CONDUIT    563.18     0  01:45      1.12    1.20    1.00
  C235                 CONDUIT   1027.29     0  01:45      2.67    1.47    0.72
  C236                 CONDUIT   2884.93     0  01:45     14.02    0.37    0.43
  C237                 CONDUIT   1278.30     0  01:47      3.51    1.28    0.72
  C238                 CONDUIT   1264.99     0  04:39      2.52    1.74    1.00
  C239                 CONDUIT    447.37     0  01:42      0.89    0.68    1.00
  C240                 CONDUIT    762.45     0  01:34      1.62    0.85    1.00
  C241                 CONDUIT    411.37     0  01:45      1.17    2.25    0.70
  C242                 CONDUIT   1005.75     0  01:45      5.34    0.34    0.40
  C243                 CONDUIT    337.32     0  01:46      0.91    0.71    0.70
  C244                 CONDUIT    374.47     0  01:48      1.28    0.89    0.57
  C245                 CONDUIT   1088.51     0  01:45      6.47    0.29    0.37
  C246                 CONDUIT   1181.70     0  01:45      3.01    3.83    0.75
  C247                 CONDUIT   1687.05     0  01:45      6.68    0.50    0.50
  C248                 CONDUIT   1232.80     0  01:45      7.33    0.29    0.37
  C249                 CONDUIT   1751.58     0  02:22      3.52    1.21    0.97
  C250                 CONDUIT    731.31     0  01:45      3.48    0.39    0.44
  C251                 CONDUIT   1269.74     0  01:35      2.53    1.37    1.00
  C252                 CONDUIT   1737.55     0  01:35      4.80    2.75    0.71
  C253                 CONDUIT   2212.07     0  01:42     11.09    0.36    0.42
  C254                 CONDUIT    658.66     0  01:45      2.67    0.60    0.49
  C255                 CONDUIT    567.25     0  01:45      1.65    1.10    0.65
  C256                 CONDUIT    904.43     0  01:55      1.80    1.28    1.00
  C257                 CONDUIT    940.33     0  02:00      1.88    1.95    1.00
  C258                 CONDUIT    760.49     0  01:32      1.65    0.92    1.00
  
  
  ***************************
  Flow Classification Summary
  ***************************
  
  -------------------------------------------------------------------------------------
                      Adjusted    ---------- Fraction of Time in Flow Class ---------- 
                       /Actual         Up    Down  Sub   Sup   Up    Down  Norm  Inlet 
  Conduit               Length    Dry  Dry   Dry   Crit  Crit  Crit  Crit  Ltd   Ctrl  
  -------------------------------------------------------------------------------------
  C4                      1.00   0.00  0.00  0.00  0.00  1.00  0.00  0.00  0.00  0.00
  C5                      1.00   0.00  0.00  0.00  0.07  0.93  0.00  0.00  0.16  0.00
  C6                      1.00   0.00  0.00  0.00  0.61  0.39  0.00  0.00  0.91  0.00
  C7                      1.00   0.00  0.00  0.00  0.96  0.04  0.00  0.00  0.89  0.00
  C8                      1.00   0.00  0.00  0.00  1.00  0.00  0.00  0.00  1.00  0.00
  C9                      1.00   0.00  0.00  0.00  1.00  0.00  0.00  0.00  1.00  0.00
  C10                     1.00   0.00  0.00  0.00  0.99  0.01  0.00  0.00  1.00  0.00
  C11                     1.00   0.00  0.00  0.00  0.99  0.01  0.00  0.00  0.98  0.00
  C12                     1.00   0.00  0.00  0.00  0.99  0.01  0.00  0.00  0.97  0.00
  C13                     1.00   0.00  0.00  0.00  0.99  0.01  0.00  0.00  0.03  0.00
  C14                     1.00   0.00  0.00  0.00  0.00  1.00  0.00  0.00  0.17  0.00
  C15                     1.00   0.00  0.00  0.00  0.00  1.00  0.00  0.00  0.27  0.00
  C16                     1.00   0.00  0.00  0.00  0.00  1.00  0.00  0.00  0.99  0.00
  C17                     1.00   0.00  0.00  0.00  0.00  1.00  0.00  0.00  0.20  0.00
  C18                     1.00   0.00  0.00  0.00  1.00  0.00  0.00  0.00  0.10  0.00
  C19                     1.00   0.00  0.27  0.00  0.72  0.00  0.00  0.00  1.00  0.00
  C20                     1.00   0.00  0.00  0.00  1.00  0.00  0.00  0.00  0.06  0.00
  C21                     1.00   0.00  0.00  0.00  1.00  0.00  0.00  0.00  0.07  0.00
  C22                     1.00   0.00  0.17  0.00  0.83  0.00  0.00  0.00  1.00  0.00
  C23                     1.00   0.00  0.00  0.00  1.00  0.00  0.00  0.00  1.00  0.00
  C24                     1.00   0.00  0.00  0.00  0.48  0.52  0.00  0.00  1.00  0.00
  C25                     1.00   0.00  0.00  0.00  0.00  1.00  0.00  0.00  0.24  0.00
  C26                     1.00   0.00  0.24  0.00  0.74  0.02  0.00  0.00  1.00  0.00
  C27                     1.00   0.00  0.00  0.00  0.00  1.00  0.00  0.00  0.89  0.00
  C28                     1.00   0.00  0.01  0.00  0.99  0.00  0.00  0.00  1.00  0.00
  C29                     1.00   0.00  0.00  0.00  1.00  0.00  0.00  0.00  0.86  0.00
  C30                     1.00   0.00  0.00  0.00  1.00  0.00  0.00  0.00  0.97  0.00
  C31                     1.00   0.00  0.00  0.00  0.32  0.68  0.00  0.00  0.01  0.00
  C32                     1.00   0.00  0.33  0.00  0.67  0.00  0.00  0.00  1.00  0.00
  C33                     1.00   0.00  0.00  0.00  0.95  0.05  0.00  0.00  0.98  0.00
  C34                     1.00   0.00  0.00  0.00  1.00  0.00  0.00  0.00  0.02  0.00
  C35                     1.00   0.00  0.00  0.00  1.00  0.00  0.00  0.00  0.49  0.00
  C36                     1.00   0.00  0.00  0.00  0.80  0.20  0.00  0.00  0.87  0.00
  C37                     1.00   0.00  0.00  0.00  0.00  1.00  0.00  0.00  0.35  0.00
  C38                     1.00   0.00  0.00  0.00  0.81  0.19  0.00  0.00  1.00  0.00
  C39                     1.00   0.00  0.00  0.00  0.00  1.00  0.00  0.00  0.00  0.00
  C40                     1.00   0.00  0.00  0.00  0.00  1.00  0.00  0.00  0.27  0.00
  C41                     1.00   0.00  0.00  0.00  0.21  0.78  0.00  0.00  0.99  0.00
  C42                     1.00   0.00  0.00  0.00  0.00  1.00  0.00  0.00  0.11  0.00
  C43                     1.00   0.00  0.00  0.00  0.83  0.17  0.00  0.00  0.85  0.00
  C44                     1.00   0.00  0.00  0.00  0.00  1.00  0.00  0.00  1.00  0.00
  C45                     1.00   0.00  0.00  0.00  0.00  1.00  0.00  0.00  0.22  0.00
  C46                     1.00   0.00  0.00  0.00  0.07  0.93  0.00  0.00  0.03  0.00
  C47                     1.00   0.00  0.00  0.00  0.30  0.70  0.00  0.00  0.95  0.00
  C48                     1.00   0.00  0.00  0.00  0.98  0.02  0.00  0.00  0.99  0.00
  C49                     1.00   0.00  0.00  0.00  0.16  0.84  0.00  0.00  0.85  0.00
  C50                     1.00   0.00  0.00  0.00  1.00  0.00  0.00  0.00  0.58  0.00
  C51                     1.00   0.00  0.00  0.00  1.00  0.00  0.00  0.00  0.05  0.00
  C52                     1.00   0.00  0.00  0.00  0.46  0.54  0.00  0.00  0.90  0.00
  C53                     1.00   0.00  0.00  0.00  0.99  0.01  0.00  0.00  0.99  0.00
  C54                     1.00   0.00  0.00  0.00  0.90  0.10  0.00  0.00  1.00  0.00
  C55                     1.00   0.00  0.00  0.00  1.00  0.00  0.00  0.00  0.06  0.00
  C56                     1.00   0.00  0.00  0.00  0.69  0.31  0.00  0.00  0.00  0.00
  C57                     1.00   0.00  0.00  0.00  0.03  0.97  0.00  0.00  0.37  0.00
  C58                     1.00   0.00  0.00  0.00  0.03  0.97  0.00  0.00  0.42  0.00
  C59                     1.00   0.00  0.00  0.00  0.28  0.72  0.00  0.00  0.97  0.00
  C60                     1.00   0.00  0.00  0.00  0.98  0.02  0.00  0.00  0.96  0.00
  C61                     1.00   0.00  0.00  0.00  0.14  0.86  0.00  0.00  0.38  0.00
  C62                     1.00   0.00  0.00  0.00  0.05  0.95  0.00  0.00  0.40  0.00
  C63                     1.00   0.00  0.00  0.00  1.00  0.00  0.00  0.00  1.00  0.00
  C64                     1.00   0.00  0.00  0.00  0.18  0.82  0.00  0.00  0.99  0.00
  C65                     1.00   0.00  0.00  0.00  0.60  0.40  0.00  0.00  0.67  0.00
  C66                     1.00   0.00  0.00  0.00  1.00  0.00  0.00  0.00  1.00  0.00
  C67                     1.00   0.00  0.00  0.00  0.98  0.02  0.00  0.00  1.00  0.00
  C68                     1.00   0.00  0.00  0.00  1.00  0.00  0.00  0.00  1.00  0.00
  C69                     1.00   0.00  0.00  0.00  0.99  0.01  0.00  0.00  0.99  0.00
  C70                     1.00   0.00  0.00  0.00  1.00  0.00  0.00  0.00  1.00  0.00
  C71                     1.00   0.00  0.03  0.00  0.97  0.00  0.00  0.00  1.00  0.00
  C72                     1.00   0.00  0.00  0.00  0.94  0.06  0.00  0.00  0.98  0.00
  C73                     1.00   0.00  0.00  0.00  1.00  0.00  0.00  0.00  0.99  0.00
  C74                     1.00   0.00  0.00  0.00  0.56  0.44  0.00  0.00  1.00  0.00
  C75                     1.00   0.00  0.00  0.00  0.20  0.80  0.00  0.00  1.00  0.00
  C76                     1.00   0.00  0.00  0.00  1.00  0.00  0.00  0.00  0.05  0.00
  C77                     1.00   0.00  0.00  0.00  0.73  0.27  0.00  0.00  0.99  0.00
  C78                     1.00   0.00  0.00  0.00  0.01  0.99  0.00  0.00  0.01  0.00
  C79                     1.00   0.00  0.00  0.00  0.01  0.99  0.00  0.00  0.01  0.00
  C80                     1.00   0.00  0.00  0.00  0.17  0.83  0.00  0.00  1.00  0.00
  C81                     1.00   0.00  0.00  0.00  0.00  1.00  0.00  0.00  0.06  0.00
  C82                     1.00   0.00  0.00  0.00  0.04  0.96  0.00  0.00  1.00  0.00
  C83                     1.00   0.00  0.00  0.00  0.99  0.01  0.00  0.00  1.00  0.00
  C84                     1.00   0.00  0.00  0.00  1.00  0.00  0.00  0.00  1.00  0.00
  C85                     1.00   0.00  0.00  0.00  0.00  1.00  0.00  0.00  0.92  0.00
  C86                     1.00   0.00  0.00  0.00  0.13  0.87  0.00  0.00  1.00  0.00
  C87                     1.00   0.00  0.00  0.00  0.87  0.13  0.00  0.00  1.00  0.00
  C88                     1.00   0.00  0.00  0.00  0.00  1.00  0.00  0.00  0.00  0.00
  C89                     1.00   0.00  0.00  0.00  0.00  1.00  0.00  0.00  0.99  0.00
  C90                     1.00   0.00  0.00  0.00  0.98  0.02  0.00  0.00  1.00  0.00
  C91                     1.00   0.00  0.00  0.00  1.00  0.00  0.00  0.00  0.06  0.00
  C92                     1.00   0.00  0.00  0.00  1.00  0.00  0.00  0.00  0.93  0.00
  C93                     1.00   0.00  0.00  0.00  0.00  1.00  0.00  0.00  1.00  0.00
  C94                     1.00   0.00  0.00  0.00  1.00  0.00  0.00  0.00  1.00  0.00
  C95                     1.00   0.00  0.00  0.00  0.93  0.07  0.00  0.00  1.00  0.00
  C96                     1.00   0.00  0.00  0.00  0.92  0.08  0.00  0.00  1.00  0.00
  C97                     1.00   0.00  0.00  0.00  0.91  0.09  0.00  0.00  0.98  0.00
  C98                     1.00   0.00  0.00  0.00  1.00  0.00  0.00  0.00  0.84  0.00
  C99                     1.00   0.00  0.00  0.00  1.00  0.00  0.00  0.00  0.95  0.00
  C100                    1.00   0.00  0.00  0.00  0.01  0.99  0.00  0.00  0.35  0.00
  C101                    1.00   0.00  0.00  0.00  0.00  1.00  0.00  0.00  0.43  0.00
  C102                    1.00   0.00  0.00  0.00  0.24  0.76  0.00  0.00  0.98  0.00
  C103                    1.00   0.00  0.00  0.00  0.66  0.34  0.00  0.00  0.07  0.00
  C104                    1.00   0.00  0.00  0.00  0.00  1.00  0.00  0.00  0.04  0.00
  C105                    1.00   0.00  0.00  0.00  0.00  1.00  0.00  0.00  0.12  0.00
  C106                    1.00   0.00  0.00  0.00  1.00  0.00  0.00  0.00  0.00  0.00
  C107                    1.00   0.00  0.00  0.00  0.00  1.00  0.00  0.00  0.06  0.00
  C108                    1.00   0.00  1.00  0.00  0.00  0.00  0.00  0.00  0.00  0.00
  C109                    1.00   0.00  0.00  0.00  1.00  0.00  0.00  0.00  0.23  0.00
  C110                    1.00   0.00  0.00  0.00  1.00  0.00  0.00  0.00  1.00  0.00
  C111                    1.00   0.00  0.00  0.00  0.00  1.00  0.00  0.00  0.22  0.00
  C112                    1.00   0.00  0.00  0.00  1.00  0.00  0.00  0.00  0.05  0.00
  C113                    1.00   0.00  0.00  0.00  0.94  0.06  0.00  0.00  1.00  0.00
  C114                    1.00   0.00  0.00  0.00  1.00  0.00  0.00  0.00  0.36  0.00
  C115                    1.00   0.00  0.00  0.00  0.12  0.88  0.00  0.00  0.29  0.00
  C116                    1.00   0.00  0.00  0.00  0.03  0.97  0.00  0.00  0.11  0.00
  C117                    1.00   0.00  0.00  0.00  0.00  1.00  0.00  0.00  0.18  0.00
  C118                    1.00   0.00  0.00  0.00  0.23  0.77  0.00  0.00  0.00  0.00
  C119                    1.00   0.00  0.00  0.00  0.00  1.00  0.00  0.00  0.12  0.00
  C120                    1.00   0.00  0.00  0.00  0.00  1.00  0.00  0.00  0.18  0.00
  C121                    1.00   0.00  0.00  0.00  1.00  0.00  0.00  0.00  0.01  0.00
  C122                    1.00   0.00  0.00  0.00  0.00  1.00  0.00  0.00  0.08  0.00
  C123                    1.00   0.00  0.00  0.00  1.00  0.00  0.00  0.00  0.98  0.00
  C124                    1.00   0.00  0.00  0.00  0.99  0.01  0.00  0.00  0.99  0.00
  C125                    1.00   0.00  0.00  0.00  1.00  0.00  0.00  0.00  0.00  0.00
  C126                    1.00   0.00  0.00  0.00  0.98  0.02  0.00  0.00  0.44  0.00
  C127                    1.00   0.00  0.00  0.00  1.00  0.00  0.00  0.00  1.00  0.00
  C128                    1.00   0.00  0.00  0.00  1.00  0.00  0.00  0.00  0.01  0.00
  C129                    1.00   0.00  0.00  0.00  0.00  1.00  0.00  0.00  0.20  0.00
  C130                    1.00   0.00  0.00  0.00  0.50  0.50  0.00  0.00  0.01  0.00
  C131                    1.00   0.00  0.00  0.00  0.00  1.00  0.00  0.00  0.14  0.00
  C132                    1.00   0.00  0.00  0.00  1.00  0.00  0.00  0.00  0.01  0.00
  C133                    1.00   0.00  0.00  0.00  0.00  1.00  0.00  0.00  0.16  0.00
  C134                    1.00   0.00  0.00  0.00  0.00  1.00  0.00  0.00  0.14  0.00
  C135                    1.00   0.00  0.00  0.00  0.32  0.68  0.00  0.00  0.00  0.00
  C136                    1.00   0.00  0.00  0.00  0.00  1.00  0.00  0.00  0.12  0.00
  C137                    1.00   0.00  0.00  0.00  0.45  0.55  0.00  0.00  0.20  0.00
  C138                    1.00   0.00  0.00  0.00  1.00  0.00  0.00  0.00  0.62  0.00
  C139                    1.00   0.00  0.00  0.00  1.00  0.00  0.00  0.00  0.03  0.00
  C140                    1.00   0.00  0.00  0.00  0.04  0.96  0.00  0.00  0.06  0.00
  C141                    1.00   0.00  0.00  0.00  1.00  0.00  0.00  0.00  0.06  0.00
  C142                    1.00   0.00  0.00  0.00  1.00  0.00  0.00  0.00  0.07  0.00
  C143                    1.00   0.00  0.00  0.00  1.00  0.00  0.00  0.00  0.09  0.00
  C144                    1.00   0.00  0.00  0.00  0.78  0.22  0.00  0.00  0.02  0.00
  C145                    1.00   0.00  0.00  0.00  1.00  0.00  0.00  0.00  0.19  0.00
  C146                    1.00   0.00  0.00  0.00  1.00  0.00  0.00  0.00  0.01  0.00
  C147                    1.00   0.00  0.00  0.00  1.00  0.00  0.00  0.00  0.05  0.00
  C148                    1.00   0.00  0.00  0.00  1.00  0.00  0.00  0.00  0.07  0.00
  C149                    1.00   0.00  0.00  0.00  0.99  0.01  0.00  0.00  0.04  0.00
  C150                    1.00   0.00  0.00  0.00  1.00  0.00  0.00  0.00  0.01  0.00
  C151                    1.00   0.00  0.00  0.00  1.00  0.00  0.00  0.00  0.89  0.00
  C152                    1.00   0.00  0.00  0.00  1.00  0.00  0.00  0.00  0.94  0.00
  C153                    1.00   0.00  0.00  0.00  0.05  0.95  0.00  0.00  0.27  0.00
  C154                    1.00   0.00  0.00  0.00  0.52  0.48  0.00  0.00  0.90  0.00
  C155                    1.00   0.00  0.00  0.00  1.00  0.00  0.00  0.00  0.99  0.00
  C156                    1.00   0.00  0.00  0.00  1.00  0.00  0.00  0.00  0.01  0.00
  C157                    1.00   0.00  0.00  0.00  0.51  0.49  0.00  0.00  0.21  0.00
  C158                    1.00   0.00  0.00  0.00  0.73  0.27  0.00  0.00  0.47  0.00
  C159                    1.00   0.00  0.00  0.00  1.00  0.00  0.00  0.00  0.91  0.00
  C160                    1.00   0.00  0.00  0.00  1.00  0.00  0.00  0.00  0.02  0.00
  C161                    1.00   0.00  0.00  0.00  1.00  0.00  0.00  0.00  0.05  0.00
  C162                    1.00   0.00  0.00  0.00  1.00  0.00  0.00  0.00  0.29  0.00
  C163                    1.00   0.00  0.00  0.00  0.98  0.02  0.00  0.00  0.04  0.00
  C164                    1.00   0.00  0.00  0.00  0.95  0.05  0.00  0.00  0.98  0.00
  C165                    1.00   0.00  0.00  0.00  1.00  0.00  0.00  0.00  0.04  0.00
  C166                    1.00   0.00  0.00  0.00  0.98  0.02  0.00  0.00  0.29  0.00
  C167                    1.00   0.00  0.00  0.00  0.91  0.08  0.00  0.00  0.41  0.00
  C168                    1.00   0.00  0.00  0.00  1.00  0.00  0.00  0.00  0.25  0.00
  C169                    1.00   0.00  0.00  0.00  1.00  0.00  0.00  0.00  0.20  0.00
  C170                    1.00   0.00  0.00  0.00  1.00  0.00  0.00  0.00  0.04  0.00
  C171                    1.00   0.00  0.00  0.00  1.00  0.00  0.00  0.00  0.03  0.00
  C172                    1.00   0.00  0.00  0.00  1.00  0.00  0.00  0.00  0.04  0.00
  C173                    1.00   0.00  0.00  0.00  1.00  0.00  0.00  0.00  0.20  0.00
  C174                    1.00   0.00  0.00  0.00  1.00  0.00  0.00  0.00  0.06  0.00
  C175                    1.00   0.00  0.00  0.00  0.99  0.01  0.00  0.00  0.04  0.00
  C176                    1.00   0.00  0.00  0.00  1.00  0.00  0.00  0.00  0.05  0.00
  C177                    1.00   0.00  0.00  0.00  1.00  0.00  0.00  0.00  0.04  0.00
  C178                    1.00   0.00  0.19  0.00  0.80  0.00  0.00  0.00  0.65  0.00
  C179                    1.00   0.00  0.00  0.00  1.00  0.00  0.00  0.00  0.01  0.00
  C180                    1.00   0.00  0.01  0.00  0.99  0.00  0.00  0.00  0.61  0.00
  C181                    1.00   0.00  0.00  0.00  1.00  0.00  0.00  0.00  0.01  0.00
  C182                    1.00   0.00  0.00  0.00  1.00  0.00  0.00  0.00  0.04  0.00
  C183                    1.00   0.00  0.00  0.00  1.00  0.00  0.00  0.00  0.02  0.00
  C184                    1.00   0.00  0.00  0.00  1.00  0.00  0.00  0.00  0.05  0.00
  C185                    1.00   0.00  0.00  0.00  1.00  0.00  0.00  0.00  0.06  0.00
  C186                    1.00   0.00  0.00  0.00  0.99  0.01  0.00  0.00  0.36  0.00
  C187                    1.00   0.00  0.00  0.00  1.00  0.00  0.00  0.00  0.63  0.00
  C188                    1.00   0.00  0.00  0.00  1.00  0.00  0.00  0.00  0.42  0.00
  C189                    1.00   0.00  0.00  0.00  1.00  0.00  0.00  0.00  0.29  0.00
  C190                    1.00   0.00  0.00  0.00  1.00  0.00  0.00  0.00  0.12  0.00
  C191                    1.00   0.00  0.00  0.00  1.00  0.00  0.00  0.00  0.05  0.00
  C192                    1.00   0.00  0.00  0.00  0.99  0.01  0.00  0.00  0.05  0.00
  C193                    1.00   0.00  0.00  0.00  0.99  0.01  0.00  0.00  0.78  0.00
  C194                    1.00   0.00  0.00  0.00  1.00  0.00  0.00  0.00  0.04  0.00
  C195                    1.00   0.00  0.00  0.00  1.00  0.00  0.00  0.00  0.51  0.00
  C196                    1.00   0.00  0.00  0.00  1.00  0.00  0.00  0.00  0.05  0.00
  C197                    1.00   0.00  0.00  0.00  1.00  0.00  0.00  0.00  0.04  0.00
  C198                    1.00   0.00  0.00  0.00  1.00  0.00  0.00  0.00  0.48  0.00
  C199                    1.00   0.00  0.00  0.00  1.00  0.00  0.00  0.00  1.00  0.00
  C200                    1.00   0.00  0.00  0.00  0.81  0.18  0.00  0.00  0.06  0.00
  C201                    1.00   0.00  0.00  0.00  1.00  0.00  0.00  0.00  0.06  0.00
  C202                    1.00   0.00  0.00  0.00  0.98  0.02  0.00  0.00  0.06  0.00
  C203                    1.00   0.00  0.00  0.00  1.00  0.00  0.00  0.00  0.83  0.00
  C204                    1.00   0.00  0.00  0.00  0.00  1.00  0.00  0.00  0.06  0.00
  C205                    1.00   0.00  0.00  0.00  0.00  1.00  0.00  0.00  0.29  0.00
  C206                    1.00   0.00  0.00  0.00  1.00  0.00  0.00  0.00  0.06  0.00
  C207                    1.00   0.00  0.00  0.00  1.00  0.00  0.00  0.00  0.04  0.00
  C208                    1.00   0.00  0.00  0.00  1.00  0.00  0.00  0.00  0.05  0.00
  C209                    1.00   0.00  0.00  0.00  1.00  0.00  0.00  0.00  0.01  0.00
  C210                    1.00   0.00  0.00  0.00  1.00  0.00  0.00  0.00  0.04  0.00
  C211                    1.00   0.00  0.00  0.00  1.00  0.00  0.00  0.00  0.06  0.00
  C212                    1.00   0.00  0.00  0.00  0.99  0.01  0.00  0.00  0.05  0.00
  C213                    1.00   0.00  0.00  0.00  1.00  0.00  0.00  0.00  0.06  0.00
  C214                    1.00   0.00  0.00  0.00  1.00  0.00  0.00  0.00  0.05  0.00
  C215                    1.00   0.00  0.00  0.00  1.00  0.00  0.00  0.00  0.01  0.00
  C216                    1.00   0.00  0.00  0.00  1.00  0.00  0.00  0.00  0.05  0.00
  C217                    1.00   0.00  0.00  0.00  1.00  0.00  0.00  0.00  0.04  0.00
  C218                    1.00   0.00  0.00  0.00  1.00  0.00  0.00  0.00  0.04  0.00
  C219                    1.00   0.00  0.00  0.00  1.00  0.00  0.00  0.00  0.08  0.00
  C220                    1.00   0.00  0.00  0.00  1.00  0.00  0.00  0.00  0.99  0.00
  C221                    1.00   0.00  0.00  0.00  1.00  0.00  0.00  0.00  0.06  0.00
  C222                    1.00   0.00  0.00  0.00  0.00  1.00  0.00  0.00  0.05  0.00
  C223                    1.00   0.00  0.00  0.00  0.00  1.00  0.00  0.00  0.39  0.00
  C224                    1.00   0.00  0.00  0.00  0.00  1.00  0.00  0.00  0.01  0.00
  C225                    1.00   0.00  0.00  0.00  0.64  0.36  0.00  0.00  0.00  0.00
  C226                    1.00   0.00  0.05  0.00  0.95  0.00  0.00  0.00  0.00  0.00
  C227                    1.00   0.00  0.04  0.00  0.96  0.00  0.00  0.00  0.01  0.00
  C228                    1.00   0.00  0.04  0.00  0.96  0.00  0.00  0.00  0.00  0.00
  C229                    1.00   0.00  0.00  0.00  1.00  0.00  0.00  0.00  0.05  0.00
  C230                    1.00   0.00  0.00  0.00  1.00  0.00  0.00  0.00  0.04  0.00
  C231                    1.00   0.00  0.00  0.00  1.00  0.00  0.00  0.00  0.05  0.00
  C232                    1.00   0.00  0.00  0.00  1.00  0.00  0.00  0.00  0.96  0.00
  C233                    1.00   0.00  0.00  0.00  1.00  0.00  0.00  0.00  0.04  0.00
  C234                    1.00   0.00  0.00  0.00  1.00  0.00  0.00  0.00  0.27  0.00
  C235                    1.00   0.00  0.00  0.00  0.27  0.73  0.00  0.00  0.00  0.00
  C236                    1.00   0.00  0.00  0.00  0.00  1.00  0.00  0.00  0.00  0.00
  C237                    1.00   0.00  0.00  0.00  0.05  0.95  0.00  0.00  0.05  0.00
  C238                    1.00   0.00  0.00  0.00  1.00  0.00  0.00  0.00  0.80  0.00
  C239                    1.00   0.00  0.00  0.00  1.00  0.00  0.00  0.00  0.54  0.00
  C240                    1.00   0.00  0.00  0.00  1.00  0.00  0.00  0.00  0.11  0.00
  C241                    1.00   0.00  0.00  0.00  1.00  0.00  0.00  0.00  0.13  0.00
  C242                    1.00   0.00  0.00  0.00  0.00  1.00  0.00  0.00  0.12  0.00
  C243                    1.00   0.00  0.00  0.00  1.00  0.00  0.00  0.00  0.95  0.00
  C244                    1.00   0.00  0.00  0.00  1.00  0.00  0.00  0.00  0.08  0.00
  C245                    1.00   0.00  0.00  0.00  0.00  1.00  0.00  0.00  0.11  0.00
  C246                    1.00   0.00  0.00  0.00  0.97  0.03  0.00  0.00  0.00  0.00
  C247                    1.00   0.00  0.00  0.00  0.00  1.00  0.00  0.00  0.13  0.00
  C248                    1.00   0.00  0.00  0.00  0.00  1.00  0.00  0.00  0.17  0.00
  C249                    1.00   0.00  0.00  0.00  0.08  0.92  0.00  0.00  0.42  0.00
  C250                    1.00   0.00  0.00  0.00  0.00  1.00  0.00  0.00  0.34  0.00
  C251                    1.00   0.00  0.00  0.00  0.99  0.01  0.00  0.00  0.86  0.00
  C252                    1.00   0.00  0.00  0.00  0.01  0.99  0.00  0.00  0.00  0.00
  C253                    1.00   0.00  0.00  0.00  0.00  1.00  0.00  0.00  0.02  0.00
  C254                    1.00   0.00  0.00  0.00  0.82  0.18  0.00  0.00  0.89  0.00
  C255                    1.00   0.00  0.00  0.00  1.00  0.00  0.00  0.00  0.00  0.00
  C256                    1.00   0.00  0.00  0.00  1.00  0.00  0.00  0.00  0.62  0.00
  C257                    1.00   0.00  0.00  0.00  1.00  0.00  0.00  0.00  0.05  0.00
  C258                    1.00   0.00  0.00  0.00  1.00  0.00  0.00  0.00  0.04  0.00
  
  
  *************************
  Conduit Surcharge Summary
  *************************
  
  ----------------------------------------------------------------------------
                                                           Hours        Hours 
                         --------- Hours Full --------   Above Full   Capacity
  Conduit                Both Ends  Upstream  Dnstream   Normal Flow   Limited
  ----------------------------------------------------------------------------
  C7                          2.03      2.03     22.48      0.02         0.01
  C8                          0.01      0.01     22.48      0.01         0.01
  C9                          0.01      0.01     22.43      0.01         0.01
  C10                         0.01      0.01     22.43      0.01         0.01
  C11                         0.13      0.13      0.57      0.01         0.01
  C12                         0.25      0.25      0.57      0.01         0.01
  C13                         0.01      0.01      0.57      0.60         0.01
  C18                         0.01      0.01      0.21      0.48         0.01
  C20                        13.76     13.76     22.57      0.04         0.15
  C21                         1.69      2.40     13.76      0.20         0.21
  C22                         0.01      0.01      2.40      0.01         0.01
  C23                         0.01      0.01      2.40      0.01         0.01
  C28                         0.01      0.01      0.20      0.01         0.01
  C29                         0.20      0.20      0.20      0.13         0.12
  C30                         0.17      0.17      0.20      0.01         0.01
  C31                         0.01      0.20      0.01      0.26         0.01
  C33                         0.01      0.01     22.40      0.01         0.01
  C34                        22.40     22.40     23.03      0.51         0.49
  C35                         0.01      0.01     13.76      0.01         0.01
  C48                         0.01      0.01     22.98      0.01         0.01
  C51                        22.32     22.32     22.57      0.01         0.13
  C53                         0.01      0.01     22.43      0.01         0.01
  C55                         0.02      0.02     22.84      0.01         0.01
  C56                         0.01      0.02      0.03      0.17         0.01
  C57                         0.03      0.03      0.58      0.01         0.01
  C58                         0.58      0.58      0.61      0.01         0.03
  C59                         0.61      0.61      3.29      0.01         0.01
  C60                         0.59      0.59      3.29      0.01         0.01
  C61                         0.01      3.29      0.01      3.43         0.01
  C62                         1.12      1.12      1.15      1.15         1.12
  C63                         0.01      0.01      1.12      0.01         0.01
  C64                         0.09      0.09      1.12      0.01         0.01
  C65                         0.01      0.01      0.09      0.01         0.01
  C66                         0.01      0.01     22.38      0.01         0.01
  C67                         0.01      0.01     22.38      0.01         0.01
  C69                         0.01      0.01     22.43      0.01         0.01
  C73                         0.01      0.01      0.17      0.01         0.01
  C74                         0.01      0.01      0.17      0.01         0.01
  C78                         0.05      0.17      0.05      0.25         0.05
  C79                         0.01      0.05      0.01      0.01         0.01
  C83                         0.01      0.01     22.97      0.01         0.01
  C84                         0.01      0.01     22.85      0.01         0.01
  C87                         0.01      0.01      1.11      0.01         0.01
  C89                         0.01      0.01      0.27      0.01         0.01
  C90                         0.01      0.01      1.73      0.01         0.01
  C91                         1.11      1.73      1.11      1.85         1.11
  C92                         0.16      0.16      1.59      0.01         0.01
  C94                         0.01      0.01      0.16      0.01         0.01
  C96                         0.01      0.01      0.67      0.01         0.01
  C97                         0.27      0.27      2.27      0.03         0.01
  C99                         0.01      0.01      0.21      0.01         0.01
  C100                        0.21      0.21      0.25      0.25         0.20
  C102                        0.01      0.01      0.21      0.01         0.01
  C103                        0.01      0.67      0.01      0.70         0.01
  C106                        0.01      2.27      0.01      2.27         0.01
  C109                        0.01      0.01     21.62      0.01         0.01
  C110                        0.01      0.01     21.62      0.01         0.01
  C112                        5.22      5.26     21.62      0.01         0.02
  C113                        0.01      0.01      5.26      0.01         0.01
  C114                        0.01      1.64      0.01      1.72         0.01
  C125                        0.01      0.01      0.01      0.21         0.01
  C135                        0.01      0.06      0.01      0.20         0.01
  C138                        0.10      0.10      0.17      0.01         0.01
  C139                        0.01      0.01      0.17      0.18         0.01
  C141                        0.01      0.01     22.85      0.01         0.01
  C142                        0.01      0.01     22.85      0.01         0.01
  C143                        0.01      0.01     22.61      0.01         0.01
  C144                        0.01      0.01      0.01      0.01         0.01
  C145                        0.01      0.01     22.59      0.01         0.01
  C146                       22.57     22.59     22.72      0.01         0.01
  C147                       22.68     22.72     22.81      0.01         0.01
  C148                        0.01      0.01     22.81      0.01         0.01
  C149                       22.53     22.55     22.81      0.01         0.01
  C150                        0.01      0.01      6.81      8.22         0.01
  C151                        1.57      1.57      6.81      0.01         0.01
  C152                        1.37      1.37      6.81      0.02         0.01
  C153                        1.08      1.11      1.37      1.01         0.99
  C154                        1.37      1.37      1.43      0.01         0.01
  C155                        0.01      0.01      0.74      0.01         0.01
  C156                        0.01      0.01      0.33      2.06         0.01
  C157                        1.40      1.43      2.88      1.42         1.38
  C158                        2.47      2.87      4.59      0.01         0.18
  C159                        0.01      0.01      6.14      0.01         0.01
  C160                        5.14      6.14      6.18      0.01         0.14
  C161                        5.92      6.18     19.72      0.01         0.04
  C162                        4.58      4.59     19.72      0.01         0.01
  C163                        3.46      4.59      4.53      2.69         2.94
  C164                        0.01      0.01     12.01      0.01         0.01
  C165                       11.95     14.53     12.01      2.66         1.81
  C166                        8.62      8.62     15.94      0.01         0.64
  C167                        4.10      4.53      8.62      0.01         0.21
  C168                        4.49      4.53     18.46      0.01         0.03
  C169                        5.36      5.46     18.46      0.01         0.07
  C170                       18.07     18.46     21.92      0.01         0.56
  C171                       21.91     22.43     21.92      0.01         0.37
  C172                       20.64     20.64     22.43      0.07         1.23
  C173                        7.08      7.08     22.43      0.01         0.01
  C174                        7.07      7.09     17.34      0.01         0.01
  C175                       20.53     20.64     22.27      0.01         0.07
  C176                       18.58     18.69     22.27      0.01         0.06
  C177                       11.71     12.01     18.10      0.01         2.73
  C178                        4.58      4.58     22.64      0.01         0.01
  C179                       17.39     18.10     21.07      0.01         4.01
  C180                        4.89      4.89     22.72      0.01         0.01
  C181                       21.05     22.50     21.07      0.88         2.36
  C182                       14.81     15.36     17.13      0.01         1.47
  C183                       10.34     10.49     15.36      0.01         2.29
  C184                       14.52     15.94     17.57      0.01         0.74
  C185                        9.99     10.37     17.57      0.01         0.27
  C186                        0.01      0.01     17.57      0.01         0.01
  C188                        4.00      4.00     22.58      0.01         0.01
  C189                       12.94     12.94     22.64      0.01         0.01
  C190                        4.00      4.00     22.46      0.01         0.01
  C191                       22.46     22.46     22.65      0.01         0.01
  C192                       22.45     22.45     22.65      0.01         0.01
  C193                        2.84      2.84     21.07      0.01         0.01
  C194                       15.87     15.87     22.50      0.01         0.58
  C195                        4.61      4.61     21.92      0.01         0.01
  C196                       22.27     22.27     22.57      0.01         0.08
  C197                       22.40     22.40     22.57      0.01         0.37
  C198                        0.01      0.01     22.57      0.01         0.01
  C199                        0.01      0.01     22.63      0.01         0.01
  C200                        0.01      0.01     22.63      0.01         0.01
  C201                       22.45     22.45     22.63      0.01         0.01
  C202                       22.44     22.44     22.45      0.01         0.01
  C203                        0.01      0.01     22.45      0.01         0.01
  C206                        0.01      0.01     15.67      0.01         0.01
  C207                       22.73     22.76     22.73      2.97         2.96
  C208                       22.42     22.42     22.73      0.01         0.01
  C209                       14.73     14.73     22.59      0.01         4.68
  C210                       22.59     22.59     22.79      4.89         0.02
  C211                        8.83      8.83     22.79      0.01         0.01
  C212                       22.49     22.49     22.76      0.01         0.01
  C213                        0.01      0.01     14.73      0.01         0.01
  C214                       22.53     22.53     22.76      0.01         0.01
  C215                       22.49     22.49     22.53      0.14         0.16
  C216                       22.46     22.46     22.49      0.01         0.01
  C217                       22.46     22.46     22.48      0.01         0.01
  C218                       22.46     22.46     22.59      0.01         0.01
  C219                        0.01      0.01      8.86      0.01         0.01
  C220                        0.01      0.01     22.82      0.01         0.01
  C221                        0.01      0.01      0.11      0.01         0.01
  C225                        0.01      0.79      0.01      1.49         0.01
  C226                        0.23      0.90      8.54      0.01         0.06
  C227                        0.44      1.16      8.54      0.01         0.18
  C228                        1.16      1.16     12.53      0.01         0.39
  C229                        1.40      1.40     12.53      0.01         0.01
  C230                        0.74      1.40      8.54      0.01         0.17
  C231                        1.40      1.40     16.12      0.01         0.01
  C232                        0.76      0.80      0.79      0.07         0.04
  C233                        3.85      4.35     16.12      0.01         0.09
  C234                        0.33      0.33      4.35      0.04         0.14
  C235                        0.01      0.33      0.01      0.48         0.01
  C237                        0.01      3.22      0.01      3.74         0.01
  C238                        3.22      3.80      3.22      2.67         0.57
  C239                        1.36      1.36     20.25      0.01         0.01
  C240                        7.86      8.07     20.25      0.01         0.08
  C241                        0.01      0.01      8.07      9.11         0.01
  C246                        0.01      0.99      0.01      1.75         0.01
  C249                        0.01      1.84      0.01      1.85         0.01
  C251                        0.32      0.35      0.32      0.89         0.32
  C252                        0.01      0.32      0.01      4.29         0.01
  C255                        0.01      0.01      0.01      0.12         0.01
  C256                        0.36      0.53      2.58      0.02         0.05
  C257                        0.27      2.58      0.35      4.29         0.26
  C258                        2.58      2.58      5.64      0.01         0.01
  

  Analysis begun on:  Tue Sep 15 12:49:10 2026
  Analysis ended on:  Tue Sep 15 12:50:04 2026
  Total elapsed time: 00:00:54