
  EPA STORM WATER MANAGEMENT MODEL - VERSION 5.2 (Build 5.2.4)
  ------------------------------------------------------------

  test 
  WARNING 02: maximum depth increased for Node J298
  WARNING 02: maximum depth increased for Node J304
  WARNING 02: maximum depth increased for Node J465
  WARNING 02: maximum depth increased for Node J560
  WARNING 02: maximum depth increased for Node J568
  WARNING 02: maximum depth increased for Node J572
  WARNING 02: maximum depth increased for Node J574
  WARNING 02: maximum depth increased for Node J575
  WARNING 02: maximum depth increased for Node J709
  WARNING 02: maximum depth increased for Node J711
  
  ****************
  Analysis Options
  ****************
  Flow Units ............... LPS
  Process Models:
    Rainfall/Runoff ........ YES
    RDII ................... NO
    Snowmelt ............... NO
    Groundwater ............ NO
    Flow Routing ........... YES
    Ponding Allowed ........ YES
    Water Quality .......... NO
  Infiltration Method ...... HORTON
  Flow Routing Method ...... DYNWAVE
  Surcharge Method ......... EXTRAN
  Starting Date ............ 07/15/2025 00:00:00
  Ending Date .............. 07/15/2025 01:00:00
  Antecedent Dry Days ...... 0.0
  Report Time Step ......... 00:05:00
  Wet Time Step ............ 00:05:00
  Dry Time Step ............ 01:00:00
  Routing Time Step ........ 10.00 sec
  Variable Time Step ....... YES
  Maximum Trials ........... 8
  Number of Threads ........ 1
  Head Tolerance ........... 0.005000 m
  
  
  **************************        Volume         Depth
  Runoff Quantity Continuity     hectare-m            mm
  **************************     ---------       -------
  Total Precipitation ......       591.249        49.991
  Evaporation Loss .........         0.000         0.000
  Infiltration Loss ........        42.348         3.581
  Surface Runoff ...........       256.578        21.694
  Final Storage ............       306.525        25.917
  Continuity Error (%) .....        -2.402
  
  
  **************************        Volume        Volume
  Flow Routing Continuity        hectare-m      10^6 ltr
  **************************     ---------     ---------
  Dry Weather Inflow .......         0.000         0.000
  Wet Weather Inflow .......       242.858      2428.601
  Groundwater Inflow .......         0.000         0.000
  RDII Inflow ..............         0.000         0.000
  External Inflow ..........         0.000         0.000
  External Outflow .........        82.014       820.151
  Flooding Loss ............         0.000         0.000
  Evaporation Loss .........         0.000         0.000
  Exfiltration Loss ........         0.000         0.000
  Initial Stored Volume ....         0.000         0.000
  Final Stored Volume ......       160.126      1601.273
  Continuity Error (%) .....         0.296
  
  
  *************************
  Highest Continuity Errors
  *************************
  Node J696 (38.34%)
  Node J463 (17.68%)
  Node J474 (17.56%)
  Node J625 (16.34%)
  Node J117 (12.62%)
  
  
  ***************************
  Time-Step Critical Elements
  ***************************
  Link C50 (99.94%)
  
  
  ********************************
  Highest Flow Instability Indexes
  ********************************
  Link C144 (116)
  Link C603 (97)
  Link C129 (97)
  Link C459 (91)
  Link C469 (89)
  
  
  *********************************
  Most Frequent Nonconverging Nodes
  *********************************
  Node out1 (79.55%)
  Node out2 (79.55%)
  Node out3 (79.55%)
  Node out4 (79.55%)
  Node out5 (79.55%)
  
  
  *************************
  Routing Time Step Summary
  *************************
  Minimum Time Step           :     0.26 sec
  Average Time Step           :     0.50 sec
  Maximum Time Step           :    10.00 sec
  % of Time in Steady State   :     0.00
  Average Iterations per Step :     7.03
  % of Steps Not Converging   :    79.55
  Time Step Frequencies       :
     10.000 -  5.493 sec      :     0.03 %
      5.493 -  3.017 sec      :     0.00 %
      3.017 -  1.657 sec      :     0.00 %
      1.657 -  0.910 sec      :     0.00 %
      0.910 -  0.500 sec      :    99.97 %
  
  
  ***************************
  Subcatchment Runoff Summary
  ***************************
  
  ------------------------------------------------------------------------------------------------------------------------------
                            Total      Total      Total      Total     Imperv       Perv      Total       Total     Peak  Runoff
                           Precip      Runon       Evap      Infil     Runoff     Runoff     Runoff      Runoff   Runoff   Coeff
  Subcatchment                 mm         mm         mm         mm         mm         mm         mm    10^6 ltr      LPS
  ------------------------------------------------------------------------------------------------------------------------------
  S851                      49.99       0.00       0.00       1.01      34.83       6.51      41.34        1.02   501.66   0.827
  S860                      49.99       0.00       0.00       1.30      31.36       7.28      38.64        5.30  2514.84   0.773
  S861                      49.99       0.00       0.00       1.19      32.45       6.86      39.31        1.60   764.40   0.786
  S862                      49.99       0.00       0.00       2.18      22.56       8.76      31.32        7.21  3170.28   0.627
  S863                      49.99       0.00       0.00       0.89      37.52       6.60      44.12        0.64   331.51   0.883
  S856                      49.99       0.00       0.00       1.39      32.31       9.72      42.03        1.00   510.93   0.841
  S857                      49.99       0.00       0.00       1.62      29.68      10.66      40.35        0.81   401.53   0.807
  S858                      49.99       0.00       0.00       0.89      36.35       6.05      42.40        1.67   835.82   0.848
  S859                      49.99       0.00       0.00       0.89      35.66       5.73      41.39        0.83   410.55   0.828
  S868                      49.99       0.00       0.00       0.89      36.47       6.10      42.58        1.17   586.82   0.852
  S869                      49.99       0.00       0.00       0.94      34.56       5.68      40.23        2.41  1162.82   0.805
  S870                      49.99       0.00       0.00       0.89      37.67       6.67      44.34        0.25   129.44   0.887
  S871                      49.99       0.00       0.00       3.03      15.10      15.82      30.92        2.64  1124.86   0.618
  S864                      49.99       0.00       0.00       0.89      37.82       6.74      44.55        0.14    74.47   0.891
  S865                      49.99       0.00       0.00       0.89      37.30       6.49      43.79        0.54   275.62   0.876
  S866                      49.99       0.00       0.00       0.89      36.07       5.92      41.99        1.28   635.00   0.840
  S867                      49.99       0.00       0.00       0.89      35.70       5.75      41.44        2.66  1309.28   0.829
  S876                      49.99       0.00       0.00       3.08      14.42      14.01      28.43        5.17  2132.33   0.569
  S877                      49.99       0.00       0.00       1.30      32.71       8.63      41.34        1.55   775.10   0.827
  S878                      49.99       0.00       0.00       1.08      33.75       6.56      40.31        1.29   626.54   0.806
  S879                      49.99       0.00       0.00       1.52      30.69      10.23      40.92        1.54   771.56   0.819
  S872                      49.99       0.00       0.00       0.89      36.19       5.98      42.17        0.24   121.45   0.844
  S873                      49.99       0.00       0.00       1.13      34.06       7.41      41.47        0.52   258.31   0.830
  S874                      49.99       0.00       0.00       1.10      33.06       6.39      39.45        3.16  1512.45   0.789
  S875                      49.99       0.00       0.00       2.64      19.12      14.98      34.09        0.67   302.36   0.682
  S884                      49.99       0.00       0.00       0.89      36.85       6.28      43.13        0.40   204.29   0.863
  S885                      49.99       0.00       0.00       1.02      35.58       7.14      42.73        1.88   950.52   0.855
  S886                      49.99       0.00       0.00       2.61      19.22      13.15      32.37        3.13  1375.66   0.648
  S887                      49.99       0.00       0.00       2.34      22.47      14.97      37.44        2.25  1083.24   0.749
  S880                      49.99       0.00       0.00       3.02      15.32      17.44      32.75        1.36   600.81   0.655
  S881                      49.99       0.00       0.00       0.89      37.63       6.65      44.28        0.28   146.76   0.886
  S882                      49.99       0.00       0.00       4.23       2.50      34.63      37.13        0.03    17.08   0.743
  S883                      49.99       0.00       0.00       2.40      21.76      15.06      36.83        1.00   475.73   0.737
  S892                      49.99       0.00       0.00       2.15      24.10      13.00      37.11        2.73  1288.40   0.742
  S893                      49.99       0.00       0.00       2.87      15.34       6.48      21.82       20.71  8605.57   0.437
  S894                      49.99       0.00       0.00       1.92      26.36      11.75      38.11        1.52   729.33   0.762
  S895                      49.99       0.00       0.00       4.23       2.50      33.51      36.01        0.17    92.32   0.720
  S888                      49.99       0.00       0.00       1.82      27.80      12.18      39.98        0.74   367.79   0.800
  S889                      49.99       0.00       0.00       1.78      28.01      11.55      39.56        1.62   795.48   0.791
  S890                      49.99       0.00       0.00       1.57      29.91      10.03      39.94        1.74   850.32   0.799
  S891                      49.99       0.00       0.00       2.86      17.12      19.82      36.95        0.70   346.76   0.739
  S772                      49.99       0.00       0.00       4.27       2.04      29.22      31.26        0.95   451.76   0.625
  S773                      49.99       0.00       0.00       2.22      23.04      11.61      34.65        2.38  1078.08   0.693
  S774                      49.99       0.00       0.00       2.18      23.44      11.61      35.05        1.39   632.17   0.701
  S775                      49.99       0.00       0.00       3.83       6.68      17.78      24.46        2.05   865.21   0.489
  S768                      49.99       0.00       0.00       3.28      12.83      24.03      36.86        0.28   145.90   0.737
  S769                      49.99       0.00       0.00       2.32      22.50      14.37      36.87        2.57  1218.23   0.738
  S770                      49.99       0.00       0.00       4.13       3.49      16.71      20.20        4.66  2103.30   0.404
  S771                      49.99       0.00       0.00       3.95       5.47      22.17      27.64        1.25   553.74   0.553
  S780                      49.99       0.00       0.00       3.54       9.88      20.74      30.62        0.80   347.17   0.613
  S781                      49.99       0.00       0.00       0.89      37.03       6.37      43.40        0.40   205.08   0.868
  S782                      49.99       0.00       0.00       1.37      32.02       9.03      41.05        0.66   330.46   0.821
  S783                      49.99       0.00       0.00       2.00      25.70      12.57      38.27        1.44   691.97   0.766
  S776                      49.99       0.00       0.00       2.77      18.42      22.54      40.96        0.02     9.77   0.819
  S777                      49.99       0.00       0.00       3.62       8.99      21.60      30.59        0.91   401.53   0.612
  S778                      49.99       0.00       0.00       1.97      25.85      11.84      37.69        1.14   543.93   0.754
  S779                      49.99       0.00       0.00       1.01      34.89       6.55      41.44        1.04   514.93   0.829
  S788                      49.99       0.00       0.00       2.17      23.67      12.01      35.68        1.54   707.03   0.714
  S789                      49.99       0.00       0.00       1.01      35.79       7.09      42.88        1.03   522.52   0.858
  S790                      49.99       0.00       0.00       1.80      27.75      11.51      39.26        0.44   212.69   0.785
  S791                      49.99       0.00       0.00       4.23       2.50      30.52      33.01        0.96   475.19   0.660
  S784                      49.99       0.00       0.00       2.48      21.06      16.54      37.60        0.73   356.66   0.752
  S785                      49.99       0.00       0.00       2.56      20.02      15.31      35.33        1.81   836.82   0.707
  S786                      49.99       0.00       0.00       3.63       9.01      23.54      32.54        0.89   407.91   0.651
  S787                      49.99       0.00       0.00       3.37      11.56      17.78      29.34        0.92   383.45   0.587
  S796                      49.99       0.00       0.00       3.83       6.77      20.44      27.21        1.17   507.21   0.544
  S797                      49.99       0.00       0.00       4.16       3.24      16.15      19.39        0.67   308.95   0.388
  S798                      49.99       0.00       0.00       2.23      23.38      13.42      36.80        0.79   372.43   0.736
  S799                      49.99       0.00       0.00       2.56      19.91      14.53      34.44        0.57   258.64   0.689
  S792                      49.99       0.00       0.00       2.53      20.09      13.66      33.75        1.82   813.86   0.675
  S793                      49.99       0.00       0.00       2.88      16.74      17.55      34.29        1.82   831.95   0.686
  S794                      49.99       0.00       0.00       3.11      14.20      13.97      28.17        2.44  1000.93   0.564
  S795                      49.99       0.00       0.00       3.40      11.64      26.25      37.89        0.12    62.28   0.758
  S804                      49.99       0.00       0.00       3.56       9.03       8.80      17.83       20.26  7834.98   0.357
  S805                      49.99       0.00       0.00       3.93       5.67      14.37      20.04        5.17  2215.59   0.401
  S806                      49.99       0.00       0.00       4.24       2.34      19.04      21.39        4.08  1874.02   0.428
  S807                      49.99       0.00       0.00       4.23       2.50      30.94      33.44        0.36   177.37   0.669
  S800                      49.99       0.00       0.00       1.17      34.84       8.62      43.46        0.95   491.59   0.869
  S801                      49.99       0.00       0.00       1.28      33.31       8.91      42.22        0.95   484.34   0.845
  S802                      49.99       0.00       0.00       1.39      31.89       9.24      41.13        1.72   857.58   0.823
  S803                      49.99       0.00       0.00       2.48      20.97      15.88      36.85        1.43   683.18   0.737
  S812                      49.99       0.00       0.00       3.66       8.74      26.55      35.30        1.15   578.98   0.706
  S813                      49.99       0.00       0.00       3.64       8.63      14.41      23.03        8.95  3622.59   0.461
  S814                      49.99       0.00       0.00       3.46      10.61      17.26      27.87        1.14   468.00   0.558
  S815                      49.99       0.00       0.00       3.62       8.88      17.04      25.92        4.52  1850.32   0.519
  S808                      49.99       0.00       0.00       4.21       2.68      19.27      21.95        4.70  2150.49   0.439
  S809                      49.99       0.00       0.00       4.30       1.68      18.04      19.72        1.10   523.61   0.394
  S810                      49.99       0.00       0.00       3.52       9.95      14.52      24.47        7.20  2878.62   0.489
  S811                      49.99       0.00       0.00       4.08       4.07      17.25      21.32        3.56  1577.39   0.427
  S820                      49.99       0.00       0.00       2.82      17.54      18.52      36.06        0.81   388.17   0.721
  S821                      49.99       0.00       0.00       3.12      14.04      14.26      28.30        1.50   618.51   0.566
  S822                      49.99       0.00       0.00       3.34      11.72      12.40      24.12        2.53   990.27   0.482
  S823                      49.99       0.00       0.00       3.90       5.97      17.67      23.65        4.32  1841.33   0.473
  S816                      49.99       0.00       0.00       3.76       7.40      16.14      23.54        2.74  1139.90   0.471
  S817                      49.99       0.00       0.00       2.56      20.43      17.78      38.21        0.24   117.60   0.764
  S818                      49.99       0.00       0.00       4.11       3.77      19.04      22.82        3.72  1657.58   0.456
  S819                      49.99       0.00       0.00       4.06       4.34      26.36      30.70        1.01   477.98   0.614
  S828                      49.99       0.00       0.00       2.69      18.48      13.77      32.25        2.36  1030.76   0.645
  S829                      49.99       0.00       0.00       2.58      19.65      14.06      33.71        2.62  1171.19   0.674
  S830                      49.99       0.00       0.00       4.12       3.60      14.70      18.30        4.51  2050.39   0.366
  S831                      49.99       0.00       0.00       1.13      33.10       6.72      39.82        3.48  1676.66   0.797
  S824                      49.99       0.00       0.00       3.48      10.33      14.84      25.16        5.81  2329.36   0.503
  S825                      49.99       0.00       0.00       3.75       7.47      15.00      22.48        3.36  1387.04   0.450
  S826                      49.99       0.00       0.00       1.17      31.44       5.94      37.38        4.51  2082.95   0.748
  S827                      49.99       0.00       0.00       0.98      33.68       5.55      39.23        4.15  1965.39   0.785
  S964                      49.99       0.00       0.00       2.28      22.69      12.81      35.50        1.73   794.47   0.710
  S965                      49.99       0.00       0.00       3.84       6.66      23.59      30.26        1.82   823.37   0.605
  S966                      49.99       0.00       0.00       3.30      12.28      16.32      28.60        3.47  1427.18   0.572
  S967                      49.99       0.00       0.00       3.55       9.69      19.54      29.24        1.77   754.88   0.585
  S960                      49.99       0.00       0.00       2.61      19.71      17.12      36.83        1.15   552.69   0.737
  S961                      49.99       0.00       0.00       2.42      21.08      12.29      33.37        3.41  1521.76   0.668
  S962                      49.99       0.00       0.00       3.92       5.80      22.66      28.46        3.35  1482.34   0.569
  S963                      49.99       0.00       0.00       4.11       3.78      19.74      23.52        4.66  2085.68   0.470
  S972                      49.99       0.00       0.00       2.56      20.26      17.28      37.54        1.28   625.21   0.751
  S973                      49.99       0.00       0.00       3.73       7.84      20.48      28.32        3.67  1575.69   0.566
  S974                      49.99       0.00       0.00       2.00      25.96      13.48      39.44        0.89   439.88   0.789
  S975                      49.99       0.00       0.00       4.23       2.50      34.90      37.40        0.01     6.93   0.748
  S968                      49.99       0.00       0.00       3.77       7.34      17.16      24.50        6.51  2722.59   0.490
  S969                      49.99       0.00       0.00       3.22      13.27      19.66      32.93        1.90   850.61   0.659
  S970                      49.99       0.00       0.00       3.66       8.58      20.38      28.96        3.05  1311.78   0.579
  S971                      49.99       0.00       0.00       4.23       2.50      34.39      36.89        0.03    15.20   0.738
  S980                      49.99       0.00       0.00       2.28      22.93      13.91      36.84        1.31   616.95   0.737
  S981                      49.99       0.00       0.00       2.71      18.39      15.03      33.42        2.43  1082.82   0.669
  S982                      49.99       0.00       0.00       2.69      18.92      18.16      37.08        0.49   237.62   0.742
  S983                      49.99       0.00       0.00       2.56      19.89      14.49      34.38        1.75   790.94   0.688
  S976                      49.99       0.00       0.00       3.91       5.98      23.11      29.10        1.88   837.04   0.582
  S977                      49.99       0.00       0.00       3.83       6.74      18.35      25.10        5.42  2301.12   0.502
  S978                      49.99       0.00       0.00       2.62      19.35      15.14      34.49        1.82   827.46   0.690
  S979                      49.99       0.00       0.00       1.88      26.86      11.80      38.66        1.30   629.60   0.773
  S988                      49.99       0.00       0.00       4.13       3.46       8.69      12.15       19.55  9306.92   0.243
  S989                      49.99       0.00       0.00       4.32       1.51      15.93      17.44        3.92  1926.66   0.349
  S990                      49.99       0.00       0.00       2.56      20.50      19.47      39.97        0.13    71.89   0.800
  S991                      49.99       0.00       0.00       3.46      10.76      21.98      32.73        0.81   366.94   0.655
  S984                      49.99       0.00       0.00       3.29      12.45      17.75      30.21        2.38  1002.15   0.604
  S985                      49.99       0.00       0.00       4.23       2.50      35.81      38.31        0.01     8.43   0.766
  S986                      49.99       0.00       0.00       3.00      15.44      16.76      32.20        1.64   717.07   0.644
  S987                      49.99       0.00       0.00       2.28      22.87      13.98      36.85        0.78   368.23   0.737
  S996                      49.99       0.00       0.00       0.89      35.14       5.50      40.64        1.77   859.66   0.813
  S997                      49.99       0.00       0.00       0.89      36.17       5.97      42.14        1.67   834.39   0.843
  S998                      49.99       0.00       0.00       0.89      38.67       7.23      45.90        0.01     6.24   0.918
  S999                      49.99       0.00       0.00       2.99      15.73      19.83      35.55        1.05   488.47   0.711
  S992                      49.99       0.00       0.00       0.89      35.99       5.88      41.88        1.51   747.35   0.838
  S993                      49.99       0.00       0.00       4.21       2.73      30.77      33.50        2.11   983.76   0.670
  S994                      49.99       0.00       0.00       3.75       7.53      16.66      24.18        5.97  2460.09   0.484
  S995                      49.99       0.00       0.00       1.90      25.66       9.19      34.85        2.30  1047.14   0.697
  S1004                     49.99       0.00       0.00       1.68      28.05       9.04      37.09        0.56   263.38   0.742
  S1005                     49.99       0.00       0.00       1.41      29.84       7.18      37.02        1.52   706.57   0.741
  S1006                     49.99       0.00       0.00       2.26      22.33      10.63      32.96        1.17   520.88   0.659
  S1007                     49.99       0.00       0.00       0.89      37.03       6.36      43.39        0.38   195.34   0.868
  S1000                     49.99       0.00       0.00       1.75      27.91      10.44      38.35        1.15   549.40   0.767
  S1001                     49.99       0.00       0.00       3.97       5.26      23.37      28.63        0.73   325.77   0.573
  S1002                     49.99       0.00       0.00       3.47      10.63      20.27      30.90        0.98   427.04   0.618
  S1003                     49.99       0.00       0.00       0.89      38.52       7.12      45.64        0.03    13.83   0.913
  S1012                     49.99       0.00       0.00       3.86       6.44      25.18      31.62        3.41  1487.29   0.632
  S1013                     49.99       0.00       0.00       0.89      38.52       7.12      45.64        0.03    14.46   0.913
  S1014                     49.99       0.00       0.00       0.89      36.88       6.30      43.18        0.28   140.88   0.864
  S1015                     49.99       0.00       0.00       0.89      37.68       6.67      44.35        0.15    80.11   0.887
  S1008                     49.99       0.00       0.00       0.89      36.44       6.09      42.53        1.14   570.10   0.851
  S1009                     49.99       0.00       0.00       0.89      38.51       7.11      45.62        0.08    39.95   0.913
  S1010                     49.99       0.00       0.00       3.18      13.72      20.80      34.52        1.33   601.21   0.691
  S1011                     49.99       0.00       0.00       2.39      21.52      13.29      34.81        1.22   554.18   0.696
  S1020                     49.99       0.00       0.00       2.24      22.98      12.53      35.50        1.18   542.91   0.710
  S1021                     49.99       0.00       0.00       1.73      27.32       8.75      36.07        1.57   722.06   0.721
  S1022                     49.99       0.00       0.00       0.89      38.79       7.48      46.27        0.00     0.05   0.926
  S1023                     49.99       0.00       0.00       2.92      16.37      18.28      34.65        1.48   681.99   0.693
  S1016                     49.99       0.00       0.00       4.13       3.57      19.80      23.37        5.33  2339.43   0.467
  S1017                     49.99       0.00       0.00       3.78       7.22      13.56      20.77        5.01  2065.99   0.416
  S1018                     49.99       0.00       0.00       2.38      22.03      15.04      37.07        1.21   579.21   0.742
  S1019                     49.99       0.00       0.00       3.52      10.25      25.73      35.97        1.22   562.37   0.720
  S900                      49.99       0.00       0.00       3.36      11.85      23.77      35.62        0.85   418.45   0.713
  S901                      49.99       0.00       0.00       3.38      11.51      14.15      25.66        2.50   989.51   0.513
  S902                      49.99       0.00       0.00       2.59      19.18      11.33      30.52        6.59  2844.93   0.610
  S903                      49.99       0.00       0.00       3.84       6.60      17.24      23.84        2.64  1115.19   0.477
  S896                      49.99       0.00       0.00       3.67       8.50      24.04      32.54        0.83   382.15   0.651
  S897                      49.99       0.00       0.00       4.23       2.50      33.29      35.79        0.15    79.57   0.716
  S898                      49.99       0.00       0.00       2.56      20.29      17.57      37.87        0.53   263.17   0.757
  S899                      49.99       0.00       0.00       2.89      16.96      22.19      39.15        0.19   101.51   0.783
  S908                      49.99       0.00       0.00       1.34      32.09       8.62      40.71        2.51  1237.81   0.814
  S909                      49.99       0.00       0.00       4.23       2.50      33.26      35.75        0.29   159.32   0.715
  S910                      49.99       0.00       0.00       4.24       2.44      28.14      30.59        1.50   721.45   0.612
  S911                      49.99       0.00       0.00       1.34      32.17       8.66      40.83        0.55   269.81   0.817
  S904                      49.99       0.00       0.00       4.14       3.52      27.85      31.37        0.81   392.66   0.628
  S905                      49.99       0.00       0.00       4.19       2.93      24.65      27.58        2.03   934.09   0.552
  S906                      49.99       0.00       0.00       1.76      27.38       9.52      36.90        1.79   836.03   0.738
  S907                      49.99       0.00       0.00       2.30      21.72       9.83      31.55        5.06  2225.84   0.631
  S916                      49.99       0.00       0.00       3.40      11.37      19.71      31.09        2.11   910.39   0.622
  S917                      49.99       0.00       0.00       1.48      31.28      10.21      41.49        0.65   331.08   0.830
  S918                      49.99       0.00       0.00       3.09      14.52      16.40      30.91        3.90  1663.19   0.618
  S919                      49.99       0.00       0.00       2.02      25.53      12.74      38.26        1.98   952.48   0.765
  S912                      49.99       0.00       0.00       3.12      14.48      22.03      36.51        0.21   104.56   0.730
  S913                      49.99       0.00       0.00       4.02       4.83      25.00      29.83        0.82   377.36   0.597
  S914                      49.99       0.00       0.00       3.37      11.55      17.85      29.40        2.95  1237.64   0.588
  S915                      49.99       0.00       0.00       2.26      22.68      11.95      34.63        1.88   854.88   0.693
  S924                      49.99       0.00       0.00       3.10      14.41      17.57      31.98        1.97   859.13   0.640
  S925                      49.99       0.00       0.00       2.88      16.57      15.20      31.77        1.42   613.40   0.636
  S926                      49.99       0.00       0.00       1.61      29.03       9.41      38.44        1.32   628.50   0.769
  S927                      49.99       0.00       0.00       2.92      16.31      16.78      33.10        0.87   385.40   0.662
  S920                      49.99       0.00       0.00       1.54      29.78       9.16      38.95        1.22   586.84   0.779
  S921                      49.99       0.00       0.00       1.48      30.17       8.62      38.79        2.27  1082.74   0.776
  S922                      49.99       0.00       0.00       3.58       9.42      17.59      27.01        4.40  1821.67   0.540
  S923                      49.99       0.00       0.00       3.50      10.30      19.73      30.03        2.50  1072.38   0.601
  S932                      49.99       0.00       0.00       1.68      29.22      11.43      40.65        1.45   725.20   0.813
  S933                      49.99       0.00       0.00       1.22      33.30       7.93      41.23        2.31  1146.04   0.825
  S934                      49.99       0.00       0.00       1.67      29.54      11.77      41.30        1.08   550.10   0.826
  S935                      49.99       0.00       0.00       1.16      34.43       8.11      42.54        1.87   950.54   0.851
  S928                      49.99       0.00       0.00       4.10       3.91      28.57      32.48        0.78   378.18   0.650
  S929                      49.99       0.00       0.00       4.24       2.41      29.73      32.14        0.90   441.82   0.643
  S930                      49.99       0.00       0.00       4.23       2.50      31.29      33.78        0.44   220.21   0.676
  S931                      49.99       0.00       0.00       3.84       6.79      26.80      33.59        0.51   242.96   0.672
  S940                      49.99       0.00       0.00       1.06      36.20       8.01      44.21        0.78   406.95   0.884
  S941                      49.99       0.00       0.00       2.42      21.20      13.03      34.23        2.94  1327.74   0.685
  S942                      49.99       0.00       0.00       2.08      24.67      11.86      36.54        3.69  1719.36   0.731
  S943                      49.99       0.00       0.00       4.23       2.50      33.01      35.51        0.40   216.38   0.710
  S936                      49.99       0.00       0.00       3.55       9.77      23.21      32.98        2.32  1061.11   0.660
  S937                      49.99       0.00       0.00       0.89      37.71       6.69      44.40        0.30   157.17   0.888
  S938                      49.99       0.00       0.00       3.00      15.54      17.15      32.69        3.60  1590.81   0.654
  S939                      49.99       0.00       0.00       3.23      13.32      20.69      34.01        1.07   499.14   0.680
  S948                      49.99       0.00       0.00       4.06       4.30      24.17      28.47        2.37  1076.38   0.570
  S949                      49.99       0.00       0.00       4.18       3.10      25.32      28.42        2.15   993.21   0.569
  S950                      49.99       0.00       0.00       2.73      18.33      15.67      34.00        2.08   938.06   0.680
  S951                      49.99       0.00       0.00       2.65      19.08      15.22      34.29        2.94  1328.63   0.686
  S944                      49.99       0.00       0.00       3.83       6.84      25.04      31.88        1.45   674.82   0.638
  S945                      49.99       0.00       0.00       2.70      18.52      15.20      33.71        3.42  1532.49   0.674
  S946                      49.99       0.00       0.00       4.23       2.49      28.96      31.45        1.05   511.72   0.629
  S947                      49.99       0.00       0.00       3.97       5.40      26.86      32.26        1.33   637.44   0.645
  S956                      49.99       0.00       0.00       1.56      29.30       8.78      38.08        1.38   651.03   0.762
  S957                      49.99       0.00       0.00       3.40      11.51      23.68      35.19        0.73   355.22   0.704
  S958                      49.99       0.00       0.00       2.66      18.97      14.27      33.24        2.53  1124.82   0.665
  S959                      49.99       0.00       0.00       1.81      27.09      10.20      37.29        2.34  1097.86   0.746
  S952                      49.99       0.00       0.00       3.61       9.21      25.41      34.62        0.87   423.84   0.693
  S953                      49.99       0.00       0.00       4.23       2.50      30.71      33.20        0.80   397.48   0.664
  S954                      49.99       0.00       0.00       4.23       2.50      32.47      34.97        0.19    98.42   0.700
  S955                      49.99       0.00       0.00       3.64       8.88      22.08      30.96        2.76  1230.35   0.619
  S1092                     49.99       0.00       0.00       3.72       7.98      21.90      29.88        1.04   458.24   0.598
  S1093                     49.99       0.00       0.00       4.13       3.55      17.73      21.29        3.54  1601.69   0.426
  S1094                     49.99       0.00       0.00       4.40       0.62       8.60       9.22        1.22   717.97   0.184
  S1095                     49.99       0.00       0.00       2.04      25.52      13.39      38.92        1.08   528.03   0.778
  S1088                     49.99       0.00       0.00       2.42      21.05      12.52      33.58        1.82   813.55   0.672
  S1089                     49.99       0.00       0.00       1.59      28.74       8.58      37.32        1.97   923.61   0.747
  S1090                     49.99       0.00       0.00       2.26      22.41      10.94      33.35        2.27  1013.74   0.667
  S1091                     49.99       0.00       0.00       3.93       5.65      15.45      21.09        5.03  2140.67   0.422
  S1100                     49.99       0.00       0.00       4.17       3.04      16.30      19.35        7.20  3293.97   0.387
  S1101                     49.99       0.00       0.00       1.34      31.46       7.89      39.35        1.58   759.58   0.787
  S1102                     49.99       0.00       0.00       2.95      15.54      11.96      27.50        5.74  2374.85   0.550
  S1103                     49.99       0.00       0.00       0.89      35.93       5.85      41.78        1.07   527.77   0.836
  S1096                     49.99       0.00       0.00       4.34       1.32      14.47      15.79        0.46   231.37   0.316
  S1097                     49.99       0.00       0.00       4.26       2.15      18.50      20.65        2.03   942.20   0.413
  S1098                     49.99       0.00       0.00       4.25       2.24       8.61      10.85       10.45  5352.86   0.217
  S1099                     49.99       0.00       0.00       4.23       2.49       8.86      11.35        1.85   948.45   0.227
  S1108                     49.99       0.00       0.00       3.21      12.91      11.90      24.81        8.86  3534.35   0.496
  S1109                     49.99       0.00       0.00       3.64       8.89      21.90      30.79        0.80   354.49   0.616
  S1110                     49.99       0.00       0.00       4.27       1.96       9.94      11.91        7.71  3984.47   0.238
  S1111                     49.99       0.00       0.00       4.27       2.00      16.32      18.32        2.80  1330.49   0.366
  S1104                     49.99       0.00       0.00       0.89      36.60       6.17      42.77        0.92   466.28   0.856
  S1105                     49.99       0.00       0.00       4.18       2.94      15.95      18.89        4.75  2184.36   0.378
  S1106                     49.99       0.00       0.00       3.76       7.30       8.34      15.64       12.67  5117.33   0.313
  S1107                     49.99       0.00       0.00       4.18       2.92      12.86      15.78        8.93  4237.04   0.316
  S1116                     49.99       0.00       0.00       4.03       4.61      18.69      23.31        2.46  1080.69   0.466
  S1117                     49.99       0.00       0.00       4.23       2.47      22.18      24.65        1.22   553.41   0.493
  S1118                     49.99       0.00       0.00       1.98      23.97       7.42      31.39        9.64  4245.62   0.628
  S1119                     49.99       0.00       0.00       0.89      36.80       6.26      43.05        1.18   596.78   0.861
  S1112                     49.99       0.00       0.00       3.98       4.95       6.10      11.05       44.50 19102.70   0.221
  S1113                     49.99       0.00       0.00       4.12       3.71      19.51      23.22        1.01   452.20   0.464
  S1114                     49.99       0.00       0.00       0.89      37.59       6.63      44.22        0.20   105.80   0.885
  S1115                     49.99       0.00       0.00       1.87      26.80      11.30      38.10        0.63   301.83   0.762
  S1124                     49.99       0.00       0.00       4.24       2.32      15.69      18.02        4.53  2145.14   0.360
  S1125                     49.99       0.00       0.00       4.25       2.21      12.43      14.64       12.22  6039.72   0.293
  S1126                     49.99       0.00       0.00       4.23       2.47      23.70      26.17        1.68   772.54   0.524
  S1127                     49.99       0.00       0.00       4.24       2.34      24.37      26.70        1.20   556.68   0.534
  S1120                     49.99       0.00       0.00       1.33      31.54       7.88      39.42        1.36   654.90   0.788
  S1121                     49.99       0.00       0.00       4.29       1.81      15.62      17.43        3.11  1507.66   0.349
  S1122                     49.99       0.00       0.00       4.28       1.89      16.56      18.45        2.04   985.56   0.369
  S1123                     49.99       0.00       0.00       4.27       2.00      24.61      26.62        1.43   673.38   0.532
  S1132                     49.99       0.00       0.00       4.23       2.42      20.97      23.39        3.99  1824.35   0.468
  S1133                     49.99       0.00       0.00       3.91       5.84      15.12      20.95        6.71  2869.47   0.419
  S1134                     49.99       0.00       0.00       4.25       2.31      26.03      28.33        0.97   452.47   0.567
  S1135                     49.99       0.00       0.00       4.24       2.42      21.65      24.07        2.27  1034.41   0.481
  S1128                     49.99       0.00       0.00       4.26       2.15      16.62      18.77        4.26  2009.62   0.375
  S1129                     49.99       0.00       0.00       4.23       2.50      33.21      35.70        0.04    24.24   0.714
  S1130                     49.99       0.00       0.00       3.54       9.94      22.53      32.46        1.62   730.04   0.649
  S1131                     49.99       0.00       0.00       4.10       3.92      18.51      22.43        4.24  1886.28   0.449
  S1140                     49.99       0.00       0.00       4.19       2.85      12.09      14.94        7.70  3713.29   0.299
  S1141                     49.99       0.00       0.00       4.16       3.27      21.21      24.48        1.47   658.10   0.490
  S1142                     49.99       0.00       0.00       4.29       1.73       4.60       6.33       25.40 13239.19   0.127
  S1143                     49.99       0.00       0.00       3.03      15.33      19.79      35.12        0.82   386.68   0.702
  S1136                     49.99       0.00       0.00       4.23       2.48      25.36      27.84        1.60   738.54   0.557
  S1137                     49.99       0.00       0.00       4.05       4.43      21.50      25.93        2.14   951.53   0.519
  S1138                     49.99       0.00       0.00       3.60       9.08      14.31      23.39        7.27  2922.91   0.468
  S1139                     49.99       0.00       0.00       4.27       2.01       6.35       8.36        7.12  3724.90   0.167
  S1148                     49.99       0.00       0.00       4.24       2.38      20.08      22.46        2.57  1175.92   0.449
  S1149                     49.99       0.00       0.00       4.24       2.41      26.07      28.48        0.90   419.86   0.570
  S1150                     49.99       0.00       0.00       4.15       3.33      24.64      27.97        1.83   839.28   0.559
  S1151                     49.99       0.00       0.00       2.84      17.02      14.71      31.73        1.89   819.30   0.635
  S1144                     49.99       0.00       0.00       3.70       7.95      11.03      18.98        9.10  3653.84   0.380
  S1145                     49.99       0.00       0.00       4.31       1.62      23.10      24.72        4.70  2086.55   0.494
  S1146                     49.99       0.00       0.00       3.92       5.76      18.28      24.04        2.33  1004.80   0.481
  S1147                     49.99       0.00       0.00       4.36       1.10      16.70      17.80        0.81   402.47   0.356
  S1028                     49.99       0.00       0.00       0.89      38.80       7.48      46.27        0.00     0.60   0.926
  S1029                     49.99       0.00       0.00       0.89      38.80       7.48      46.27        0.00     0.60   0.926
  S1030                     49.99       0.00       0.00       1.34      34.01      11.23      45.24        0.00     0.60   0.905
  S1031                     49.99       0.00       0.00       0.89      38.80       7.48      46.27        0.00     0.60   0.926
  S1024                     49.99       0.00       0.00       4.14       3.46      16.40      19.86        4.56  2077.37   0.397
  S1025                     49.99       0.00       0.00       2.56      19.53      12.04      31.57        2.29   996.39   0.631
  S1026                     49.99       0.00       0.00       0.89      38.80       7.46      46.26        0.00     1.20   0.925
  S1027                     49.99       0.00       0.00       0.89      38.80       7.47      46.27        0.00     0.60   0.926
  S1036                     49.99       0.00       0.00       0.89      38.80       7.48      46.28        0.00     0.60   0.926
  S1037                     49.99       0.00       0.00       0.89      38.80       7.45      46.25        0.00     1.80   0.925
  S1038                     49.99       0.00       0.00       0.89      38.80       7.47      46.27        0.00     0.60   0.926
  S1039                     49.99       0.00       0.00       1.17      35.25       8.96      44.21        0.03    14.13   0.884
  S1032                     49.99       0.00       0.00       0.89      38.80       7.48      46.27        0.00     0.60   0.926
  S1033                     49.99       0.00       0.00       0.89      38.80       7.44      46.24        0.01     3.60   0.925
  S1034                     49.99       0.00       0.00       0.89      38.80       7.47      46.27        0.00     0.60   0.926
  S1035                     49.99       0.00       0.00       0.89      38.80       7.48      46.27        0.00     0.60   0.926
  S1044                     49.99       0.00       0.00       2.14      24.26      13.16      37.42        1.25   591.99   0.749
  S1045                     49.99       0.00       0.00       0.89      34.97       5.42      40.39        2.13  1026.96   0.808
  S1046                     49.99       0.00       0.00       2.50      20.12      11.92      32.04        1.75   768.95   0.641
  S1047                     49.99       0.00       0.00       2.03      24.91      10.86      35.77        1.61   739.13   0.716
  S1040                     49.99       0.00       0.00       1.11      34.30       7.39      41.69        0.62   307.59   0.834
  S1041                     49.99       0.00       0.00       0.89      34.60       5.26      39.86        1.95   932.00   0.797
  S1042                     49.99       0.00       0.00       4.36       1.06      16.79      17.86        1.02   506.88   0.357
  S1043                     49.99       0.00       0.00       2.35      20.99       9.30      30.29        2.14   929.62   0.606
  S1052                     49.99       0.00       0.00       1.64      28.31       8.72      37.03        2.11   986.17   0.741
  S1053                     49.99       0.00       0.00       2.12      23.74      10.24      33.98        0.92   415.32   0.680
  S1054                     49.99       0.00       0.00       3.37      11.45      14.67      26.12        2.29   915.59   0.522
  S1055                     49.99       0.00       0.00       3.96       5.40      25.86      31.26        0.68   316.06   0.625
  S1048                     49.99       0.00       0.00       1.45      30.83       8.93      39.75        0.96   467.64   0.795
  S1049                     49.99       0.00       0.00       2.25      22.82      12.28      35.10        1.54   702.17   0.702
  S1050                     49.99       0.00       0.00       2.43      21.30      14.50      35.80        0.77   357.37   0.716
  S1051                     49.99       0.00       0.00       1.95      25.46      10.06      35.51        3.46  1587.91   0.710
  S1060                     49.99       0.00       0.00       0.89      35.22       5.54      40.76        0.94   458.76   0.815
  S1061                     49.99       0.00       0.00       3.25      12.75      15.81      28.56        1.72   704.43   0.571
  S1062                     49.99       0.00       0.00       2.77      17.83      16.44      34.26        1.22   553.77   0.685
  S1063                     49.99       0.00       0.00       3.69       8.20      15.73      23.93        3.19  1309.36   0.479
  S1056                     49.99       0.00       0.00       4.04       4.55      21.30      25.85        1.59   707.39   0.517
  S1057                     49.99       0.00       0.00       1.46      30.77       9.14      39.91        1.24   606.81   0.798
  S1058                     49.99       0.00       0.00       4.23       2.48      26.33      28.81        1.59   739.44   0.576
  S1059                     49.99       0.00       0.00       2.76      17.76      14.37      32.13        1.48   645.01   0.643
  S1068                     49.99       0.00       0.00       3.85       6.60      20.85      27.45        1.84   798.55   0.549
  S1069                     49.99       0.00       0.00       3.34      11.92      18.27      30.18        0.88   372.81   0.604
  S1070                     49.99       0.00       0.00       3.08      14.48      15.00      29.48        3.23  1346.92   0.590
  S1071                     49.99       0.00       0.00       3.42      10.70      10.24      20.94        7.02  2709.85   0.419
  S1064                     49.99       0.00       0.00       2.20      22.84      10.25      33.09        3.13  1395.09   0.662
  S1065                     49.99       0.00       0.00       4.31       1.66      26.31      27.98        0.91   424.37   0.560
  S1066                     49.99       0.00       0.00       4.32       1.54      15.72      17.27        4.21  2075.30   0.345
  S1067                     49.99       0.00       0.00       3.88       6.13      12.30      18.43        9.17  3843.98   0.369
  S1076                     49.99       0.00       0.00       3.23      12.87      14.83      27.70        1.76   714.68   0.554
  S1077                     49.99       0.00       0.00       2.95      15.75      14.28      30.04        2.14   902.41   0.601
  S1078                     49.99       0.00       0.00       4.15       3.39      21.17      24.56        1.77   792.82   0.491
  S1079                     49.99       0.00       0.00       3.24      12.70      13.22      25.92        1.84   736.40   0.518
  S1072                     49.99       0.00       0.00       3.71       7.98      16.23      24.21        2.80  1155.76   0.484
  S1073                     49.99       0.00       0.00       3.05      14.67      13.00      27.67        3.49  1435.79   0.554
  S1074                     49.99       0.00       0.00       1.84      24.52       6.16      30.68        8.01  3491.59   0.614
  S1075                     49.99       0.00       0.00       3.89       6.12      17.84      23.96        2.00   855.00   0.479
  S1084                     49.99       0.00       0.00       4.13       3.54      23.56      27.10        0.89   403.19   0.542
  S1085                     49.99       0.00       0.00       4.23       2.47      22.34      24.80        1.54   700.54   0.496
  S1086                     49.99       0.00       0.00       3.12      14.09      15.05      29.15        2.21   916.89   0.583
  S1087                     49.99       0.00       0.00       3.31      12.21      16.78      28.98        1.41   583.07   0.580
  S1080                     49.99       0.00       0.00       4.13       3.53      21.75      25.28        0.88   395.88   0.506
  S1081                     49.99       0.00       0.00       3.99       5.11      14.50      19.61        3.82  1684.35   0.392
  S1082                     49.99       0.00       0.00       4.23       2.47      23.48      25.95        0.97   447.09   0.519
  S1083                     49.99       0.00       0.00       4.25       2.31      28.09      30.39        1.06   509.83   0.608
  S1156                     49.99       0.00       0.00       4.23       2.50      32.85      35.35        0.11    59.94   0.707
  S1157                     49.99       0.00       0.00       4.23       2.49      29.95      32.44        0.28   139.79   0.649
  S1158                     49.99       0.00       0.00       4.18       2.85       3.07       5.92       45.87 19866.98   0.118
  S1152                     49.99       0.00       0.00       4.17       3.14      18.58      21.72        1.53   691.39   0.435
  S1153                     49.99       0.00       0.00       4.18       2.90       6.85       9.75        9.89  4859.65   0.195
  S1154                     49.99       0.00       0.00       4.24       2.37      23.41      25.77        0.99   456.74   0.516
  S1155                     49.99       0.00       0.00       3.32      11.95      13.86      25.80        2.15   856.29   0.516
  S68                       49.99       0.00       0.00       4.23       2.47      23.96      26.43        0.62   285.18   0.529
  S69                       49.99       0.00       0.00       3.56       9.76      25.67      35.43        0.39   196.04   0.709
  S70                       49.99       0.00       0.00       2.31      22.67      15.07      37.74        1.43   686.61   0.755
  S71                       49.99       0.00       0.00       2.38      22.08      15.94      38.01        1.56   763.23   0.760
  S64                       49.99       0.00       0.00       4.24       2.41      27.19      29.60        0.88   416.59   0.592
  S65                       49.99       0.00       0.00       3.03      15.54      23.59      39.13        0.51   258.98   0.783
  S66                       49.99       0.00       0.00       4.34       1.22      17.22      18.44        0.75   367.95   0.369
  S67                       49.99       0.00       0.00       4.22       2.56      21.22      23.78        1.34   617.17   0.476
  S76                       49.99       0.00       0.00       3.09      14.59      15.46      30.05        1.50   630.91   0.601
  S77                       49.99       0.00       0.00       4.11       3.81      25.40      29.21        1.52   700.77   0.584
  S78                       49.99       0.00       0.00       4.23       2.44      26.24      28.68        1.54   717.27   0.574
  S79                       49.99       0.00       0.00       4.27       2.07      15.84      17.91        4.33  2063.96   0.358
  S72                       49.99       0.00       0.00       1.78      27.68      10.45      38.13        1.37   650.46   0.763
  S73                       49.99       0.00       0.00       1.97      25.23       9.91      35.13        2.75  1255.25   0.703
  S74                       49.99       0.00       0.00       4.29       1.77       9.93      11.69        8.30  4360.82   0.234
  S75                       49.99       0.00       0.00       4.23       2.49      28.65      31.15        1.62   786.69   0.623
  S84                       49.99       0.00       0.00       4.23       2.50      31.11      33.61        0.63   316.26   0.672
  S85                       49.99       0.00       0.00       4.28       1.96      13.29      15.25        5.54  2770.61   0.305
  S86                       49.99       0.00       0.00       4.23       2.52      21.29      23.81        3.38  1546.98   0.476
  S87                       49.99       0.00       0.00       4.03       4.69      27.45      32.14        1.41   674.20   0.643
  S80                       49.99       0.00       0.00       4.25       2.26      12.90      15.16        6.37  3120.26   0.303
  S81                       49.99       0.00       0.00       4.23       2.49      28.15      30.64        1.30   622.78   0.613
  S82                       49.99       0.00       0.00       2.92      16.23      16.18      32.41        2.38  1041.31   0.648
  S83                       49.99       0.00       0.00       2.56      20.34      18.00      38.34        0.46   231.22   0.767
  S92                       49.99       0.00       0.00       2.89      17.04      18.95      35.99        0.09    45.25   0.720
  S93                       49.99       0.00       0.00       2.24      22.01       8.78      30.79        7.42  3251.22   0.616
  S94                       49.99       0.00       0.00       4.38       0.80      11.30      12.11        3.11  1701.61   0.242
  S95                       49.99       0.00       0.00       4.23       2.50      31.56      34.06        0.31   158.03   0.681
  S88                       49.99       0.00       0.00       3.56       9.59      19.46      29.05        1.86   792.50   0.581
  S89                       49.99       0.00       0.00       2.89      17.36      22.64      40.00        0.03    19.36   0.800
  S90                       49.99       0.00       0.00       2.89      16.88      17.09      33.98        1.67   751.02   0.680
  S91                       49.99       0.00       0.00       2.89      17.47      23.72      41.19        0.00     1.16   0.824
  S100                      49.99       0.00       0.00       3.34      11.88      16.91      28.79        4.28  1770.03   0.576
  S101                      49.99       0.00       0.00       4.15       3.38      24.49      27.87        2.10   960.01   0.557
  S102                      49.99       0.00       0.00       4.12       3.68      28.08      31.76        0.90   433.85   0.635
  S103                      49.99       0.00       0.00       4.24       2.33      17.80      20.13        1.98   923.29   0.403
  S96                       49.99       0.00       0.00       3.47      10.55      19.28      29.84        1.89   807.12   0.597
  S97                       49.99       0.00       0.00       3.90       6.01      21.20      27.21        1.96   856.95   0.544
  S98                       49.99       0.00       0.00       2.89      17.27      21.88      39.15        0.11    56.76   0.783
  S99                       49.99       0.00       0.00       2.06      24.51      10.44      34.95        2.98  1359.84   0.699
  S108                      49.99       0.00       0.00       4.24       2.43      27.48      29.92        1.19   567.63   0.598
  S109                      49.99       0.00       0.00       3.46      10.68      20.05      30.72        3.47  1503.83   0.615
  S110                      49.99       0.00       0.00       2.90      16.75      20.05      36.80        1.20   592.65   0.736
  S111                      49.99       0.00       0.00       1.59      30.69      12.01      42.70        0.62   325.13   0.854
  S104                      49.99       0.00       0.00       2.82      17.27      14.79      32.06        3.98  1734.57   0.641
  S105                      49.99       0.00       0.00       2.80      17.77      18.90      36.67        1.13   548.52   0.734
  S106                      49.99       0.00       0.00       4.23       2.48      26.63      29.12        0.61   284.76   0.582
  S107                      49.99       0.00       0.00       3.84       6.63      17.44      24.07        2.93  1239.43   0.481
  S116                      49.99       0.00       0.00       4.26       2.18      29.93      32.12        1.15   555.05   0.642
  S117                      49.99       0.00       0.00       2.32      22.39      13.49      35.88        4.50  2084.85   0.718
  S118                      49.99       0.00       0.00       2.94      15.92      14.80      30.72        2.94  1255.25   0.614
  S119                      49.99       0.00       0.00       3.95       5.47      20.31      25.78        4.15  1811.49   0.516
  S112                      49.99       0.00       0.00       4.16       3.17      19.30      22.47        3.53  1590.93   0.449
  S113                      49.99       0.00       0.00       2.51      20.72      15.86      36.58        1.70   808.34   0.732
  S114                      49.99       0.00       0.00       2.76      17.83      13.68      31.51        3.83  1658.59   0.630
  S115                      49.99       0.00       0.00       4.23       2.49      30.25      32.75        0.18    87.06   0.655
  S124                      49.99       0.00       0.00       1.63      28.82       9.47      38.29        0.93   442.28   0.766
  S125                      49.99       0.00       0.00       2.79      17.20      12.57      29.77        2.87  1217.49   0.596
  S126                      49.99       0.00       0.00       3.94       5.68      25.66      31.35        0.31   146.99   0.627
  S127                      49.99       0.00       0.00       3.72       7.94      23.43      31.37        0.92   415.95   0.628
  S120                      49.99       0.00       0.00       4.13       3.56      21.43      24.99        2.19   978.68   0.500
  S121                      49.99       0.00       0.00       4.17       3.21      23.84      27.04        0.80   366.62   0.541
  S122                      49.99       0.00       0.00       4.23       2.50      32.92      35.42        0.19   104.19   0.709
  S123                      49.99       0.00       0.00       4.23       2.50      33.24      35.74        0.23   127.00   0.715
  S4                        49.99       0.00       0.00       3.94       5.61      21.41      27.02        1.94   854.26   0.541
  S5                        49.99       0.00       0.00       3.65       8.58      17.74      26.33        2.20   917.24   0.527
  S6                        49.99       0.00       0.00       4.23       2.49      30.43      32.92        0.38   189.73   0.659
  S7                        49.99       0.00       0.00       2.26      22.53      11.23      33.76        1.41   631.40   0.675
  S1                        49.99       0.00       0.00       4.33       1.40       7.66       9.06        7.35  4052.18   0.181
  S2                        49.99       0.00       0.00       4.24       2.37      19.51      21.89        3.97  1824.39   0.438
  S3                        49.99       0.00       0.00       4.23       2.50      34.87      37.37        0.11    64.73   0.748
  S12                       49.99       0.00       0.00       4.24       2.38      28.98      31.36        0.73   353.36   0.627
  S13                       49.99       0.00       0.00       3.49      10.45      22.14      32.59        1.58   711.95   0.652
  S14                       49.99       0.00       0.00       2.09      23.83       9.82      33.66        1.49   669.45   0.673
  S15                       49.99       0.00       0.00       3.91       5.87      16.32      22.19        2.97  1269.35   0.444
  S8                        49.99       0.00       0.00       3.72       7.89      16.58      24.48        2.55  1059.20   0.490
  S9                        49.99       0.00       0.00       4.04       4.57      21.59      26.15        2.52  1119.02   0.523
  S10                       49.99       0.00       0.00       4.22       2.51      10.61      13.12        8.03  4010.48   0.263
  S11                       49.99       0.00       0.00       4.18       3.05      17.76      20.81        4.59  2080.34   0.416
  S20                       49.99       0.00       0.00       4.24       2.37       9.42      11.79        9.75  4938.62   0.236
  S21                       49.99       0.00       0.00       3.90       5.96      18.93      24.89        1.02   439.19   0.498
  S22                       49.99       0.00       0.00       3.98       5.14      17.66      22.79        4.56  1982.38   0.456
  S23                       49.99       0.00       0.00       4.25       2.25      11.99      14.24        6.92  3440.74   0.285
  S16                       49.99       0.00       0.00       4.30       1.70      24.37      26.07        0.53   252.77   0.522
  S17                       49.99       0.00       0.00       4.23       2.50      31.77      34.27        0.14    73.84   0.686
  S18                       49.99       0.00       0.00       4.23       2.49      27.30      29.79        0.93   439.49   0.596
  S19                       49.99       0.00       0.00       4.16       3.23      14.52      17.75        4.88  2259.34   0.355
  S28                       49.99       0.00       0.00       3.76       7.51      20.57      28.08        3.27  1408.91   0.562
  S29                       49.99       0.00       0.00       4.24       2.31      20.02      22.33        1.90   874.23   0.447
  S30                       49.99       0.00       0.00       1.40      29.92       7.12      37.05        3.25  1507.18   0.741
  S31                       49.99       0.00       0.00       4.18       2.96      19.85      22.81        5.10  2304.34   0.456
  S24                       49.99       0.00       0.00       4.23       2.42      17.73      20.15        3.40  1575.37   0.403
  S25                       49.99       0.00       0.00       3.47      10.64      20.73      31.37        0.93   406.59   0.627
  S26                       49.99       0.00       0.00       4.23       2.45      16.44      18.89        3.54  1645.25   0.378
  S27                       49.99       0.00       0.00       3.80       7.16      21.62      28.78        2.26   978.67   0.576
  S36                       49.99       0.00       0.00       2.53      19.87      11.89      31.76        5.41  2362.26   0.635
  S37                       49.99       0.00       0.00       4.01       4.89      23.27      28.16        3.32  1484.42   0.563
  S38                       49.99       0.00       0.00       4.35       1.22      16.91      18.13        0.65   322.69   0.363
  S39                       49.99       0.00       0.00       4.25       2.31      21.31      23.62        0.59   270.72   0.473
  S32                       49.99       0.00       0.00       3.19      13.31      14.07      27.38        3.86  1563.83   0.548
  S33                       49.99       0.00       0.00       3.76       7.48      19.72      27.20        1.59   679.17   0.544
  S34                       49.99       0.00       0.00       4.23       2.50      30.66      33.15        0.59   291.38   0.663
  S35                       49.99       0.00       0.00       4.06       4.44      29.60      34.05        0.58   288.68   0.681
  S44                       49.99       0.00       0.00       3.81       6.99      23.40      30.38        0.64   290.60   0.608
  S45                       49.99       0.00       0.00       3.24      12.89      16.63      29.52        2.15   894.13   0.591
  S46                       49.99       0.00       0.00       4.23       2.50      34.73      37.23        0.04    22.96   0.745
  S47                       49.99       0.00       0.00       4.07       4.15      18.42      22.56        4.69  2070.03   0.451
  S40                       49.99       0.00       0.00       4.32       1.48      16.42      17.89        0.86   418.36   0.358
  S41                       49.99       0.00       0.00       4.25       2.30      24.97      27.27        0.67   309.38   0.545
  S42                       49.99       0.00       0.00       4.27       1.99      20.32      22.31        1.32   615.86   0.446
  S43                       49.99       0.00       0.00       3.87       6.32      16.85      23.17        2.98  1265.82   0.463
  S52                       49.99       0.00       0.00       4.19       2.83      10.53      13.35       12.56  6145.25   0.267
  S53                       49.99       0.00       0.00       4.06       4.29      21.81      26.10        2.36  1053.87   0.522
  S54                       49.99       0.00       0.00       4.06       4.36      30.17      34.54        0.98   482.39   0.691
  S55                       49.99       0.00       0.00       4.22       2.59      21.64      24.23        1.87   854.79   0.485
  S48                       49.99       0.00       0.00       4.16       3.25      12.46      15.71        1.49   712.22   0.314
  S49                       49.99       0.00       0.00       4.24       2.33      13.07      15.40        1.06   520.91   0.308
  S50                       49.99       0.00       0.00       4.26       2.12      22.66      24.78        1.02   470.15   0.496
  S51                       49.99       0.00       0.00       4.16       3.23      15.94      19.18        6.68  3053.30   0.384
  S60                       49.99       0.00       0.00       3.91       6.04      25.45      31.49        0.28   131.61   0.630
  S61                       49.99       0.00       0.00       4.27       2.01      21.28      23.29        0.89   411.10   0.466
  S62                       49.99       0.00       0.00       3.73       7.96      26.55      34.51        0.64   316.68   0.690
  S63                       49.99       0.00       0.00       3.20      13.57      21.05      34.62        1.50   695.93   0.693
  S56                       49.99       0.00       0.00       4.23       2.50      30.96      33.46        0.27   134.62   0.669
  S57                       49.99       0.00       0.00       4.32       1.45      18.69      20.14        2.03   954.73   0.403
  S58                       49.99       0.00       0.00       4.30       1.75      24.18      25.93        1.61   726.63   0.519
  S59                       49.99       0.00       0.00       4.23       2.47      22.71      25.17        1.24   566.10   0.504
  S196                      49.99       0.00       0.00       4.23       2.50      36.78      39.28        0.00     1.03   0.786
  S197                      49.99       0.00       0.00       2.96      15.82      15.41      31.23        1.50   642.19   0.625
  S198                      49.99       0.00       0.00       3.12      14.60      23.93      38.53        0.10    54.13   0.771
  S199                      49.99       0.00       0.00       4.23       2.50      35.25      37.75        0.01     8.65   0.755
  S192                      49.99       0.00       0.00       4.24       2.31      12.36      14.67        6.15  3019.50   0.293
  S193                      49.99       0.00       0.00       3.99       5.00      16.35      21.35        3.97  1724.30   0.427
  S194                      49.99       0.00       0.00       3.75       7.64      23.87      31.51        0.75   343.12   0.630
  S195                      49.99       0.00       0.00       4.18       2.99      19.13      22.12        3.55  1602.95   0.442
  S204                      49.99       0.00       0.00       3.94       5.62      23.37      28.99        0.53   237.87   0.580
  S205                      49.99       0.00       0.00       4.05       4.53      27.24      31.77        0.52   245.44   0.635
  S206                      49.99       0.00       0.00       0.89      38.39       7.03      45.42        0.09    46.61   0.909
  S207                      49.99       0.00       0.00       0.89      37.97       6.81      44.78        0.03    14.55   0.896
  S200                      49.99       0.00       0.00       3.93       5.71      21.36      27.07        2.98  1310.92   0.541
  S201                      49.99       0.00       0.00       3.77       7.40      21.15      28.55        2.01   871.49   0.571
  S202                      49.99       0.00       0.00       3.25      12.90      18.02      30.92        0.92   392.85   0.619
  S203                      49.99       0.00       0.00       2.53      20.05      13.07      33.12        1.43   633.24   0.662
  S212                      49.99       0.00       0.00       1.32      31.07       7.21      38.28        1.92   908.15   0.766
  S213                      49.99       0.00       0.00       4.23       2.49      28.30      30.79        0.28   134.92   0.616
  S214                      49.99       0.00       0.00       4.29       1.78      24.03      25.81        0.35   165.14   0.516
  S215                      49.99       0.00       0.00       4.30       1.71      12.44      14.14        4.56  2334.59   0.283
  S208                      49.99       0.00       0.00       1.15      33.25       7.02      40.27        1.04   507.38   0.805
  S209                      49.99       0.00       0.00       1.07      30.84       4.86      35.70        4.09  1831.42   0.714
  S210                      49.99       0.00       0.00       2.15      25.05      17.57      42.63        0.03    17.38   0.853
  S211                      49.99       0.00       0.00       4.08       4.12      23.39      27.51        0.54   242.96   0.550
  S220                      49.99       0.00       0.00       2.90      16.60      17.64      34.24        1.32   601.00   0.685
  S221                      49.99       0.00       0.00       4.23       2.50      32.77      35.27        0.18    99.04   0.706
  S222                      49.99       0.00       0.00       2.35      21.60      11.65      33.25        2.18   969.24   0.665
  S223                      49.99       0.00       0.00       4.23       2.50      32.88      35.38        0.20   107.20   0.708
  S216                      49.99       0.00       0.00       4.12       3.60       5.79       9.38       12.28  5693.44   0.188
  S217                      49.99       0.00       0.00       4.40       0.63       5.53       6.17        4.00  2430.21   0.123
  S218                      49.99       0.00       0.00       4.41       0.50       9.30       9.81        2.82  1664.91   0.196
  S219                      49.99       0.00       0.00       3.08      14.95      22.89      37.84        0.96   499.98   0.757
  S228                      49.99       0.00       0.00       2.91      16.34      16.23      32.57        1.11   489.11   0.652
  S229                      49.99       0.00       0.00       2.95      16.12      18.16      34.28        0.78   357.88   0.686
  S230                      49.99       0.00       0.00       2.00      25.59      12.22      37.81        1.29   615.84   0.756
  S231                      49.99       0.00       0.00       2.65      19.29      17.38      36.67        0.63   303.44   0.734
  S224                      49.99       0.00       0.00       4.03       4.62      19.69      24.31        1.08   480.43   0.486
  S225                      49.99       0.00       0.00       3.42      10.98      13.71      24.69        7.86  3096.38   0.494
  S226                      49.99       0.00       0.00       4.34       1.29      15.22      16.51        1.89   950.45   0.330
  S227                      49.99       0.00       0.00       1.79      26.80       9.01      35.81        4.87  2239.09   0.716
  S236                      49.99       0.00       0.00       3.26      12.88      20.26      33.14        0.69   311.01   0.663
  S237                      49.99       0.00       0.00       3.23      12.87      14.67      27.54        2.96  1196.75   0.551
  S238                      49.99       0.00       0.00       3.08      14.51      15.20      29.71        3.85  1610.98   0.594
  S239                      49.99       0.00       0.00       3.98       5.12      17.23      22.35        3.20  1387.90   0.447
  S232                      49.99       0.00       0.00       2.65      18.49      11.16      29.65        3.06  1310.65   0.593
  S233                      49.99       0.00       0.00       2.46      20.33      10.88      31.21        3.77  1641.83   0.624
  S234                      49.99       0.00       0.00       1.00      33.26       5.56      38.83        2.14  1006.40   0.777
  S235                      49.99       0.00       0.00       3.99       5.09      26.30      31.40        0.49   230.69   0.628
  S244                      49.99       0.00       0.00       4.29       1.88      18.58      20.46        2.22  1043.14   0.409
  S245                      49.99       0.00       0.00       4.21       2.61       8.96      11.57       10.62  5346.49   0.231
  S246                      49.99       0.00       0.00       4.21       2.70      23.22      25.93        1.32   609.49   0.519
  S247                      49.99       0.00       0.00       3.66       8.67      23.82      32.49        0.68   315.65   0.650
  S240                      49.99       0.00       0.00       3.29      12.54      21.13      33.67        1.00   457.10   0.674
  S241                      49.99       0.00       0.00       3.95       5.53      26.66      32.19        0.67   315.90   0.644
  S242                      49.99       0.00       0.00       4.44       0.17      17.57      17.73        0.28   143.81   0.355
  S243                      49.99       0.00       0.00       4.30       1.72      18.40      20.11        1.31   621.83   0.402
  S252                      49.99       0.00       0.00       3.26      12.81      16.56      29.37        1.76   727.26   0.588
  S253                      49.99       0.00       0.00       0.89      38.80       7.47      46.26        0.00     0.37   0.925
  S254                      49.99       0.00       0.00       3.28      12.55      18.09      30.64        1.38   584.25   0.613
  S255                      49.99       0.00       0.00       0.89      35.99       5.88      41.87        1.25   618.59   0.837
  S248                      49.99       0.00       0.00       3.17      13.90      20.51      34.41        0.85   398.02   0.688
  S249                      49.99       0.00       0.00       3.18      13.43      15.19      28.61        3.24  1330.03   0.572
  S250                      49.99       0.00       0.00       3.25      12.84      16.26      29.10        3.07  1268.53   0.582
  S251                      49.99       0.00       0.00       0.89      37.34       6.51      43.85        0.55   284.89   0.877
  S132                      49.99       0.00       0.00       4.30       1.77      23.23      25.00        1.25   587.43   0.500
  S133                      49.99       0.00       0.00       3.96       5.42      24.72      30.15        1.02   469.42   0.603
  S134                      49.99       0.00       0.00       2.89      16.32      13.27      29.59        2.86  1204.67   0.592
  S135                      49.99       0.00       0.00       4.27       2.08      16.43      18.51        3.75  1777.53   0.370
  S128                      49.99       0.00       0.00       2.77      18.17      19.76      37.93        0.65   327.10   0.759
  S129                      49.99       0.00       0.00       2.78      17.70      16.09      33.79        2.72  1220.10   0.676
  S130                      49.99       0.00       0.00       3.29      12.53      20.86      33.40        0.97   441.13   0.668
  S131                      49.99       0.00       0.00       3.23      13.33      23.48      36.81        0.29   149.64   0.736
  S140                      49.99       0.00       0.00       3.16      13.85      17.73      31.58        1.73   748.66   0.632
  S141                      49.99       0.00       0.00       3.92       5.72      16.59      22.31        4.34  1856.93   0.446
  S142                      49.99       0.00       0.00       3.97       5.31      21.63      26.95        0.56   248.55   0.539
  S143                      49.99       0.00       0.00       4.25       2.31      26.62      28.93        0.72   336.53   0.579
  S136                      49.99       0.00       0.00       2.39      21.76      14.32      36.08        0.86   399.08   0.722
  S137                      49.99       0.00       0.00       4.31       1.66      23.64      25.30        0.26   123.31   0.506
  S138                      49.99       0.00       0.00       4.28       1.94      22.03      23.96        0.58   269.88   0.479
  S139                      49.99       0.00       0.00       4.38       0.87      17.11      17.99        0.35   175.45   0.360
  S148                      49.99       0.00       0.00       4.34       1.30      17.08      18.37        0.43   212.40   0.368
  S149                      49.99       0.00       0.00       4.30       1.68      14.88      16.55        1.88   924.79   0.331
  S150                      49.99       0.00       0.00       4.24       2.32      19.76      22.09        2.07   951.21   0.442
  S151                      49.99       0.00       0.00       4.30       1.75      16.16      17.91        1.06   513.32   0.358
  S144                      49.99       0.00       0.00       4.23       2.49      30.22      32.71        0.28   135.91   0.654
  S145                      49.99       0.00       0.00       3.88       6.17      16.33      22.50        2.65  1125.66   0.450
  S146                      49.99       0.00       0.00       4.45       0.00      32.81      32.81        0.00     0.98   0.656
  S147                      49.99       0.00       0.00       4.07       4.19      22.62      26.82        2.47  1107.00   0.536
  S156                      49.99       0.00       0.00       4.33       1.40      16.63      18.02        0.65   316.48   0.361
  S157                      49.99       0.00       0.00       4.07       4.25      21.28      25.54        1.36   607.22   0.511
  S158                      49.99       0.00       0.00       4.27       1.98      15.76      17.74        3.24  1554.57   0.355
  S159                      49.99       0.00       0.00       4.24       2.42      25.37      27.79        1.08   499.88   0.556
  S152                      49.99       0.00       0.00       4.29       1.87      21.60      23.47        0.50   233.05   0.469
  S153                      49.99       0.00       0.00       4.27       2.08      16.89      18.97        2.32  1094.36   0.379
  S154                      49.99       0.00       0.00       4.33       1.41       9.38      10.79        2.85  1550.25   0.216
  S155                      49.99       0.00       0.00       4.26       2.14      14.22      16.36        2.99  1450.44   0.327
  S164                      49.99       0.00       0.00       2.45      20.67      11.97      32.64        1.23   542.36   0.653
  S165                      49.99       0.00       0.00       2.05      24.75      11.07      35.82        1.72   792.54   0.717
  S166                      49.99       0.00       0.00       3.88       6.20      18.42      24.63        2.08   892.90   0.493
  S167                      49.99       0.00       0.00       3.18      13.40      14.14      27.54        3.11  1262.33   0.551
  S160                      49.99       0.00       0.00       4.28       1.91      19.46      21.37        0.79   371.53   0.427
  S161                      49.99       0.00       0.00       0.89      38.47       7.09      45.56        0.04    21.89   0.911
  S162                      49.99       0.00       0.00       4.26       2.10       9.84      11.94        5.10  2622.27   0.239
  S163                      49.99       0.00       0.00       4.30       1.66      16.69      18.35        1.59   765.07   0.367
  S172                      49.99       0.00       0.00       4.27       2.10      22.59      24.69        1.41   650.25   0.494
  S173                      49.99       0.00       0.00       4.33       1.39      10.69      12.07        2.36  1265.62   0.241
  S174                      49.99       0.00       0.00       4.23       2.50      37.82      40.32        0.00     0.89   0.807
  S175                      49.99       0.00       0.00       1.78      27.12       9.62      36.74        2.79  1297.27   0.735
  S168                      49.99       0.00       0.00       3.81       6.92      19.35      26.27        1.49   635.31   0.526
  S169                      49.99       0.00       0.00       4.26       2.12      14.89      17.01        0.52   254.28   0.340
  S170                      49.99       0.00       0.00       3.42      11.00      16.62      27.61        4.24  1735.24   0.552
  S171                      49.99       0.00       0.00       4.39       0.69      18.14      18.83        0.49   247.61   0.377
  S180                      49.99       0.00       0.00       4.23       2.49      28.19      30.68        1.09   523.78   0.614
  S181                      49.99       0.00       0.00       4.30       1.71      21.27      22.98        0.76   359.29   0.460
  S182                      49.99       0.00       0.00       3.58       9.35      19.12      28.47        2.37  1000.24   0.569
  S183                      49.99       0.00       0.00       3.68       8.31      16.95      25.26        3.29  1361.68   0.505
  S176                      49.99       0.00       0.00       3.34      11.73      13.77      25.50        4.22  1672.37   0.510
  S177                      49.99       0.00       0.00       2.33      21.53      10.37      31.89        2.84  1250.08   0.638
  S178                      49.99       0.00       0.00       3.49      10.38      19.37      29.75        0.79   336.61   0.595
  S179                      49.99       0.00       0.00       2.41      20.98      10.76      31.74       13.81  6058.00   0.635
  S188                      49.99       0.00       0.00       1.91      26.25      11.07      37.32        1.62   764.72   0.747
  S189                      49.99       0.00       0.00       2.30      21.60       9.45      31.05        5.15  2254.54   0.621
  S190                      49.99       0.00       0.00       4.23       2.48      26.83      29.31        1.32   619.70   0.586
  S191                      49.99       0.00       0.00       3.58       9.32      15.95      25.27        4.21  1715.88   0.506
  S184                      49.99       0.00       0.00       4.18       3.04      18.68      21.72        4.56  2055.60   0.434
  S185                      49.99       0.00       0.00       4.23       2.49      29.13      31.62        0.69   336.55   0.632
  S186                      49.99       0.00       0.00       4.15       3.36      22.63      25.99        2.64  1190.19   0.520
  S187                      49.99       0.00       0.00       2.89      16.90      21.43      38.33        0.19    97.48   0.767
  S324                      49.99       0.00       0.00       3.49      10.45      21.90      32.35        0.78   347.30   0.647
  S325                      49.99       0.00       0.00       3.70       8.22      22.17      30.39        0.72   319.76   0.608
  S326                      49.99       0.00       0.00       2.56      20.54      19.81      40.34        0.10    53.86   0.807
  S327                      49.99       0.00       0.00       0.89      36.35       6.05      42.40        0.95   476.54   0.848
  S320                      49.99       0.00       0.00       3.31      12.19      16.26      28.45        1.93   791.50   0.569
  S321                      49.99       0.00       0.00       2.50      20.39      13.27      33.66        1.66   743.38   0.673
  S322                      49.99       0.00       0.00       3.72       7.94      19.25      27.19        3.53  1505.18   0.544
  S323                      49.99       0.00       0.00       3.09      14.23      13.46      27.69        3.38  1386.13   0.554
  S332                      49.99       0.00       0.00       4.22       2.56      13.64      16.20        4.85  2319.57   0.324
  S333                      49.99       0.00       0.00       1.74      27.49       9.28      36.78        2.56  1191.70   0.736
  S334                      49.99       0.00       0.00       0.89      37.51       6.59      44.10        0.39   198.66   0.882
  S335                      49.99       0.00       0.00       0.89      38.41       7.05      45.46        0.07    35.03   0.909
  S328                      49.99       0.00       0.00       0.89       0.00       0.00       0.00        0.00     0.00   0.000
  S329                      49.99       0.00       0.00       2.32      22.69      15.42      38.11        0.21   103.73   0.762
  S330                      49.99       0.00       0.00       1.69      28.08       9.29      37.37        1.38   646.06   0.748
  S331                      49.99       0.00       0.00       4.27       2.08      20.24      22.32        2.30  1062.85   0.446
  S340                      49.99       0.00       0.00       1.20      32.88       7.39      40.27        1.60   777.29   0.806
  S341                      49.99       0.00       0.00       0.89      36.47       6.10      42.57        0.75   375.14   0.852
  S342                      49.99       0.00       0.00       1.23      32.02       7.03      39.05        1.73   824.13   0.781
  S343                      49.99       0.00       0.00       2.60      19.73      16.25      35.98        1.78   837.21   0.720
  S336                      49.99       0.00       0.00       3.63       8.89      13.34      22.23        0.49   198.62   0.445
  S337                      49.99       0.00       0.00       3.79       7.23      14.20      21.44        0.52   215.20   0.429
  S338                      49.99       0.00       0.00       2.67      18.74      14.68      33.42        1.35   602.35   0.669
  S339                      49.99       0.00       0.00       1.11      33.50       6.76      40.26        2.17  1053.88   0.805
  S348                      49.99       0.00       0.00       1.79      27.62      10.48      38.10        1.18   561.40   0.762
  S349                      49.99       0.00       0.00       3.83       6.73      19.54      26.26        1.62   694.78   0.525
  S350                      49.99       0.00       0.00       3.53       9.83      14.52      24.34        3.93  1570.61   0.487
  S351                      49.99       0.00       0.00       4.24       2.34      23.12      25.46        0.74   342.27   0.509
  S344                      49.99       0.00       0.00       0.89      35.06       5.47      40.53        1.43   692.29   0.811
  S345                      49.99       0.00       0.00       0.89      38.72       7.28      46.00        0.01     3.06   0.920
  S346                      49.99       0.00       0.00       2.80      17.32      13.53      30.85        1.23   527.46   0.617
  S347                      49.99       0.00       0.00       2.56      20.50      19.51      40.01        0.20   105.43   0.800
  S356                      49.99       0.00       0.00       3.09      14.59      18.51      33.10        1.18   527.85   0.662
  S357                      49.99       0.00       0.00       3.95       5.48      22.96      28.44        0.96   429.04   0.569
  S358                      49.99       0.00       0.00       2.36      22.01      14.26      36.28        1.06   495.39   0.726
  S359                      49.99       0.00       0.00       3.09      14.57      17.98      32.55        2.26   994.69   0.651
  S352                      49.99       0.00       0.00       1.12      32.66       6.28      38.94        1.58   748.46   0.779
  S353                      49.99       0.00       0.00       4.04       4.53      19.30      23.83        1.66   732.36   0.477
  S354                      49.99       0.00       0.00       3.50      10.29      22.64      32.94        0.70   319.86   0.659
  S355                      49.99       0.00       0.00       4.14       3.49      31.98      35.47        0.08    40.20   0.709
  S364                      49.99       0.00       0.00       1.20      32.07       6.81      38.89        3.79  1800.19   0.778
  S365                      49.99       0.00       0.00       3.37      11.48      12.21      23.70        3.79  1474.19   0.474
  S366                      49.99       0.00       0.00       2.03      24.98      11.26      36.25        2.71  1257.80   0.725
  S367                      49.99       0.00       0.00       4.23       2.49      27.74      30.23        0.93   445.98   0.605
  S360                      49.99       0.00       0.00       3.64       8.71      16.72      25.44        2.29   944.62   0.509
  S361                      49.99       0.00       0.00       2.29      22.35      11.51      33.86        3.97  1782.62   0.677
  S362                      49.99       0.00       0.00       0.99      31.52       4.56      36.08        9.08  4074.93   0.722
  S363                      49.99       0.00       0.00       1.66      30.37      13.65      44.02        0.01     3.95   0.881
  S372                      49.99       0.00       0.00       2.64      18.77      12.71      31.48        3.53  1532.31   0.630
  S373                      49.99       0.00       0.00       2.53      19.63      10.92      30.55        2.92  1265.70   0.611
  S374                      49.99       0.00       0.00       2.37      20.25       6.99      27.24       12.44  5364.37   0.545
  S375                      49.99       0.00       0.00       0.89      36.59       6.16      42.74        0.59   298.51   0.855
  S368                      49.99       0.00       0.00       3.75       7.69      26.08      33.77        0.24   114.57   0.675
  S369                      49.99       0.00       0.00       2.56      20.53      19.71      40.23        0.05    29.13   0.805
  S370                      49.99       0.00       0.00       3.23      13.30      22.86      36.15        0.29   142.23   0.723
  S371                      49.99       0.00       0.00       3.27      12.25      11.13      23.38        3.94  1554.36   0.468
  S380                      49.99       0.00       0.00       4.05       4.53      27.45      31.98        0.44   208.92   0.640
  S381                      49.99       0.00       0.00       3.16      13.71      16.32      30.03        2.61  1096.31   0.601
  S382                      49.99       0.00       0.00       3.90       5.96      10.58      16.54        5.43  2325.34   0.331
  S383                      49.99       0.00       0.00       3.62       9.02      19.19      28.21        0.94   396.58   0.564
  S376                      49.99       0.00       0.00       3.37      11.29      10.47      21.76        9.13  3549.67   0.435
  S377                      49.99       0.00       0.00       2.34      22.03      13.10      35.13        0.77   350.88   0.703
  S378                      49.99       0.00       0.00       3.43      11.10      22.45      33.55        0.72   332.95   0.671
  S379                      49.99       0.00       0.00       3.98       5.09      16.88      21.97        3.26  1413.92   0.440
  S260                      49.99       0.00       0.00       3.56       9.76      25.77      35.53        0.36   181.29   0.711
  S261                      49.99       0.00       0.00       4.25       2.27      24.92      27.19        1.07   499.14   0.544
  S262                      49.99       0.00       0.00       3.18      13.71      19.25      32.96        0.91   405.64   0.659
  S263                      49.99       0.00       0.00       4.24       2.37      25.80      28.17        1.12   519.18   0.563
  S256                      49.99       0.00       0.00       3.33      12.17      22.74      34.91        0.77   369.74   0.698
  S257                      49.99       0.00       0.00       2.13      24.66      14.10      38.76        0.98   483.67   0.775
  S258                      49.99       0.00       0.00       4.04       4.57      20.48      25.05        2.17   958.49   0.501
  S259                      49.99       0.00       0.00       3.90       6.05      20.63      26.69        0.60   265.03   0.534
  S268                      49.99       0.00       0.00       3.07      14.72      16.81      31.53        1.82   785.26   0.631
  S269                      49.99       0.00       0.00       2.59      19.48      13.76      33.24        1.61   715.31   0.665
  S270                      49.99       0.00       0.00       1.57      30.47      11.02      41.49        0.96   488.72   0.830
  S271                      49.99       0.00       0.00       0.89      28.84       3.32      32.16       17.42  7683.46   0.643
  S264                      49.99       0.00       0.00       4.17       3.13      26.05      29.18        0.77   358.04   0.584
  S265                      49.99       0.00       0.00       4.06       4.35      29.76      34.11        0.61   303.67   0.682
  S266                      49.99       0.00       0.00       3.93       5.75      20.06      25.81        3.11  1352.91   0.516
  S267                      49.99       0.00       0.00       4.31       1.58      20.85      22.42        0.74   350.13   0.449
  S276                      49.99       0.00       0.00       1.24      32.47       7.57      40.04        1.45   705.46   0.801
  S277                      49.99       0.00       0.00       1.13      34.75       7.95      42.70        0.98   500.15   0.854
  S278                      49.99       0.00       0.00       1.16      34.01       7.76      41.77        1.66   829.10   0.836
  S279                      49.99       0.00       0.00       2.32      22.53      14.54      37.07        1.23   584.70   0.742
  S272                      49.99       0.00       0.00       4.23       2.48      24.67      27.15        2.29  1058.38   0.543
  S273                      49.99       0.00       0.00       1.63      29.05       9.89      38.94        1.87   901.10   0.779
  S274                      49.99       0.00       0.00       1.17      30.89       5.59      36.48        1.87   852.26   0.730
  S275                      49.99       0.00       0.00       1.80      28.25      12.83      41.08        1.20   604.00   0.822
  S284                      49.99       0.00       0.00       3.39      11.38      17.56      28.94        2.74  1140.85   0.579
  S285                      49.99       0.00       0.00       4.34       1.25      16.28      17.52        0.43   214.95   0.351
  S286                      49.99       0.00       0.00       3.66       8.52      12.96      21.48        0.79   318.79   0.430
  S287                      49.99       0.00       0.00       1.45      31.91      10.44      42.35        0.88   455.90   0.847
  S280                      49.99       0.00       0.00       2.30      23.14      16.39      39.53        0.71   361.61   0.791
  S281                      49.99       0.00       0.00       2.92      16.32      17.60      33.91        1.50   676.84   0.678
  S282                      49.99       0.00       0.00       2.70      18.68      17.21      35.89        1.58   742.44   0.718
  S283                      49.99       0.00       0.00       2.84      17.32      18.33      35.65        1.41   665.40   0.713
  S292                      49.99       0.00       0.00       3.12      14.48      22.06      36.54        0.15    72.56   0.731
  S293                      49.99       0.00       0.00       0.89      35.71       5.75      41.46        1.48   730.75   0.829
  S294                      49.99       0.00       0.00       2.29      22.71      13.54      36.25        1.35   630.81   0.725
  S295                      49.99       0.00       0.00       3.95       5.48      21.41      26.89        1.15   495.83   0.538
  S288                      49.99       0.00       0.00       4.01       4.95      27.35      32.30        0.98   465.17   0.646
  S289                      49.99       0.00       0.00       3.56       9.76      21.49      31.25        1.82   792.23   0.625
  S290                      49.99       0.00       0.00       0.89      37.55       6.61      44.16        0.20   101.77   0.883
  S291                      49.99       0.00       0.00       1.37      32.99      10.25      43.24        0.25   128.55   0.865
  S300                      49.99       0.00       0.00       1.48      31.05       9.77      40.82        1.51   752.44   0.816
  S301                      49.99       0.00       0.00       1.52      29.40       8.26      37.66        2.53  1188.77   0.753
  S302                      49.99       0.00       0.00       1.33      31.87       8.17      40.04        0.85   413.70   0.801
  S303                      49.99       0.00       0.00       3.72       7.92      18.06      25.98        1.83   767.12   0.520
  S296                      49.99       0.00       0.00       2.98      16.01      21.97      37.98        0.31   159.47   0.760
  S297                      49.99       0.00       0.00       2.02      25.74      13.42      39.16        0.65   320.20   0.783
  S298                      49.99       0.00       0.00       1.25      32.82       8.06      40.89        1.56   767.44   0.818
  S299                      49.99       0.00       0.00       3.70       8.19      20.51      28.70        2.58  1109.92   0.574
  S308                      49.99       0.00       0.00       3.32      12.34      23.82      36.16        0.32   158.42   0.723
  S309                      49.99       0.00       0.00       2.56      19.83      13.91      33.74        1.71   764.48   0.675
  S310                      49.99       0.00       0.00       1.18      32.64       6.95      39.59        1.67   804.21   0.792
  S311                      49.99       0.00       0.00       4.06       4.44      29.45      33.89        0.63   315.09   0.678
  S304                      49.99       0.00       0.00       3.83       6.71      13.00      19.71        3.19  1332.92   0.394
  S305                      49.99       0.00       0.00       4.25       2.33      27.46      29.79        1.26   600.07   0.596
  S306                      49.99       0.00       0.00       4.03       4.66      20.71      25.37        1.73   764.17   0.507
  S307                      49.99       0.00       0.00       3.08      14.69      18.88      33.57        0.95   429.13   0.672
  S316                      49.99       0.00       0.00       3.79       7.35      26.37      33.72        0.93   446.12   0.674
  S317                      49.99       0.00       0.00       3.95       5.49      21.72      27.21        2.59  1148.48   0.544
  S318                      49.99       0.00       0.00       2.95      16.08      17.58      33.66        1.42   640.19   0.673
  S319                      49.99       0.00       0.00       4.23       2.49      28.85      31.34        0.36   176.98   0.627
  S312                      49.99       0.00       0.00       1.32      30.15       6.45      36.60        5.32  2443.86   0.732
  S313                      49.99       0.00       0.00       3.23      12.93      14.31      27.24        5.10  2058.98   0.545
  S314                      49.99       0.00       0.00       1.85      27.50      12.27      39.77        0.53   260.84   0.796
  S315                      49.99       0.00       0.00       1.89      26.54      11.20      37.73        0.33   157.58   0.755
  S452                      49.99       0.00       0.00       2.54      20.01      13.26      33.27        1.77   787.54   0.665
  S453                      49.99       0.00       0.00       2.89      16.72      17.23      33.95        1.09   494.51   0.679
  S454                      49.99       0.00       0.00       4.23       2.50      33.02      35.52        0.16    86.06   0.710
  S455                      49.99       0.00       0.00       3.69       8.15      16.72      24.87        3.29  1358.95   0.498
  S448                      49.99       0.00       0.00       3.52       9.95      16.49      26.44        3.02  1232.35   0.529
  S449                      49.99       0.00       0.00       4.03       4.68      21.25      25.93        1.37   608.38   0.519
  S450                      49.99       0.00       0.00       0.89       0.00       0.00       0.00        0.00     0.00   0.000
  S451                      49.99       0.00       0.00       0.89      38.21       6.94      45.14        0.08    39.97   0.903
  S460                      49.99       0.00       0.00       2.45      21.26      15.41      36.67        0.40   189.06   0.734
  S461                      49.99       0.00       0.00       4.17       3.12      15.09      18.21        6.06  2794.21   0.364
  S462                      49.99       0.00       0.00       0.89      35.70       5.75      41.45        0.93   460.26   0.829
  S463                      49.99       0.00       0.00       2.66      18.31      11.01      29.32        6.65  2834.58   0.587
  S456                      49.99       0.00       0.00       2.24      23.34      13.50      36.83        0.49   230.33   0.737
  S457                      49.99       0.00       0.00       3.97       5.35      24.71      30.06        1.03   473.24   0.601
  S458                      49.99       0.00       0.00       1.56      29.29       8.86      38.15        1.81   856.63   0.763
  S459                      49.99       0.00       0.00       2.67      18.94      15.99      34.93        1.44   660.39   0.699
  S468                      49.99       0.00       0.00       1.56      29.46       9.01      38.47        2.08   990.84   0.770
  S469                      49.99       0.00       0.00       2.36      21.55      11.58      33.13        1.09   485.19   0.663
  S470                      49.99       0.00       0.00       0.89      35.15       5.51      40.66        0.92   445.00   0.813
  S471                      49.99       0.00       0.00       3.63       8.84      19.42      28.25        3.10  1310.42   0.565
  S464                      49.99       0.00       0.00       3.39      11.32      16.71      28.03        3.68  1510.01   0.561
  S465                      49.99       0.00       0.00       3.49      10.29      18.18      28.47        1.92   803.89   0.570
  S466                      49.99       0.00       0.00       4.24       2.32      19.39      21.71        4.74  2178.59   0.434
  S467                      49.99       0.00       0.00       2.75      17.68      12.95      30.64        3.59  1541.07   0.613
  S476                      49.99       0.00       0.00       3.88       6.19      19.43      25.63        3.34  1436.00   0.513
  S477                      49.99       0.00       0.00       3.09      14.25      13.06      27.31        6.41  2617.79   0.546
  S478                      49.99       0.00       0.00       4.06       4.37      21.77      26.14        0.85   377.90   0.523
  S479                      49.99       0.00       0.00       3.90       6.15      27.30      33.45        0.31   148.86   0.669
  S472                      49.99       0.00       0.00       2.86      16.88      15.52      32.40        2.47  1081.97   0.648
  S473                      49.99       0.00       0.00       3.69       8.22      19.64      27.86        3.08  1310.45   0.557
  S474                      49.99       0.00       0.00       4.23       2.48      25.20      27.68        1.59   733.50   0.554
  S475                      49.99       0.00       0.00       4.24       2.43      25.14      27.57        1.35   626.56   0.552
  S484                      49.99       0.00       0.00       3.20      13.34      16.39      29.72        2.35   978.77   0.595
  S485                      49.99       0.00       0.00       2.41      21.02      11.45      32.47        2.52  1111.69   0.650
  S486                      49.99       0.00       0.00       4.08       4.14      25.63      29.77        0.55   256.39   0.596
  S487                      49.99       0.00       0.00       3.96       5.40      21.57      26.97        1.97   861.86   0.540
  S480                      49.99       0.00       0.00       4.23       2.50      30.49      32.99        0.52   258.35   0.660
  S481                      49.99       0.00       0.00       3.18      13.26      13.48      26.74        5.45  2198.97   0.535
  S482                      49.99       0.00       0.00       3.43      11.08      21.87      32.96        0.70   318.83   0.659
  S483                      49.99       0.00       0.00       0.89      38.36       7.02      45.38        0.03    14.34   0.908
  S492                      49.99       0.00       0.00       4.11       3.72      18.45      22.16        3.27  1447.81   0.443
  S493                      49.99       0.00       0.00       4.22       2.60      21.14      23.73        3.60  1638.64   0.475
  S494                      49.99       0.00       0.00       3.46      10.62      16.42      27.04        2.37   966.53   0.541
  S495                      49.99       0.00       0.00       4.13       3.55      15.96      19.51        6.32  2856.11   0.390
  S488                      49.99       0.00       0.00       4.04       4.59      23.77      28.36        1.63   729.93   0.567
  S489                      49.99       0.00       0.00       4.12       3.70      21.93      25.63        2.06   922.51   0.513
  S490                      49.99       0.00       0.00       4.23       2.48      26.83      29.32        0.62   289.50   0.586
  S491                      49.99       0.00       0.00       3.68       8.30      18.26      26.56        2.18   914.23   0.531
  S500                      49.99       0.00       0.00       4.24       2.40      26.17      28.57        0.80   370.11   0.571
  S501                      49.99       0.00       0.00       3.81       6.91      18.61      25.52        2.20   935.03   0.510
  S502                      49.99       0.00       0.00       3.93       5.77      23.87      29.64        0.63   285.24   0.593
  S503                      49.99       0.00       0.00       3.23      13.22      21.11      34.33        0.67   312.32   0.687
  S496                      49.99       0.00       0.00       2.56      20.17      16.53      36.70        0.37   176.65   0.734
  S497                      49.99       0.00       0.00       2.06      23.90       9.19      33.09        5.49  2451.59   0.662
  S498                      49.99       0.00       0.00       3.12      14.41      22.75      37.16        1.37   643.08   0.743
  S499                      49.99       0.00       0.00       2.09      23.01       8.37      31.38        6.95  3042.23   0.628
  S508                      49.99       0.00       0.00       4.25       2.28      23.30      25.58        1.06   488.11   0.512
  S509                      49.99       0.00       0.00       4.23       2.48      26.58      29.06        0.50   235.25   0.581
  S510                      49.99       0.00       0.00       4.23       2.49      28.39      30.88        0.32   154.43   0.618
  S511                      49.99       0.00       0.00       4.23       2.46      21.69      24.15        1.50   682.64   0.483
  S504                      49.99       0.00       0.00       4.23       2.48      25.74      28.22        0.50   233.09   0.564
  S505                      49.99       0.00       0.00       3.46      10.64      17.33      27.97        1.10   454.28   0.560
  S506                      49.99       0.00       0.00       4.13       3.60      20.09      23.69        1.97   881.01   0.474
  S507                      49.99       0.00       0.00       3.19      13.50      19.05      32.56        0.84   371.05   0.651
  S388                      49.99       0.00       0.00       1.85      27.52      12.32      39.84        0.48   239.50   0.797
  S389                      49.99       0.00       0.00       0.89      38.80       7.47      46.27        0.00     0.14   0.925
  S390                      49.99       0.00       0.00       1.26      32.08       7.38      39.46        1.98   950.59   0.789
  S391                      49.99       0.00       0.00       2.71      18.19      13.33      31.52        3.78  1639.61   0.630
  S384                      49.99       0.00       0.00       3.79       7.34      25.95      33.29        0.42   196.01   0.666
  S385                      49.99       0.00       0.00       2.13      23.95      11.30      35.25        2.33  1064.23   0.705
  S386                      49.99       0.00       0.00       2.97      15.39      12.78      28.18        6.80  2820.50   0.564
  S387                      49.99       0.00       0.00       0.89      37.81       6.73      44.54        0.20   103.07   0.891
  S396                      49.99       0.00       0.00       1.52      30.57       9.91      40.49        0.63   313.99   0.810
  S397                      49.99       0.00       0.00       3.51      10.00      15.72      25.72        1.52   617.20   0.514
  S398                      49.99       0.00       0.00       0.89      38.54       7.13      45.66        0.06    29.85   0.913
  S399                      49.99       0.00       0.00       2.98      15.28       8.25      23.53        2.74  1135.16   0.471
  S392                      49.99       0.00       0.00       3.25      12.79      15.49      28.28        1.63   666.39   0.566
  S393                      49.99       0.00       0.00       2.63      19.28      15.20      34.48        0.74   335.82   0.690
  S394                      49.99       0.00       0.00       1.75      27.38       9.54      36.92        2.25  1049.17   0.739
  S395                      49.99       0.00       0.00       0.89      37.10       6.40      43.50        0.45   228.49   0.870
  S404                      49.99       0.00       0.00       3.88       6.20      20.01      26.21        2.25   973.84   0.524
  S405                      49.99       0.00       0.00       2.78      17.60      14.53      32.12        2.65  1153.84   0.643
  S406                      49.99       0.00       0.00       2.50      20.57      14.58      35.15        1.78   816.99   0.703
  S407                      49.99       0.00       0.00       2.25      22.63      11.29      33.92        1.77   796.86   0.678
  S400                      49.99       0.00       0.00       3.48      10.37      14.52      24.89        1.60   638.50   0.498
  S401                      49.99       0.00       0.00       2.69      18.42      12.89      31.31        0.88   381.49   0.626
  S402                      49.99       0.00       0.00       3.81       6.96      21.77      28.73        0.91   398.65   0.575
  S403                      49.99       0.00       0.00       4.23       2.50      38.34      40.84        0.00     0.12   0.817
  S412                      49.99       0.00       0.00       4.24       2.38      23.97      26.35        1.77   814.13   0.527
  S413                      49.99       0.00       0.00       3.97       5.33      28.75      34.08        0.36   177.97   0.682
  S414                      49.99       0.00       0.00       3.67       8.51      20.02      28.52        1.76   749.92   0.571
  S415                      49.99       0.00       0.00       4.23       2.50      37.39      39.89        0.00     0.32   0.798
  S408                      49.99       0.00       0.00       2.73      17.96      13.58      31.54        2.66  1153.45   0.631
  S409                      49.99       0.00       0.00       2.46      20.00       9.44      29.44        6.10  2629.83   0.589
  S410                      49.99       0.00       0.00       2.46      21.00      14.20      35.20        0.45   208.66   0.704
  S411                      49.99       0.00       0.00       3.47      10.50      16.03      26.53        2.84  1153.21   0.531
  S420                      49.99       0.00       0.00       2.98      15.13      11.29      26.42        7.38  3034.33   0.529
  S421                      49.99       0.00       0.00       2.35      22.09      13.96      36.05        1.91   887.68   0.721
  S422                      49.99       0.00       0.00       3.12      14.02      14.00      28.02        2.49  1019.76   0.560
  S423                      49.99       0.00       0.00       4.02       4.76      25.19      29.95        0.45   208.96   0.599
  S416                      49.99       0.00       0.00       1.57      29.34       9.07      38.41        1.91   909.51   0.768
  S417                      49.99       0.00       0.00       2.77      17.58      13.82      31.40        1.97   851.45   0.628
  S418                      49.99       0.00       0.00       3.81       7.01      19.77      26.78        1.30   557.96   0.536
  S419                      49.99       0.00       0.00       4.23       2.49      29.90      32.39        0.38   187.66   0.648
  S428                      49.99       0.00       0.00       4.11       3.75      21.46      25.20        3.19  1426.67   0.504
  S429                      49.99       0.00       0.00       2.52      19.92      12.00      31.92        2.43  1063.28   0.638
  S430                      49.99       0.00       0.00       3.08      14.46      14.84      29.30        4.15  1728.24   0.586
  S431                      49.99       0.00       0.00       3.69       8.12      14.45      22.57        5.40  2201.60   0.452
  S424                      49.99       0.00       0.00       4.23       2.49      29.79      32.28        0.51   252.04   0.646
  S425                      49.99       0.00       0.00       3.56       9.64      21.57      31.21        1.12   497.32   0.624
  S426                      49.99       0.00       0.00       4.23       2.47      23.55      26.02        0.93   425.68   0.521
  S427                      49.99       0.00       0.00       3.57       9.42      15.10      24.52        3.02  1218.29   0.490
  S436                      49.99       0.00       0.00       4.02       4.77      24.13      28.90        1.82   816.37   0.578
  S437                      49.99       0.00       0.00       2.71      18.38      13.19      31.57        1.05   453.28   0.632
  S438                      49.99       0.00       0.00       4.11       3.83      21.14      24.97        3.68  1610.07   0.499
  S439                      49.99       0.00       0.00       3.45      10.59      13.94      24.53        5.44  2157.28   0.491
  S432                      49.99       0.00       0.00       3.21      13.12      15.46      28.59        2.58  1059.45   0.572
  S433                      49.99       0.00       0.00       4.23       2.50      38.64      41.14        0.00     0.02   0.823
  S434                      49.99       0.00       0.00       2.68      18.59      14.28      32.87        2.19   969.10   0.657
  S435                      49.99       0.00       0.00       3.13      14.10      16.73      30.84        1.72   733.81   0.617
  S444                      49.99       0.00       0.00       3.83       6.74      19.30      26.04        3.59  1537.34   0.521
  S445                      49.99       0.00       0.00       3.13      13.82      12.53      26.35        2.43   983.37   0.527
  S446                      49.99       0.00       0.00       2.64      18.81      12.43      31.24        3.12  1351.43   0.625
  S447                      49.99       0.00       0.00       4.21       2.64      18.63      21.28        3.55  1617.97   0.426
  S440                      49.99       0.00       0.00       2.40      20.69       9.96      30.65        6.16  2682.01   0.613
  S441                      49.99       0.00       0.00       3.68       8.26      17.14      25.41        3.49  1446.41   0.508
  S442                      49.99       0.00       0.00       3.07      14.57      14.25      28.82        2.06   853.94   0.577
  S443                      49.99       0.00       0.00       3.15      13.75      15.03      28.78        1.71   705.90   0.576
  S580                      49.99       0.00       0.00       3.07      14.45      13.01      27.46        3.33  1363.67   0.549
  S581                      49.99       0.00       0.00       4.23       2.49      29.31      31.81        0.22   107.53   0.636
  S582                      49.99       0.00       0.00       4.24       2.42      26.93      29.35        0.90   423.45   0.587
  S583                      49.99       0.00       0.00       3.97       5.24      21.78      27.02        1.64   723.18   0.541
  S576                      49.99       0.00       0.00       3.24      12.97      18.98      31.94        1.28   556.66   0.639
  S577                      49.99       0.00       0.00       4.19       2.87      21.54      24.40        1.95   881.35   0.488
  S578                      49.99       0.00       0.00       4.23       2.46      21.58      24.05        1.41   643.40   0.481
  S579                      49.99       0.00       0.00       3.30      12.36      18.28      30.64        1.23   520.49   0.613
  S588                      49.99       0.00       0.00       4.22       2.57      13.61      16.18        6.08  2904.36   0.324
  S589                      49.99       0.00       0.00       3.74       7.70      18.54      26.24        2.37  1000.62   0.525
  S590                      49.99       0.00       0.00       2.29      21.54       9.02      30.56        6.53  2853.53   0.611
  S591                      49.99       0.00       0.00       2.26      22.98      13.37      36.35        1.31   611.56   0.727
  S584                      49.99       0.00       0.00       3.27      12.38      13.45      25.83        5.16  2054.57   0.517
  S585                      49.99       0.00       0.00       3.01      15.17      14.71      29.88        2.00   841.40   0.598
  S586                      49.99       0.00       0.00       3.16      13.38      11.04      24.42        6.63  2659.61   0.488
  S587                      49.99       0.00       0.00       2.55      19.74      11.89      31.62        1.95   851.86   0.633
  S596                      49.99       0.00       0.00       1.71      29.61      13.29      42.89        0.03    16.50   0.858
  S597                      49.99       0.00       0.00       2.56      20.65      20.58      41.23        0.04    23.78   0.825
  S598                      49.99       0.00       0.00       3.56       9.56      18.47      28.03        1.03   430.76   0.561
  S599                      49.99       0.00       0.00       2.59      19.30      12.55      31.85        3.23  1408.08   0.637
  S592                      49.99       0.00       0.00       2.77      17.84      15.95      33.79        1.48   665.56   0.676
  S593                      49.99       0.00       0.00       3.26      12.73      16.69      29.42        2.38   985.24   0.588
  S594                      49.99       0.00       0.00       3.52       9.96      17.49      27.46        3.24  1336.76   0.549
  S595                      49.99       0.00       0.00       2.35      22.14      14.00      36.14        1.75   813.42   0.723
  S604                      49.99       0.00       0.00       4.23       2.50      33.32      35.82        0.05    29.48   0.716
  S605                      49.99       0.00       0.00       1.31      32.34       8.40      40.74        0.87   429.40   0.815
  S606                      49.99       0.00       0.00       3.66       8.56      17.87      26.43        2.89  1205.58   0.529
  S607                      49.99       0.00       0.00       4.15       3.39      21.82      25.22        0.91   409.43   0.504
  S600                      49.99       0.00       0.00       2.59      19.58      13.90      33.48        2.33  1039.21   0.670
  S601                      49.99       0.00       0.00       2.31      22.39      13.27      35.66        1.79   824.37   0.713
  S602                      49.99       0.00       0.00       4.18       3.02       9.26      12.28        9.19  4497.40   0.246
  S603                      49.99       0.00       0.00       3.52      10.17      22.36      32.53        1.60   721.29   0.651
  S612                      49.99       0.00       0.00       2.26      22.76      12.35      35.10        1.22   558.28   0.702
  S613                      49.99       0.00       0.00       3.96       5.40      26.09      31.50        0.70   328.21   0.630
  S614                      49.99       0.00       0.00       3.90       6.13      26.13      32.26        0.88   412.33   0.645
  S615                      49.99       0.00       0.00       3.02      15.24      16.23      31.47        0.88   378.52   0.630
  S608                      49.99       0.00       0.00       3.01      14.99      12.71      27.70        3.98  1641.80   0.554
  S609                      49.99       0.00       0.00       4.16       3.26      24.97      28.22        1.25   571.06   0.565
  S610                      49.99       0.00       0.00       2.67      18.84      15.55      34.39        0.94   428.28   0.688
  S611                      49.99       0.00       0.00       1.73      27.83       9.70      37.53        0.73   343.35   0.751
  S620                      49.99       0.00       0.00       4.23       2.44      22.39      24.83        2.12   966.27   0.497
  S621                      49.99       0.00       0.00       3.12      14.28      18.17      32.45        0.92   406.04   0.649
  S622                      49.99       0.00       0.00       3.43      10.98      19.38      30.36        1.30   555.51   0.607
  S623                      49.99       0.00       0.00       4.23       2.46      21.63      24.09        1.60   729.20   0.482
  S616                      49.99       0.00       0.00       4.02       4.76      25.65      30.41        0.84   390.23   0.608
  S617                      49.99       0.00       0.00       3.37      11.66      19.70      31.36        0.89   385.18   0.627
  S618                      49.99       0.00       0.00       2.46      21.03      14.42      35.45        1.00   463.08   0.709
  S619                      49.99       0.00       0.00       4.12       3.67      26.61      30.28        0.81   382.77   0.606
  S628                      49.99       0.00       0.00       3.40      11.44      21.74      33.18        1.05   479.49   0.664
  S629                      49.99       0.00       0.00       3.12      14.34      19.25      33.58        1.14   515.80   0.672
  S630                      49.99       0.00       0.00       1.73      27.97       9.98      37.95        1.48   700.88   0.759
  S631                      49.99       0.00       0.00       3.78       7.36      23.97      31.33        1.01   460.56   0.627
  S624                      49.99       0.00       0.00       1.21      33.38       7.93      41.31        0.74   367.66   0.826
  S625                      49.99       0.00       0.00       1.98      25.53      11.34      36.87        1.94   907.69   0.738
  S626                      49.99       0.00       0.00       3.85       6.55      21.50      28.05        1.12   490.68   0.561
  S627                      49.99       0.00       0.00       2.24      22.82      11.60      34.42        1.77   801.00   0.689
  S636                      49.99       0.00       0.00       2.39      21.83      15.14      36.97        0.70   332.19   0.740
  S637                      49.99       0.00       0.00       3.79       7.33      23.51      30.85        0.39   179.75   0.617
  S638                      49.99       0.00       0.00       2.56      20.42      18.70      39.11        0.14    72.49   0.782
  S639                      49.99       0.00       0.00       2.18      23.49      11.56      35.05        0.84   384.62   0.701
  S632                      49.99       0.00       0.00       4.01       4.88      22.89      27.78        1.15   513.07   0.556
  S633                      49.99       0.00       0.00       3.85       6.55      21.21      27.76        1.13   491.41   0.555
  S634                      49.99       0.00       0.00       2.99      15.39      14.14      29.52        1.35   565.57   0.591
  S635                      49.99       0.00       0.00       2.28      22.72      13.26      35.98        0.72   335.41   0.720
  S516                      49.99       0.00       0.00       1.77      28.08      11.26      39.35        1.46   713.68   0.787
  S517                      49.99       0.00       0.00       3.07      13.67       9.85      23.51        6.11  2488.36   0.470
  S518                      49.99       0.00       0.00       2.56      20.40      18.54      38.93        0.05    23.50   0.779
  S519                      49.99       0.00       0.00       3.14      13.64      13.31      26.95        3.62  1468.30   0.539
  S512                      49.99       0.00       0.00       3.61       9.13      21.04      30.17        1.20   525.74   0.604
  S513                      49.99       0.00       0.00       3.97       5.31      22.97      28.29        2.33  1037.09   0.566
  S514                      49.99       0.00       0.00       4.22       2.52      17.24      19.76        6.16  2832.54   0.395
  S515                      49.99       0.00       0.00       4.00       4.90      19.50      24.41        1.96   856.73   0.488
  S524                      49.99       0.00       0.00       1.11      35.40       8.36      43.76        0.52   270.65   0.875
  S525                      49.99       0.00       0.00       1.24      33.95       8.99      42.93        0.81   415.61   0.859
  S526                      49.99       0.00       0.00       0.89      37.18       6.43      43.61        0.57   292.90   0.872
  S527                      49.99       0.00       0.00       2.34      22.27      13.90      36.18        1.80   834.65   0.724
  S520                      49.99       0.00       0.00       2.95      16.23      19.83      36.06        0.43   207.89   0.721
  S521                      49.99       0.00       0.00       1.33      32.54       8.99      41.54        1.44   723.79   0.831
  S522                      49.99       0.00       0.00       2.30      21.57      10.50      32.07        3.65  1597.22   0.641
  S523                      49.99       0.00       0.00       3.61       9.02      16.62      25.64        2.33   957.04   0.513
  S532                      49.99       0.00       0.00       2.38      22.39      17.45      39.84        0.33   172.40   0.797
  S533                      49.99       0.00       0.00       3.62       9.15      27.41      36.56        0.01     4.37   0.731
  S534                      49.99       0.00       0.00       4.23       2.50      32.06      34.56        0.03    13.93   0.691
  S535                      49.99       0.00       0.00       2.98      15.66      16.56      32.22        0.73   316.72   0.645
  S528                      49.99       0.00       0.00       4.23       2.46      19.69      22.14        2.51  1149.49   0.443
  S529                      49.99       0.00       0.00       4.12       3.62      15.77      19.39        5.05  2279.56   0.388
  S530                      49.99       0.00       0.00       3.82       6.82      17.09      23.91        3.67  1538.49   0.478
  S531                      49.99       0.00       0.00       2.72      18.19      14.71      32.90        1.47   651.00   0.658
  S540                      49.99       0.00       0.00       1.91      26.64      12.08      38.72        1.26   609.56   0.774
  S541                      49.99       0.00       0.00       0.89      38.79       7.42      46.21        0.00     0.75   0.924
  S542                      49.99       0.00       0.00       1.35      32.47       9.18      41.65        0.82   412.05   0.833
  S543                      49.99       0.00       0.00       3.79       7.32      22.87      30.19        0.21    96.58   0.604
  S536                      49.99       0.00       0.00       2.59      18.84      10.63      29.47        4.47  1910.24   0.589
  S537                      49.99       0.00       0.00       2.00      24.82       9.93      34.75        2.30  1043.79   0.695
  S538                      49.99       0.00       0.00       3.01      15.46      17.57      33.03        1.13   501.29   0.661
  S539                      49.99       0.00       0.00       3.56       9.50      16.31      25.81        2.12   865.42   0.516
  S548                      49.99       0.00       0.00       0.89      37.24       6.46      43.70        0.60   308.24   0.874
  S549                      49.99       0.00       0.00       2.40      21.28      11.91      33.19        2.33  1034.91   0.664
  S550                      49.99       0.00       0.00       4.23       2.50      30.76      33.26        0.41   203.05   0.665
  S551                      49.99       0.00       0.00       3.87       6.42      23.73      30.15        0.77   348.81   0.603
  S544                      49.99       0.00       0.00       3.95       5.28       5.47      10.75       18.05  7532.34   0.215
  S545                      49.99       0.00       0.00       2.84      17.21      16.17      33.38        2.47  1103.67   0.668
  S546                      49.99       0.00       0.00       4.30       1.69      18.71      20.40        1.82   864.15   0.408
  S547                      49.99       0.00       0.00       3.42      11.13      17.72      28.85        2.39   997.41   0.577
  S556                      49.99       0.00       0.00       4.23       2.48      24.70      27.18        0.75   347.86   0.544
  S557                      49.99       0.00       0.00       3.33      11.89      13.08      24.96        3.51  1378.99   0.499
  S558                      49.99       0.00       0.00       4.27       2.03      24.97      26.99        0.41   194.72   0.540
  S559                      49.99       0.00       0.00       1.17      33.62       7.59      41.22        1.01   499.00   0.824
  S552                      49.99       0.00       0.00       4.31       1.64      21.12      22.76        1.10   519.17   0.455
  S553                      49.99       0.00       0.00       4.10       3.96      28.04      32.00        0.74   356.80   0.640
  S554                      49.99       0.00       0.00       2.66      19.12      16.19      35.31        0.68   315.29   0.706
  S555                      49.99       0.00       0.00       4.07       4.05       6.52      10.56       10.37  4735.46   0.211
  S564                      49.99       0.00       0.00       3.38      11.39      14.75      26.14        5.98  2392.65   0.523
  S565                      49.99       0.00       0.00       2.19      23.22      11.04      34.26        1.97   890.23   0.685
  S566                      49.99       0.00       0.00       4.16       3.24      25.42      28.66        1.24   567.45   0.573
  S567                      49.99       0.00       0.00       3.76       7.49      20.78      28.28        2.27   980.00   0.566
  S560                      49.99       0.00       0.00       3.57       9.49      17.46      26.95        1.91   791.62   0.539
  S561                      49.99       0.00       0.00       3.88       6.11      13.47      19.58        9.28  3927.20   0.392
  S562                      49.99       0.00       0.00       4.12       3.68      28.70      32.38        0.89   430.79   0.648
  S563                      49.99       0.00       0.00       4.24       2.38      26.60      28.98        1.14   536.24   0.580
  S572                      49.99       0.00       0.00       4.18       3.03      15.00      18.03        2.46  1148.99   0.361
  S573                      49.99       0.00       0.00       4.23       2.50      30.73      33.22        0.42   209.64   0.665
  S574                      49.99       0.00       0.00       4.23       2.47      22.18      24.64        1.71   777.80   0.493
  S575                      49.99       0.00       0.00       4.23       2.49      27.48      29.96        1.08   512.02   0.599
  S568                      49.99       0.00       0.00       2.49      20.57      14.12      34.69        1.53   694.90   0.694
  S569                      49.99       0.00       0.00       2.68      18.78      15.31      34.09        0.92   415.88   0.682
  S570                      49.99       0.00       0.00       3.33      12.08      18.58      30.66        1.32   561.60   0.613
  S571                      49.99       0.00       0.00       4.04       4.51      21.07      25.58        2.79  1237.14   0.512
  S708                      49.99       0.00       0.00       3.70       8.20      24.73      32.93        0.58   270.01   0.659
  S709                      49.99       0.00       0.00       0.89      38.05       6.85      44.90        0.10    53.08   0.898
  S710                      49.99       0.00       0.00       4.23       2.48      26.07      28.55        0.73   340.54   0.571
  S711                      49.99       0.00       0.00       2.56      20.32      17.84      38.16        0.36   178.19   0.763
  S704                      49.99       0.00       0.00       4.23       2.49      28.90      31.39        0.43   210.54   0.628
  S705                      49.99       0.00       0.00       4.16       3.30      23.41      26.71        1.08   493.26   0.534
  S706                      49.99       0.00       0.00       4.23       2.49      28.02      30.51        0.19    92.67   0.610
  S707                      49.99       0.00       0.00       4.27       2.09      20.35      22.44        1.99   920.67   0.449
  S716                      49.99       0.00       0.00       3.34      11.95      19.31      31.27        0.85   366.43   0.625
  S717                      49.99       0.00       0.00       1.63      29.55      10.62      40.17        1.50   738.15   0.804
  S718                      49.99       0.00       0.00       3.05      14.92      16.64      31.56        2.24   964.71   0.631
  S719                      49.99       0.00       0.00       2.45      21.25      15.40      36.66        0.51   243.44   0.733
  S712                      49.99       0.00       0.00       2.26      23.18      14.39      37.57        1.87   896.06   0.751
  S713                      49.99       0.00       0.00       2.04      25.57      13.44      39.02        1.22   598.19   0.780
  S714                      49.99       0.00       0.00       4.23       2.50      33.18      35.68        0.08    44.65   0.714
  S715                      49.99       0.00       0.00       1.78      28.00      11.52      39.52        0.50   246.95   0.790
  S724                      49.99       0.00       0.00       3.15      14.00      20.22      34.22        0.94   433.51   0.685
  S725                      49.99       0.00       0.00       1.93      26.65      12.79      39.44        1.62   799.66   0.789
  S726                      49.99       0.00       0.00       2.06      25.23      13.05      38.29        1.51   730.77   0.766
  S727                      49.99       0.00       0.00       2.45      21.46      16.89      38.36        1.01   502.34   0.767
  S720                      49.99       0.00       0.00       4.23       2.48      25.36      27.84        1.32   611.92   0.557
  S721                      49.99       0.00       0.00       3.49      10.37      19.26      29.63        1.42   606.82   0.593
  S722                      49.99       0.00       0.00       3.22      13.30      20.08      33.39        1.68   762.27   0.668
  S723                      49.99       0.00       0.00       1.93      26.47      12.42      38.90        0.54   261.00   0.778
  S732                      49.99       0.00       0.00       2.76      17.60      13.13      30.73        2.53  1084.06   0.615
  S733                      49.99       0.00       0.00       2.69      18.91      18.03      36.94        0.88   428.94   0.739
  S734                      49.99       0.00       0.00       1.92      26.67      12.43      39.10        0.85   418.03   0.782
  S735                      49.99       0.00       0.00       1.40      31.61       9.04      40.64        1.20   593.73   0.813
  S728                      49.99       0.00       0.00       1.33      31.64       7.99      39.64        1.35   651.44   0.793
  S729                      49.99       0.00       0.00       1.79      27.84      11.30      39.14        1.39   675.34   0.783
  S730                      49.99       0.00       0.00       2.00      26.08      13.91      40.00        0.33   168.56   0.800
  S731                      49.99       0.00       0.00       3.12      14.48      22.17      36.65        0.76   381.32   0.733
  S740                      49.99       0.00       0.00       2.42      21.77      16.46      38.23        1.22   605.55   0.765
  S741                      49.99       0.00       0.00       3.12      14.28      18.56      32.84        2.42  1072.98   0.657
  S742                      49.99       0.00       0.00       1.24      33.72       8.76      42.48        0.78   398.90   0.850
  S743                      49.99       0.00       0.00       4.23       2.50      31.15      33.65        0.28   141.09   0.673
  S736                      49.99       0.00       0.00       3.42      11.27      23.93      35.20        1.10   538.15   0.704
  S737                      49.99       0.00       0.00       0.89      38.80       7.48      46.27        0.00     0.23   0.926
  S738                      49.99       0.00       0.00       3.02      15.38      19.49      34.88        1.84   858.95   0.698
  S739                      49.99       0.00       0.00       1.99      25.12      10.23      35.36        2.07   946.86   0.707
  S748                      49.99       0.00       0.00       0.89      37.39       6.53      43.92        0.22   111.80   0.879
  S749                      49.99       0.00       0.00       2.84      16.61      11.78      28.38        5.87  2459.69   0.568
  S750                      49.99       0.00       0.00       2.21      22.71      10.12      32.83        3.68  1638.10   0.657
  S751                      49.99       0.00       0.00       3.42      10.80      12.94      23.74        9.45  3711.56   0.475
  S744                      49.99       0.00       0.00       3.85       6.67      24.85      31.52        0.73   337.22   0.630
  S745                      49.99       0.00       0.00       4.09       3.96      20.18      24.14        4.38  1949.16   0.483
  S746                      49.99       0.00       0.00       3.37      11.71      21.88      33.58        0.84   387.85   0.672
  S747                      49.99       0.00       0.00       3.85       6.81      34.55      41.37        0.00     0.21   0.828
  S756                      49.99       0.00       0.00       2.91      16.12      13.57      29.69        4.62  1946.95   0.594
  S757                      49.99       0.00       0.00       1.02      35.24       6.92      42.16        0.87   437.30   0.843
  S758                      49.99       0.00       0.00       2.83      16.87      12.96      29.83        2.95  1248.65   0.597
  S759                      49.99       0.00       0.00       3.73       7.74      14.09      21.83        4.46  1827.35   0.437
  S752                      49.99       0.00       0.00       2.52      20.32      14.22      34.54        2.36  1068.68   0.691
  S753                      49.99       0.00       0.00       3.80       7.16      25.07      32.23        0.99   462.57   0.645
  S754                      49.99       0.00       0.00       3.17      13.51      14.87      28.38        4.14  1699.45   0.568
  S755                      49.99       0.00       0.00       3.94       5.59      16.35      21.94        5.03  2158.50   0.439
  S764                      49.99       0.00       0.00       4.23       2.45      19.19      21.64        3.03  1387.98   0.433
  S765                      49.99       0.00       0.00       4.23       2.44      22.61      25.05        2.09   957.03   0.501
  S766                      49.99       0.00       0.00       3.92       6.00      32.27      38.27        0.00     1.29   0.765
  S767                      49.99       0.00       0.00       2.90      16.20      13.46      29.67        5.10  2153.27   0.593
  S760                      49.99       0.00       0.00       2.36      21.38      10.95      32.32        4.31  1901.83   0.647
  S761                      49.99       0.00       0.00       1.87      26.68      10.84      37.52        1.39   654.41   0.751
  S762                      49.99       0.00       0.00       2.47      20.29      11.35      31.63        5.89  2573.00   0.633
  S763                      49.99       0.00       0.00       4.06       4.26      20.79      25.06        3.16  1397.34   0.501
  S644                      49.99       0.00       0.00       3.60       9.20      19.13      28.33        0.88   372.78   0.567
  S645                      49.99       0.00       0.00       2.07      24.38      10.41      34.79        3.03  1376.51   0.696
  S646                      49.99       0.00       0.00       4.11       3.81      14.76      18.57        3.11  1422.26   0.371
  S647                      49.99       0.00       0.00       1.70      27.42       8.29      35.71        4.24  1946.13   0.714
  S640                      49.99       0.00       0.00       4.08       4.13      24.34      28.47        0.54   243.06   0.570
  S641                      49.99       0.00       0.00       3.32      12.17      19.37      31.54        0.95   411.11   0.631
  S642                      49.99       0.00       0.00       4.24       2.42      22.73      25.15        1.03   473.03   0.503
  S643                      49.99       0.00       0.00       3.28      12.67      20.27      32.94        0.58   259.69   0.659
  S652                      49.99       0.00       0.00       4.01       4.90      23.49      28.38        1.86   836.12   0.568
  S653                      49.99       0.00       0.00       4.02       4.74      20.97      25.71        2.21   975.41   0.514
  S654                      49.99       0.00       0.00       2.84      17.49      20.94      38.43        0.38   199.83   0.769
  S655                      49.99       0.00       0.00       1.19      34.58       8.80      43.38        0.44   228.05   0.868
  S648                      49.99       0.00       0.00       3.15      13.70      13.62      27.32        6.96  2832.25   0.547
  S649                      49.99       0.00       0.00       3.79       7.14      15.90      23.04        4.44  1854.44   0.461
  S650                      49.99       0.00       0.00       3.99       5.06      24.39      29.45        2.29  1043.51   0.589
  S651                      49.99       0.00       0.00       4.23       2.50      31.00      33.49        0.83   416.36   0.670
  S660                      49.99       0.00       0.00       4.23       2.50      32.30      34.79        0.43   224.43   0.696
  S661                      49.99       0.00       0.00       3.92       5.86      22.46      28.32        1.54   685.77   0.567
  S662                      49.99       0.00       0.00       3.76       7.54      22.49      30.03        1.89   841.51   0.601
  S663                      49.99       0.00       0.00       4.20       2.77      14.66      17.43       10.76  5059.50   0.349
  S656                      49.99       0.00       0.00       2.95      16.03      16.87      32.90        2.28  1010.83   0.658
  S657                      49.99       0.00       0.00       2.92      16.41      17.49      33.90        1.10   495.40   0.678
  S658                      49.99       0.00       0.00       3.79       7.27      24.93      32.21        1.52   704.13   0.644
  S659                      49.99       0.00       0.00       3.09      14.58      18.98      33.56        1.45   653.84   0.671
  S668                      49.99       0.00       0.00       2.34      22.34      14.42      36.75        2.24  1056.51   0.735
  S669                      49.99       0.00       0.00       3.45      10.78      18.51      29.29        1.59   670.61   0.586
  S670                      49.99       0.00       0.00       3.52      10.23      24.17      34.39        0.48   229.17   0.688
  S671                      49.99       0.00       0.00       2.41      21.96      17.18      39.15        0.37   190.98   0.783
  S664                      49.99       0.00       0.00       0.89      38.70       7.26      45.96        0.01     4.94   0.919
  S665                      49.99       0.00       0.00       4.17       3.05      16.21      19.26        6.95  3179.87   0.385
  S666                      49.99       0.00       0.00       3.46      10.58      15.68      26.26        1.26   510.50   0.525
  S667                      49.99       0.00       0.00       3.52      10.06      19.02      29.08        1.36   574.25   0.582
  S676                      49.99       0.00       0.00       2.07      25.34      14.07      39.41        0.58   290.06   0.788
  S677                      49.99       0.00       0.00       4.23       2.49      30.31      32.81        0.30   146.26   0.656
  S678                      49.99       0.00       0.00       2.92      16.21      15.65      31.85        2.26   980.42   0.637
  S679                      49.99       0.00       0.00       0.89      38.54       7.13      45.67        0.04    18.93   0.914
  S672                      49.99       0.00       0.00       3.02      15.33      17.62      32.95        0.67   296.34   0.659
  S673                      49.99       0.00       0.00       3.12      14.19      16.53      30.72        1.19   504.91   0.615
  S674                      49.99       0.00       0.00       3.93       5.71      20.48      26.19        4.63  2023.25   0.524
  S675                      49.99       0.00       0.00       3.82       6.92      15.44      22.36        5.15  2146.98   0.447
  S684                      49.99       0.00       0.00       3.49      10.58      25.75      36.32        0.34   172.67   0.727
  S685                      49.99       0.00       0.00       4.23       2.50      32.78      35.27        0.39   207.92   0.706
  S686                      49.99       0.00       0.00       3.30      12.38      18.08      30.47        2.44  1030.95   0.609
  S687                      49.99       0.00       0.00       2.88      16.56      15.35      31.92        1.76   762.95   0.639
  S680                      49.99       0.00       0.00       2.80      17.99      21.61      39.60        0.23   122.24   0.792
  S681                      49.99       0.00       0.00       4.23       2.50      30.71      33.20        0.29   144.57   0.664
  S682                      49.99       0.00       0.00       3.32      12.41      25.06      37.47        0.37   195.13   0.750
  S683                      49.99       0.00       0.00       3.50      10.34      24.20      34.54        0.73   352.98   0.691
  S692                      49.99       0.00       0.00       3.61       9.16      23.62      32.77        0.79   361.65   0.656
  S693                      49.99       0.00       0.00       1.48      30.79       9.50      40.29        1.26   619.70   0.806
  S694                      49.99       0.00       0.00       3.63       8.83      16.31      25.14        2.11   864.70   0.503
  S695                      49.99       0.00       0.00       3.87       6.53      30.45      36.99        0.05    24.95   0.740
  S688                      49.99       0.00       0.00       3.41      11.26      21.73      32.99        1.81   818.56   0.660
  S689                      49.99       0.00       0.00       1.80      27.88      11.85      39.73        0.76   376.03   0.795
  S690                      49.99       0.00       0.00       1.90      26.39      11.03      37.42        1.48   697.97   0.749
  S691                      49.99       0.00       0.00       4.23       2.50      32.33      34.83        0.46   241.15   0.697
  S700                      49.99       0.00       0.00       2.89      16.66      18.05      34.71        0.17    80.64   0.694
  S701                      49.99       0.00       0.00       0.89      36.68       6.20      42.88        0.62   314.34   0.858
  S702                      49.99       0.00       0.00       0.89      36.51       6.12      42.63        0.26   129.11   0.853
  S703                      49.99       0.00       0.00       1.39      31.83       9.11      40.94        1.04   518.19   0.819
  S696                      49.99       0.00       0.00       2.71      18.48      16.27      34.75        1.00   459.95   0.695
  S697                      49.99       0.00       0.00       1.73      29.28      12.92      42.20        0.14    76.09   0.844
  S698                      49.99       0.00       0.00       3.32      12.30      22.76      35.06        0.36   175.06   0.701
  S699                      49.99       0.00       0.00       2.75      18.22      17.33      35.55        0.59   277.68   0.711
  S836                      49.99       0.00       0.00       4.22       2.59      16.30      18.89        5.36  2489.30   0.378
  S837                      49.99       0.00       0.00       3.87       6.16      11.45      17.61        8.14  3444.18   0.352
  S838                      49.99       0.00       0.00       1.87      25.86       9.14      35.00        4.20  1912.41   0.700
  S839                      49.99       0.00       0.00       4.23       2.47      22.92      25.39        1.93   884.75   0.508
  S832                      49.99       0.00       0.00       1.46      27.48       5.52      33.00        7.39  3266.81   0.660
  S833                      49.99       0.00       0.00       0.92      34.83       5.64      40.48        3.80  1836.64   0.810
  S834                      49.99       0.00       0.00       1.21      32.62       7.23      39.85        1.85   893.53   0.797
  S835                      49.99       0.00       0.00       1.58      28.38       7.84      36.23        5.63  2595.38   0.725
  S844                      49.99       0.00       0.00       3.89       6.22      26.11      32.33        1.08   506.42   0.647
  S845                      49.99       0.00       0.00       0.89      37.30       6.49      43.79        0.22   113.73   0.876
  S846                      49.99       0.00       0.00       1.53      28.77       7.54      36.30        3.62  1666.83   0.726
  S847                      49.99       0.00       0.00       2.97      15.53      14.05      29.59        1.65   694.37   0.592
  S840                      49.99       0.00       0.00       4.14       3.36      15.85      19.21        5.11  2301.65   0.384
  S841                      49.99       0.00       0.00       2.93      15.75      11.79      27.54        4.44  1840.82   0.551
  S842                      49.99       0.00       0.00       4.23       2.49      27.44      29.93        1.06   504.32   0.599
  S843                      49.99       0.00       0.00       4.19       2.94      24.85      27.80        1.83   843.86   0.556
  S852                      49.99       0.00       0.00       0.95      34.11       5.52      39.62        2.25  1071.46   0.793
  S853                      49.99       0.00       0.00       1.26      31.19       6.63      37.82        2.47  1155.01   0.757
  S854                      49.99       0.00       0.00       0.89      35.41       5.62      41.03        1.37   671.63   0.821
  S855                      49.99       0.00       0.00       1.36      30.27       6.99      37.26        9.54  4435.85   0.745
  S848                      49.99       0.00       0.00       2.00      25.03      10.49      35.52        0.77   352.85   0.710
  S849                      49.99       0.00       0.00       4.25       2.18      14.42      16.60       14.05  6547.69   0.332
  S850                      49.99       0.00       0.00       3.93       5.67      16.32      21.99        4.14  1771.00   0.440
  
  
  ******************
  Node Depth Summary
  ******************
  
  ---------------------------------------------------------------------------------
                                 Average  Maximum  Maximum  Time of Max    Reported
                                   Depth    Depth      HGL   Occurrence   Max Depth
  Node                 Type       Meters   Meters   Meters  days hr:min      Meters
  ---------------------------------------------------------------------------------
  J1                   JUNCTION     1.52     1.98    32.86     0  00:59        1.95
  J2                   JUNCTION     2.08     2.91    31.37     0  00:59        2.87
  J3                   JUNCTION     2.22     3.08    31.25     0  00:59        3.03
  J4                   JUNCTION     1.95     2.81    30.37     0  00:59        2.74
  J5                   JUNCTION     1.62     2.50    30.60     0  00:15        2.50
  J6                   JUNCTION     2.05     2.58    33.46     0  00:59        2.54
  J7                   JUNCTION     2.35     3.15    31.54     0  00:59        3.10
  J8                   JUNCTION     2.25     3.11    31.16     0  00:59        3.04
  J9                   JUNCTION     1.90     2.60    30.39     0  00:59        2.54
  J10                  JUNCTION     1.64     2.28    30.64     0  00:59        2.27
  J11                  JUNCTION     2.47     4.15    32.81     0  00:59        4.02
  J12                  JUNCTION     0.54     4.40    36.01     0  00:50        1.09
  J13                  JUNCTION     3.95     6.58    38.15     0  00:59        6.31
  J14                  JUNCTION     1.83     2.89    37.72     0  00:59        2.83
  J15                  JUNCTION     2.11     3.39    38.66     0  00:59        3.30
  J16                  JUNCTION     2.07     3.31    42.14     0  00:59        3.24
  J17                  JUNCTION     2.24     3.74    44.41     0  00:59        3.64
  J18                  JUNCTION     2.22     4.01    47.41     0  00:59        3.86
  J19                  JUNCTION     1.78     3.28    51.18     0  00:59        3.22
  J20                  JUNCTION     1.09     3.01    54.79     0  00:41        3.00
  J21                  JUNCTION     0.55     1.04    53.97     0  00:59        1.03
  J22                  JUNCTION     0.80     3.20    55.09     0  00:43        3.20
  J23                  JUNCTION     1.81     2.97    42.02     0  00:59        2.92
  J24                  JUNCTION     2.23     3.71    32.38     0  00:59        3.61
  J25                  JUNCTION     2.05     3.20    31.39     0  00:59        3.13
  J26                  JUNCTION     2.27     3.19    29.66     0  00:59        3.14
  J27                  JUNCTION     1.96     3.15    30.09     0  00:59        3.04
  J28                  JUNCTION     2.10     3.40    29.89     0  00:59        3.29
  J29                  JUNCTION     0.51     0.89    16.31     0  00:59        0.84
  J30                  JUNCTION     2.02     2.95    15.42     0  00:59        2.89
  J31                  JUNCTION     2.09     2.59    11.71     0  00:59        2.54
  J32                  JUNCTION     0.71     2.10    10.95     0  00:33        1.21
  J33                  JUNCTION     1.48     2.26    11.03     0  00:59        2.24
  J34                  JUNCTION     1.86     2.71    10.12     0  00:51        2.71
  J35                  JUNCTION     0.52     0.71     7.98     0  00:35        0.71
  J36                  JUNCTION     0.97     2.20     9.30     0  00:32        1.87
  J37                  JUNCTION     0.69     2.21     8.94     0  00:31        1.26
  J38                  JUNCTION     0.35     0.51     6.51     0  00:45        0.51
  J39                  JUNCTION     1.70     2.69     9.80     0  00:59        2.56
  J40                  JUNCTION     0.62     3.00     9.75     0  00:50        1.73
  J41                  JUNCTION     1.70     2.73    41.22     0  00:59        2.71
  J42                  JUNCTION     2.49     3.49    35.72     0  00:59        3.35
  J43                  JUNCTION     2.27     3.21    37.37     0  00:59        3.11
  J44                  JUNCTION     2.93     4.94    44.68     0  00:59        4.75
  J45                  JUNCTION     2.42     3.94    44.80     0  00:59        3.74
  J46                  JUNCTION     2.43     3.85    44.92     0  00:59        3.65
  J48                  JUNCTION     2.53     3.84    47.21     0  00:59        3.68
  J49                  JUNCTION     2.57     3.90    47.41     0  00:59        3.74
  J50                  JUNCTION     2.57     3.95    51.47     0  00:59        3.79
  J51                  JUNCTION     0.19     0.40    51.63     0  00:59        0.30
  J52                  JUNCTION     2.34     3.52    51.90     0  00:59        3.38
  J53                  JUNCTION     0.74     1.09    75.79     0  00:59        1.03
  J54                  JUNCTION     1.40     2.13    55.83     0  00:59        2.12
  J55                  JUNCTION     1.72     2.61    56.43     0  00:59        2.54
  J56                  JUNCTION     2.02     2.90    52.35     0  00:59        2.79
  J57                  JUNCTION     0.18     0.29    29.03     0  00:42        0.29
  J58                  JUNCTION     0.22     0.35    25.37     0  00:42        0.35
  J59                  JUNCTION     0.64     1.27    25.27     0  00:43        1.23
  J60                  JUNCTION     0.16     0.22    23.11     0  00:32        0.21
  J61                  JUNCTION     0.12     0.17    22.98     0  00:30        0.17
  J62                  JUNCTION     0.20     0.27    22.98     0  00:30        0.27
  J63                  JUNCTION     1.58     2.31    25.43     0  00:59        2.30
  J64                  JUNCTION     1.76     2.34    25.44     0  00:59        2.32
  J65                  JUNCTION     2.10     2.83    25.19     0  00:59        2.80
  J66                  JUNCTION     2.30     3.13    24.80     0  00:59        3.08
  J67                  JUNCTION     2.90     4.29    24.83     0  00:59        4.22
  J68                  JUNCTION     0.44     0.54    13.59     0  00:33        0.54
  J69                  JUNCTION     0.29     0.35    13.11     0  00:30        0.35
  J70                  JUNCTION     0.98     2.12    15.09     0  00:22        1.45
  J71                  JUNCTION     1.99     4.60    20.94     0  00:59        4.18
  J72                  JUNCTION     0.21     0.32    16.72     0  00:35        0.32
  J73                  JUNCTION     0.53     0.85    13.74     0  00:36        0.85
  J74                  JUNCTION     0.75     1.17    13.91     0  00:33        1.11
  J75                  JUNCTION     1.22     2.45    21.54     0  00:59        2.44
  J76                  JUNCTION     1.20     2.46    24.27     0  00:59        2.46
  J77                  JUNCTION     1.14     2.39    31.28     0  00:59        2.37
  J78                  JUNCTION     0.92     1.79    38.27     0  00:59        1.78
  J79                  JUNCTION     4.34    11.32    48.48     0  00:59       10.16
  J80                  JUNCTION     4.39     9.33    36.44     0  00:59        8.64
  J81                  JUNCTION     2.20     3.45    26.84     0  00:59        3.30
  J82                  JUNCTION     2.78     4.25    25.10     0  00:59        4.15
  J83                  JUNCTION     3.81     6.70    28.92     0  00:59        6.47
  J84                  JUNCTION     3.38     6.30    28.93     0  00:59        6.04
  J85                  JUNCTION     2.48     5.00    28.42     0  00:59        4.66
  J86                  JUNCTION     1.41     2.02    25.11     0  00:59        2.00
  J87                  JUNCTION     0.18     0.24    23.05     0  00:45        0.24
  J88                  JUNCTION     0.12     0.17    23.10     0  00:40        0.17
  J89                  JUNCTION     0.32     0.49    24.42     0  00:35        0.49
  J90                  JUNCTION     0.37     0.56    23.45     0  00:31        0.54
  J91                  JUNCTION     0.30     0.42    11.65     0  00:31        0.41
  J92                  JUNCTION     0.30     0.40    11.12     0  00:40        0.40
  J93                  JUNCTION     1.84     3.28    14.41     0  00:59        3.18
  J94                  JUNCTION     1.34     3.28    15.23     0  00:23        3.05
  J95                  JUNCTION     0.91     1.15    11.98     0  00:30        1.15
  J96                  JUNCTION     0.90     1.25    12.34     0  00:35        1.25
  J97                  JUNCTION     0.35     0.49    24.64     0  00:41        0.49
  J98                  JUNCTION     2.86     4.01    29.57     0  00:59        3.90
  J99                  JUNCTION     2.21     3.21    31.12     0  00:59        3.18
  J100                 JUNCTION     3.13     5.23    29.94     0  00:59        4.98
  J101                 JUNCTION     0.42     0.60    25.38     0  00:47        0.59
  J102                 JUNCTION     2.21     3.08    49.14     0  00:59        3.04
  J103                 JUNCTION     1.91     2.89    49.16     0  00:59        2.87
  J104                 JUNCTION     1.62     2.71    52.27     0  00:34        2.71
  J105                 JUNCTION     2.25     3.23    53.05     0  00:59        3.18
  J106                 JUNCTION     2.40     4.01    59.19     0  00:59        3.85
  J107                 JUNCTION     2.13     2.74    58.59     0  00:59        2.70
  J108                 JUNCTION     1.92     3.11    59.49     0  00:59        3.06
  J109                 JUNCTION     1.33     2.46    69.38     0  00:50        2.46
  J110                 JUNCTION     1.45     2.27    69.45     0  00:59        2.24
  J111                 JUNCTION     0.19     0.28    70.10     0  00:45        0.28
  J112                 JUNCTION     0.86     2.10    72.00     0  00:53        2.10
  J113                 JUNCTION     0.26     0.41    70.69     0  00:50        0.41
  J114                 JUNCTION     0.20     0.30    70.51     0  00:40        0.30
  J115                 JUNCTION     0.33     0.50    64.52     0  00:40        0.50
  J116                 JUNCTION     1.57     2.48    66.52     0  00:59        2.47
  J117                 JUNCTION     0.33     0.57    52.95     0  00:47        0.57
  J118                 JUNCTION     2.09     2.60    54.90     0  00:59        2.58
  J119                 JUNCTION     1.94     3.35    47.66     0  00:59        3.29
  J120                 JUNCTION     2.45     3.02    47.19     0  00:59        3.00
  J121                 JUNCTION     1.95     3.30    46.34     0  00:59        3.27
  J122                 JUNCTION     2.28     3.25    45.19     0  00:59        3.23
  J123                 JUNCTION     0.80     1.15    38.12     0  00:59        1.12
  J124                 JUNCTION     2.22     3.51    40.13     0  00:59        3.49
  J125                 JUNCTION     1.77     3.21    33.90     0  00:59        3.20
  J126                 JUNCTION     2.15     3.14    33.78     0  00:59        3.13
  J127                 JUNCTION     2.40     3.46    33.77     0  00:59        3.45
  J128                 JUNCTION     0.31     0.39    23.46     0  00:30        0.39
  J129                 JUNCTION     0.28     0.36    23.72     0  00:30        0.36
  J130                 JUNCTION     2.87     4.24    28.04     0  00:59        4.16
  J131                 JUNCTION     2.59     3.83    29.07     0  00:59        3.77
  J132                 JUNCTION     1.99     3.14    33.53     0  00:59        3.13
  J133                 JUNCTION     2.99     4.29    31.69     0  00:59        4.22
  J134                 JUNCTION     1.82     2.39    31.66     0  00:59        2.37
  J135                 JUNCTION     1.86     2.69    33.63     0  00:59        2.66
  J136                 JUNCTION     2.17     3.02    33.73     0  00:59        3.00
  J137                 JUNCTION     1.93     2.56    33.01     0  00:59        2.52
  J138                 JUNCTION     1.96     2.85    33.01     0  00:59        2.77
  J139                 JUNCTION     1.78     2.55    33.34     0  00:59        2.52
  J140                 JUNCTION     1.46     1.74    31.85     0  00:59        1.70
  J141                 JUNCTION     0.28     0.37    22.58     0  00:35        0.37
  J142                 JUNCTION     1.08     1.69    27.59     0  00:59        1.67
  J143                 JUNCTION     1.08     1.65    27.48     0  00:59        1.63
  J144                 JUNCTION     0.29     0.38    22.77     0  00:35        0.38
  J145                 JUNCTION     2.55     3.39    48.58     0  00:59        3.25
  J146                 JUNCTION     2.10     2.67    45.98     0  00:59        2.62
  J147                 JUNCTION     1.71     2.13    44.84     0  00:59        2.11
  J148                 JUNCTION     0.30     0.35    38.13     0  00:35        0.35
  J149                 JUNCTION     1.24     1.95    39.48     0  00:59        1.93
  J150                 JUNCTION     1.43     2.28    39.07     0  00:59        2.25
  J151                 JUNCTION     1.39     2.16    38.68     0  00:59        2.13
  J152                 JUNCTION     1.13     2.42    33.84     0  00:59        2.24
  J153                 JUNCTION     1.72     3.31    33.57     0  00:59        3.13
  J154                 JUNCTION     2.70     4.22    27.90     0  00:59        4.10
  J155                 JUNCTION     0.59     3.00    36.88     0  00:43        1.19
  J156                 JUNCTION     0.71     1.08    38.09     0  00:59        1.07
  J157                 JUNCTION     0.84     1.25    38.33     0  00:59        1.23
  J158                 JUNCTION     0.94     1.33    37.98     0  00:48        1.33
  J159                 JUNCTION     0.83     1.22    37.62     0  00:37        1.22
  J160                 JUNCTION     1.09     2.30    34.49     0  00:33        2.30
  J161                 JUNCTION     1.65     2.83    31.19     0  00:59        2.75
  J162                 JUNCTION     2.41     3.76    27.41     0  00:59        3.66
  J163                 JUNCTION     2.13     3.30    25.72     0  00:58        3.24
  J164                 JUNCTION     1.48     2.90    25.28     0  00:17        2.25
  J165                 JUNCTION     2.12     3.18    25.58     0  00:59        3.15
  J166                 JUNCTION     1.55     2.32    24.61     0  00:59        2.30
  J167                 JUNCTION     0.29     0.42    23.36     0  00:32        0.42
  J168                 JUNCTION     1.19     2.70    27.88     0  00:35        2.70
  J169                 JUNCTION     0.41     0.65    25.35     0  00:32        0.63
  J170                 JUNCTION     0.36     0.55    27.99     0  00:32        0.55
  J171                 JUNCTION     0.43     2.40    29.88     0  00:36        2.40
  J172                 JUNCTION     0.26     0.38    29.84     0  00:31        0.38
  J173                 JUNCTION     0.18     0.26    29.79     0  00:31        0.25
  J174                 JUNCTION     0.48     0.74    30.39     0  00:36        0.73
  J175                 JUNCTION     1.82     2.70    30.25     0  00:59        2.68
  J176                 JUNCTION     2.36     3.39    27.55     0  00:59        3.35
  J177                 JUNCTION     2.57     3.81    25.61     0  00:59        3.74
  J178                 JUNCTION     2.38     3.44    22.41     0  00:59        3.38
  J179                 JUNCTION     0.39     0.47    17.44     0  00:35        0.47
  J180                 JUNCTION     0.52     1.70    31.03     0  00:32        0.81
  J181                 JUNCTION     0.26     0.39    29.66     0  00:30        0.38
  J182                 JUNCTION     0.50     2.30    31.37     0  00:32        2.30
  J183                 JUNCTION     0.33     0.50    29.07     0  00:31        0.49
  J184                 JUNCTION     0.75     2.40    29.83     0  00:32        2.40
  J185                 JUNCTION     0.36     0.55    27.50     0  00:31        0.54
  J186                 JUNCTION     1.56     2.65    26.83     0  00:44        2.65
  J187                 JUNCTION     0.55     0.84    24.37     0  00:41        0.84
  J188                 JUNCTION     1.73     2.73    21.37     0  00:46        2.73
  J189                 JUNCTION     1.36     2.05    18.97     0  00:55        2.05
  J190                 JUNCTION     0.95     2.80    19.61     0  00:35        2.80
  J191                 JUNCTION     0.18     0.23    15.78     0  00:30        0.23
  J192                 JUNCTION     1.39     2.50    17.89     0  00:28        2.50
  J193                 JUNCTION     0.51     0.79    14.51     0  00:28        0.68
  J194                 JUNCTION     0.31     0.43    14.14     0  00:28        0.42
  J195                 JUNCTION     0.93     2.08    13.61     0  00:24        1.64
  J196                 JUNCTION     0.31     0.48    13.87     0  00:56        0.48
  J197                 JUNCTION     2.49     3.08    15.72     0  00:59        3.06
  J198                 JUNCTION     1.09     1.78    14.38     0  00:59        1.69
  J199                 JUNCTION     2.33     3.00    15.83     0  00:59        2.95
  J200                 JUNCTION     2.85     4.46    17.35     0  00:59        4.27
  J201                 JUNCTION     3.84     5.86    19.34     0  00:59        5.73
  J202                 JUNCTION     2.34     3.05    21.52     0  00:59        3.02
  J203                 JUNCTION     2.19     3.16    22.11     0  00:59        3.12
  J204                 JUNCTION     2.93     4.32    26.30     0  00:59        4.32
  J205                 JUNCTION     2.27     3.90    25.86     0  00:29        3.90
  J206                 JUNCTION     3.06     4.33    25.22     0  00:59        4.31
  J207                 JUNCTION     2.36     3.90    25.02     0  00:30        3.90
  J208                 JUNCTION     1.95     2.81    24.32     0  00:59        2.74
  J209                 JUNCTION     2.22     3.22    25.14     0  00:59        3.14
  J210                 JUNCTION     0.39     0.65    25.94     0  00:35        0.65
  J211                 JUNCTION     1.28     2.13    27.13     0  00:59        2.12
  J212                 JUNCTION     0.29     0.41    27.00     0  00:30        0.40
  J213                 JUNCTION     0.53     0.84    27.46     0  00:59        0.84
  J214                 JUNCTION     0.38     0.57    30.84     0  00:33        0.57
  J215                 JUNCTION     0.29     0.40    31.28     0  00:31        0.40
  J216                 JUNCTION     0.83     2.30    28.71     0  00:30        2.30
  J217                 JUNCTION     0.53     0.82    28.27     0  00:41        0.82
  J218                 JUNCTION     1.46     2.40    24.91     0  00:59        2.33
  J219                 JUNCTION     1.50     2.57    24.83     0  00:59        2.48
  J220                 JUNCTION     1.80     2.86    12.22     0  00:59        2.78
  J221                 JUNCTION     1.12     1.55     8.64     0  00:59        1.52
  J222                 JUNCTION     1.00     1.45     6.39     0  00:59        1.39
  J223                 JUNCTION     1.49     2.04     6.73     0  00:59        1.98
  J224                 JUNCTION     1.15     1.90     7.23     0  00:59        1.83
  J225                 JUNCTION     1.63     2.37     7.73     0  00:59        2.33
  J226                 JUNCTION     3.60     4.72     9.71     0  00:59        4.66
  J227                 JUNCTION     3.03     4.39     9.44     0  00:59        4.34
  J228                 JUNCTION     2.47     3.84     9.51     0  00:59        3.78
  J229                 JUNCTION     3.05     4.08     9.71     0  00:59        4.02
  J230                 JUNCTION     2.52     3.55     9.10     0  00:59        3.45
  J231                 JUNCTION     2.08     3.90     9.51     0  00:59        3.83
  J232                 JUNCTION     1.79     2.60     8.23     0  00:59        2.56
  J233                 JUNCTION     1.23     1.95     7.52     0  00:59        1.87
  J234                 JUNCTION     1.80     2.59     8.05     0  00:59        2.54
  J235                 JUNCTION     1.45     2.02     7.69     0  00:59        1.98
  J236                 JUNCTION     1.53     2.13     7.68     0  00:59        2.08
  J237                 JUNCTION     1.67     2.53     8.37     0  00:14        2.51
  J238                 JUNCTION     1.16     3.00     8.87     0  00:32        3.00
  J239                 JUNCTION     1.45     3.10     8.67     0  00:59        3.10
  J240                 JUNCTION     2.31     3.20     8.49     0  00:13        3.20
  J241                 JUNCTION     1.92     3.40     8.47     0  00:10        3.40
  J242                 JUNCTION     2.32     3.06     7.73     0  00:59        3.02
  J243                 JUNCTION     2.32     3.04     8.05     0  00:59        3.02
  J244                 JUNCTION     1.72     2.50     7.87     0  00:59        2.47
  J245                 JUNCTION     1.94     2.57     7.36     0  00:59        2.53
  J246                 JUNCTION     1.83     2.31     7.24     0  00:59        2.27
  J247                 JUNCTION     2.10     2.86     8.44     0  00:59        2.82
  J248                 JUNCTION     1.86     2.72     8.54     0  00:59        2.71
  J249                 JUNCTION     1.75     2.53     8.47     0  00:59        2.49
  J250                 JUNCTION     1.74     2.56     8.41     0  00:59        2.51
  J251                 JUNCTION     1.78     2.24     7.61     0  00:59        2.21
  J252                 JUNCTION     0.83     1.03     6.68     0  00:59        1.01
  J253                 JUNCTION     2.22     3.37     9.34     0  00:59        3.35
  J254                 JUNCTION     2.15     2.99     9.19     0  00:59        2.97
  J255                 JUNCTION     2.43     3.36     8.51     0  00:59        3.30
  J256                 JUNCTION     2.32     3.23     7.65     0  00:59        3.15
  J257                 JUNCTION     2.31     3.23     7.55     0  00:59        3.14
  J258                 JUNCTION     1.76     2.64     7.32     0  00:59        2.54
  J259                 JUNCTION     2.32     3.24     7.90     0  00:59        3.16
  J260                 JUNCTION     1.51     2.37     7.28     0  00:59        2.28
  J261                 JUNCTION     2.11     2.65     9.12     0  00:59        2.62
  J262                 JUNCTION     1.89     2.74     9.36     0  00:59        2.65
  J263                 JUNCTION     2.07     2.84     9.63     0  00:59        2.79
  J264                 JUNCTION     1.50     2.18     8.69     0  00:59        2.12
  J265                 JUNCTION     1.29     1.85     9.02     0  00:59        1.83
  J266                 JUNCTION     2.34     2.90     9.85     0  00:59        2.89
  J267                 JUNCTION     3.01     3.68     9.24     0  00:59        3.64
  J268                 JUNCTION     3.47     4.03     9.44     0  00:59        4.01
  J269                 JUNCTION     2.31     3.24    10.68     0  00:59        3.16
  J270                 JUNCTION     2.24     3.14    10.67     0  00:59        3.07
  J271                 JUNCTION     1.30     1.82     9.25     0  00:59        1.82
  J272                 JUNCTION     1.84     2.52     8.91     0  00:59        2.48
  J273                 JUNCTION     1.95     2.71     8.90     0  00:59        2.66
  J274                 JUNCTION     2.00     2.66     8.04     0  00:59        2.59
  J275                 JUNCTION     2.13     2.80     8.07     0  00:59        2.72
  J276                 JUNCTION     2.35     3.40     9.27     0  00:59        3.29
  J277                 JUNCTION     3.14     4.11    10.50     0  00:59        4.06
  J278                 JUNCTION     3.19     4.14     9.49     0  00:59        4.07
  J279                 JUNCTION     3.13     3.90     9.09     0  00:59        3.86
  J280                 JUNCTION     2.48     4.40    10.25     0  00:09        4.40
  J281                 JUNCTION     0.35     0.47     6.66     0  00:30        0.46
  J282                 JUNCTION     1.40     2.13     8.51     0  00:59        2.12
  J283                 JUNCTION     1.73     2.70     8.56     0  00:23        2.54
  J284                 JUNCTION     0.85     1.70     8.73     0  00:23        1.37
  J285                 JUNCTION     3.06     4.30    10.58     0  00:12        4.30
  J286                 JUNCTION     2.48     3.16     9.77     0  00:59        3.12
  J287                 JUNCTION     2.90     3.72     9.81     0  00:59        3.68
  J288                 JUNCTION     0.33     0.41     5.67     0  00:30        0.41
  J289                 JUNCTION     1.90     2.36     8.28     0  00:59        2.34
  J290                 JUNCTION     1.98     2.57     9.00     0  00:59        2.54
  J291                 JUNCTION     1.73     2.26     9.41     0  00:59        2.24
  J292                 JUNCTION     1.62     2.13     9.42     0  00:59        2.11
  J293                 JUNCTION     1.92     2.50     9.01     0  00:59        2.47
  J294                 JUNCTION     1.44     2.07     9.33     0  00:59        2.05
  J295                 JUNCTION     1.71     2.60     9.11     0  00:16        2.51
  J296                 JUNCTION     1.58     2.43     9.05     0  00:59        2.37
  J297                 JUNCTION     0.71     0.91     6.54     0  00:48        0.90
  J298                 JUNCTION     0.70     0.93     6.58     0  00:27        0.88
  J299                 JUNCTION     0.27     0.36     5.75     0  00:30        0.36
  J300                 JUNCTION     0.90     1.80     6.94     0  00:10        1.33
  J301                 JUNCTION     1.71     2.28     6.51     0  00:59        2.23
  J302                 JUNCTION     3.56     4.53    13.86     0  00:59        4.45
  J303                 JUNCTION     2.00     4.80    16.13     0  00:11        2.95
  J304                 JUNCTION     1.18     2.13    14.27     0  00:59        1.99
  J305                 JUNCTION     1.95     5.80    18.29     0  00:12        3.17
  J306                 JUNCTION     2.52     3.99    16.21     0  00:59        3.82
  J307                 JUNCTION     2.27     3.68    16.18     0  00:59        3.55
  J308                 JUNCTION     3.22     4.59    16.51     0  00:59        4.51
  J309                 JUNCTION     3.24     4.59    16.27     0  00:59        4.52
  J310                 JUNCTION     2.98     4.34    16.27     0  00:59        4.26
  J311                 JUNCTION     2.87     4.18    16.27     0  00:59        4.09
  J312                 JUNCTION     2.53     3.84    16.25     0  00:59        3.74
  J313                 JUNCTION     2.54     3.82    16.69     0  00:59        3.81
  J314                 JUNCTION     1.81     2.94    16.19     0  00:59        2.86
  J315                 JUNCTION     1.51     2.70    16.36     0  00:14        2.49
  J316                 JUNCTION     1.64     2.80    15.68     0  00:59        2.65
  J317                 JUNCTION     3.35     6.24    18.98     0  00:59        6.03
  J318                 JUNCTION     2.17     3.47    15.78     0  00:59        3.30
  J319                 JUNCTION     1.52     2.39    14.56     0  00:59        2.37
  J320                 JUNCTION     0.58     0.75    11.37     0  00:45        0.75
  J321                 JUNCTION     0.20     0.28    10.93     0  00:45        0.28
  J322                 JUNCTION     0.68     1.37    11.86     0  00:24        0.97
  J323                 JUNCTION     2.04     3.18    14.32     0  00:59        3.13
  J324                 JUNCTION     1.99     3.18    14.28     0  00:59        3.17
  J325                 JUNCTION     1.34     1.90    12.37     0  00:40        1.90
  J326                 JUNCTION     2.65     3.83    15.05     0  00:59        3.73
  J327                 JUNCTION     2.65     3.96    15.30     0  00:59        3.84
  J328                 JUNCTION     2.64     4.12    20.56     0  00:59        4.10
  J329                 JUNCTION     3.55     5.58    22.59     0  00:59        5.55
  J330                 JUNCTION     4.28     6.70    26.45     0  00:55        6.70
  J331                 JUNCTION     3.93     6.79    26.49     0  00:59        6.78
  J332                 JUNCTION     5.26     7.17    26.98     0  00:59        7.12
  J333                 JUNCTION     4.00     5.29    25.13     0  00:59        5.20
  J334                 JUNCTION     2.71     3.59    29.55     0  00:59        3.56
  J335                 JUNCTION     2.51     3.55    29.58     0  00:59        3.53
  J336                 JUNCTION     3.09     4.48    35.80     0  00:59        4.45
  J337                 JUNCTION     0.29     0.42    31.72     0  00:34        0.42
  J338                 JUNCTION     3.03     4.36    35.83     0  00:59        4.33
  J339                 JUNCTION     3.19     4.72    36.16     0  00:59        4.68
  J340                 JUNCTION     2.63     4.04    43.01     0  00:59        4.03
  J341                 JUNCTION     1.94     3.65    42.61     0  00:59        3.64
  J342                 JUNCTION     0.80     4.10    46.96     0  00:25        4.10
  J343                 JUNCTION     0.30     0.50    43.27     0  00:40        0.50
  J344                 JUNCTION     3.16     5.19    48.17     0  00:59        5.02
  J345                 JUNCTION     3.38     5.03    48.03     0  00:59        4.95
  J346                 JUNCTION     2.89     5.47    56.10     0  00:59        5.32
  J347                 JUNCTION     0.43     0.68    51.58     0  00:39        0.68
  J348                 JUNCTION     0.53     3.90    58.31     0  00:59        3.90
  J349                 JUNCTION     0.12     0.18    54.74     0  00:40        0.18
  J350                 JUNCTION     1.12     1.47    16.69     0  00:59        1.43
  J351                 JUNCTION     2.40     4.26    19.36     0  00:59        3.96
  J352                 JUNCTION     1.35     2.43    18.06     0  00:59        2.22
  J353                 JUNCTION     0.90     1.26    16.73     0  00:59        1.22
  J354                 JUNCTION     1.23     2.22    17.92     0  00:59        2.02
  J355                 JUNCTION     1.94     3.17    19.31     0  00:59        3.06
  J356                 JUNCTION     0.42     0.73    16.91     0  00:59        0.71
  J357                 JUNCTION     0.62     1.46    19.03     0  00:59        1.34
  J358                 JUNCTION     0.15     0.23    17.74     0  00:33        0.23
  J359                 JUNCTION     2.86     3.33    20.73     0  00:59        3.30
  J360                 JUNCTION     1.61     2.12    19.95     0  00:59        2.07
  J361                 JUNCTION     1.36     2.40    21.87     0  00:09        2.40
  J362                 JUNCTION     1.21     2.60    22.94     0  00:51        2.60
  J363                 JUNCTION     1.19     2.50    22.75     0  00:51        2.50
  J364                 JUNCTION     1.19     2.60    22.98     0  00:25        2.60
  J365                 JUNCTION     1.98     3.01    24.30     0  00:59        3.01
  J366                 JUNCTION     1.93     2.81    24.03     0  00:59        2.81
  J367                 JUNCTION     2.26     3.53    25.15     0  00:59        3.45
  J368                 JUNCTION     1.42     2.14    24.46     0  00:59        2.10
  J369                 JUNCTION     0.14     0.20    26.58     0  00:30        0.20
  J370                 JUNCTION     0.76     1.70    28.20     0  00:48        1.70
  J371                 JUNCTION     0.89     1.73    28.56     0  00:39        1.73
  J372                 JUNCTION     1.84     2.47    29.47     0  00:59        2.44
  J373                 JUNCTION     1.14     1.51    28.22     0  00:59        1.51
  J374                 JUNCTION     1.03     1.80    28.46     0  00:17        1.80
  J375                 JUNCTION     1.03     1.87    28.81     0  00:59        1.83
  J376                 JUNCTION     1.57     2.50    29.74     0  00:57        2.50
  J377                 JUNCTION     1.64     2.56    28.80     0  00:59        2.54
  J378                 JUNCTION     2.61     3.45    28.38     0  00:59        3.41
  J379                 JUNCTION     2.26     3.55    22.05     0  00:59        3.52
  J380                 JUNCTION     2.09     3.39    21.86     0  00:59        3.36
  J381                 JUNCTION     1.73     2.31    28.05     0  00:59        2.30
  J382                 JUNCTION     1.92     2.48    28.18     0  00:59        2.45
  J383                 JUNCTION     2.43     3.23    27.26     0  00:59        3.17
  J384                 JUNCTION     2.30     2.85    26.69     0  00:59        2.82
  J385                 JUNCTION     3.43     5.15    28.97     0  00:59        5.09
  J386                 JUNCTION     2.49     4.25    29.27     0  00:13        4.25
  J387                 JUNCTION     1.20     2.03    27.74     0  00:52        1.99
  J388                 JUNCTION     0.87     1.04    26.11     0  00:51        1.04
  J389                 JUNCTION     0.37     0.48    25.88     0  00:36        0.48
  J390                 JUNCTION     0.58     0.81    25.69     0  00:37        0.80
  J391                 JUNCTION     0.27     0.40    25.04     0  00:32        0.40
  J392                 JUNCTION     0.45     0.75    25.35     0  00:40        0.75
  J393                 JUNCTION     0.33     0.50    24.32     0  00:40        0.50
  J394                 JUNCTION     0.79     3.10    26.87     0  00:29        1.29
  J395                 JUNCTION     0.26     0.41    29.67     0  00:39        0.41
  J396                 JUNCTION     0.69     1.03    30.37     0  00:59        1.00
  J397                 JUNCTION     2.38     4.42    24.39     0  00:59        4.30
  J398                 JUNCTION     1.29     2.17    22.25     0  00:59        2.08
  J399                 JUNCTION     4.14     7.22    24.31     0  00:59        7.12
  J400                 JUNCTION     3.49     4.72    21.94     0  00:59        4.67
  J401                 JUNCTION     3.29     4.67    22.09     0  00:59        4.58
  J402                 JUNCTION     0.27     0.42    17.35     0  00:33        0.42
  J403                 JUNCTION     0.14     0.19    16.49     0  00:35        0.19
  J404                 JUNCTION     0.13     0.17    16.40     0  00:40        0.17
  J405                 JUNCTION     0.36     0.51    17.26     0  00:31        0.50
  J406                 JUNCTION     0.25     0.37    20.71     0  00:36        0.37
  J407                 JUNCTION     0.24     0.35    20.75     0  00:33        0.35
  J408                 JUNCTION     2.43     4.90    21.19     0  00:21        4.90
  J409                 JUNCTION     0.73     5.00    20.51     0  00:33        1.32
  J410                 JUNCTION     4.06     5.38    21.18     0  00:59        5.34
  J411                 JUNCTION     3.98     5.68    20.52     0  00:59        5.56
  J412                 JUNCTION     2.61     4.16    18.47     0  00:59        3.97
  J413                 JUNCTION     1.61     2.62    16.87     0  00:57        2.61
  J414                 JUNCTION     2.23     3.76    18.11     0  00:59        3.67
  J415                 JUNCTION     2.17     3.71    18.03     0  00:59        3.58
  J416                 JUNCTION     2.05     3.34    18.10     0  00:59        3.28
  J417                 JUNCTION     2.50     3.84    18.12     0  00:59        3.76
  J418                 JUNCTION     0.47     2.10    16.11     0  00:31        0.79
  J419                 JUNCTION     0.44     0.74    14.73     0  00:32        0.69
  J420                 JUNCTION     0.52     0.75    13.78     0  00:31        0.74
  J421                 JUNCTION     0.51     0.73    13.66     0  00:31        0.72
  J422                 JUNCTION     0.91     1.17    14.05     0  00:30        1.17
  J423                 JUNCTION     0.56     0.82    13.63     0  00:36        0.81
  J424                 JUNCTION     1.39     2.09    18.06     0  00:59        2.05
  J425                 JUNCTION     0.30     0.47    16.47     0  00:35        0.47
  J426                 JUNCTION     2.77     4.10    18.69     0  00:24        4.10
  J427                 JUNCTION     3.13     4.54    18.68     0  00:59        4.49
  J428                 JUNCTION     0.12     0.17    14.07     0  00:31        0.17
  J429                 JUNCTION     0.38     0.58    13.63     0  00:31        0.57
  J430                 JUNCTION     0.65     0.96    13.07     0  00:58        0.96
  J431                 JUNCTION     1.42     2.41    11.21     0  00:59        2.27
  J432                 JUNCTION     0.36     0.54    12.49     0  00:31        0.53
  J433                 JUNCTION     1.19     1.72    10.20     0  00:59        1.66
  J434                 JUNCTION     3.76     6.04    18.82     0  00:59        5.91
  J435                 JUNCTION     4.79     8.18    18.82     0  00:59        8.02
  J436                 JUNCTION     0.64     0.90    12.43     0  00:59        0.89
  J437                 JUNCTION     1.17     1.81    12.05     0  00:59        1.73
  J438                 JUNCTION     0.87     1.22     5.44     0  00:59        1.18
  J439                 JUNCTION     0.87     1.11     5.12     0  00:59        1.08
  J440                 JUNCTION     0.36     0.55     4.64     0  00:31        0.54
  J441                 JUNCTION     0.41     0.65     5.10     0  00:31        0.63
  J442                 JUNCTION     0.94     2.00     6.16     0  00:10        2.00
  J443                 JUNCTION     0.85     1.09     5.12     0  00:59        1.06
  J444                 JUNCTION     0.21     0.31     6.86     0  00:31        0.30
  J445                 JUNCTION     0.33     0.50     6.68     0  00:30        0.50
  J446                 JUNCTION     1.24     2.53    10.20     0  00:36        2.53
  J447                 JUNCTION     1.24     2.52    10.22     0  00:39        2.52
  J448                 JUNCTION     0.83     2.10     9.04     0  00:32        1.44
  J449                 JUNCTION     1.42     2.80     9.63     0  00:31        2.80
  J450                 JUNCTION     0.68     2.90     9.64     0  00:36        1.11
  J451                 JUNCTION     0.43     0.59     7.04     0  00:31        0.59
  J452                 JUNCTION     0.37     0.53     6.87     0  00:30        0.52
  J453                 JUNCTION     0.52     0.72     7.10     0  00:30        0.72
  J454                 JUNCTION     2.09     2.72     8.64     0  00:45        2.72
  J455                 JUNCTION     0.22     0.30    14.41     0  00:47        0.30
  J456                 JUNCTION     0.72     1.60    15.71     0  00:34        1.60
  J457                 JUNCTION     0.34     0.48    13.86     0  00:35        0.48
  J458                 JUNCTION     0.94     1.72    15.11     0  00:59        1.72
  J459                 JUNCTION     0.39     0.49    10.18     0  00:31        0.49
  J460                 JUNCTION     1.99     2.64    12.40     0  00:59        2.62
  J461                 JUNCTION     2.73     4.30    38.18     0  00:59        4.21
  J462                 JUNCTION     2.19     3.08    38.83     0  00:59        3.05
  J463                 JUNCTION     2.16     3.66    38.19     0  00:59        3.57
  J464                 JUNCTION     0.54     0.72    34.22     0  00:34        0.72
  J465                 JUNCTION     0.86     1.24    38.06     0  00:59        1.19
  J466                 JUNCTION     0.60     0.91    38.94     0  00:59        0.90
  J467                 JUNCTION     0.10     0.16    38.22     0  00:32        0.15
  J468                 JUNCTION     0.20     0.26    31.31     0  00:39        0.26
  J469                 JUNCTION     0.69     0.95    32.06     0  00:31        0.94
  J470                 JUNCTION     0.38     0.51    31.93     0  00:31        0.51
  J471                 JUNCTION     0.79     1.17    32.60     0  00:31        1.06
  J472                 JUNCTION     2.45     4.31    41.16     0  00:44        4.31
  J473                 JUNCTION     0.35     0.44    37.36     0  00:30        0.44
  J474                 JUNCTION     2.25     4.40    41.49     0  00:29        4.08
  J475                 JUNCTION     2.55     3.87    43.21     0  00:59        3.87
  J476                 JUNCTION     2.26     3.30    41.60     0  00:59        3.25
  J477                 JUNCTION     1.87     3.17    41.46     0  00:59        3.13
  J478                 JUNCTION     2.03     3.83    47.68     0  00:57        3.83
  J479                 JUNCTION     0.30     0.45    44.79     0  00:32        0.44
  J480                 JUNCTION     3.83     5.58    49.90     0  00:59        5.42
  J481                 JUNCTION     0.36     0.52    58.27     0  00:35        0.52
  J482                 JUNCTION     1.79     2.85    60.61     0  00:59        2.84
  J483                 JUNCTION     0.20     0.30    60.61     0  00:35        0.30
  J484                 JUNCTION     1.75     2.73    62.96     0  00:59        2.69
  J485                 JUNCTION     1.71     2.70    46.29     0  00:59        2.70
  J486                 JUNCTION     1.82     2.80    46.35     0  00:12        2.80
  J487                 JUNCTION     3.14     4.11    45.95     0  00:59        4.06
  J488                 JUNCTION     3.15     4.41    46.08     0  00:59        4.36
  J489                 JUNCTION     2.43     3.48    47.96     0  00:59        3.47
  J490                 JUNCTION     2.54     3.39    47.19     0  00:59        3.38
  J491                 JUNCTION     0.21     0.29    44.16     0  00:31        0.29
  J492                 JUNCTION     2.62     3.96    47.80     0  00:59        3.86
  J493                 JUNCTION     0.23     0.33    46.29     0  00:30        0.33
  J494                 JUNCTION     2.28     3.45    49.42     0  00:59        3.32
  J495                 JUNCTION     0.29     0.42    46.38     0  00:33        0.42
  J496                 JUNCTION     1.83     2.91    48.88     0  00:53        2.91
  J497                 JUNCTION     0.58     0.89    45.70     0  00:36        0.89
  J498                 JUNCTION     2.50     3.73    48.54     0  00:59        3.69
  J499                 JUNCTION     0.11     0.17    44.18     0  00:35        0.17
  J500                 JUNCTION     1.69     2.62    46.69     0  00:42        2.62
  J501                 JUNCTION     0.62     3.00    46.98     0  00:39        3.00
  J502                 JUNCTION     2.84     4.88    49.07     0  00:59        4.59
  J503                 JUNCTION     3.71     6.22    50.44     0  00:59        5.89
  J504                 JUNCTION     1.28     2.07    54.34     0  00:59        2.06
  J505                 JUNCTION     1.17     1.83    54.08     0  00:53        1.83
  J506                 JUNCTION     1.32     2.30    53.87     0  00:28        2.30
  J507                 JUNCTION     0.89     2.40    53.99     0  00:30        2.40
  J508                 JUNCTION     2.67     4.26    48.45     0  00:59        4.14
  J509                 JUNCTION     2.04     3.70    43.81     0  00:59        3.67
  J510                 JUNCTION     0.35     0.48    40.21     0  00:39        0.48
  J511                 JUNCTION     0.25     0.36    35.95     0  00:39        0.36
  J512                 JUNCTION     0.17     0.26    35.16     0  00:40        0.26
  J513                 JUNCTION     0.36     0.58    35.50     0  00:40        0.58
  J514                 JUNCTION     1.22     2.70    36.47     0  00:12        1.61
  J515                 JUNCTION     1.31     2.60    36.36     0  00:15        1.75
  J516                 JUNCTION     0.21     0.32    34.08     0  00:35        0.32
  J517                 JUNCTION     0.20     0.28    33.97     0  00:30        0.28
  J518                 JUNCTION     0.60     0.77    33.66     0  00:35        0.77
  J519                 JUNCTION     0.59     0.76    33.67     0  00:35        0.76
  J520                 JUNCTION     0.49     1.80    34.53     0  00:42        0.83
  J521                 JUNCTION     0.30     0.42    33.14     0  00:35        0.42
  J522                 JUNCTION     0.49     2.00    32.65     0  00:45        0.91
  J523                 JUNCTION     1.31     2.10    32.74     0  00:59        2.06
  J524                 JUNCTION     2.00     3.15    33.94     0  00:59        2.99
  J525                 JUNCTION     1.46     2.28    39.80     0  00:59        2.26
  J526                 JUNCTION     1.03     1.78    30.84     0  00:59        1.70
  J527                 JUNCTION     2.17     3.43    32.58     0  00:59        3.41
  J528                 JUNCTION     2.28     3.53    32.61     0  00:59        3.51
  J529                 JUNCTION     0.32     0.45    41.15     0  00:31        0.44
  J530                 JUNCTION     0.47     0.72    41.41     0  00:33        0.71
  J531                 JUNCTION     2.16     3.07    31.94     0  00:59        3.05
  J532                 JUNCTION     2.41     3.71    32.58     0  00:59        3.69
  J533                 JUNCTION     1.17     1.81    31.94     0  00:59        1.77
  J534                 JUNCTION     1.41     2.38    32.47     0  00:59        2.33
  J535                 JUNCTION     1.04     1.62    30.19     0  00:59        1.55
  J536                 JUNCTION     2.32     3.71    32.25     0  00:59        3.64
  J537                 JUNCTION     1.31     2.18    32.08     0  00:59        2.12
  J538                 JUNCTION     1.40     2.21    32.09     0  00:59        2.20
  J539                 JUNCTION     0.40     0.77    32.12     0  00:59        0.71
  J540                 JUNCTION     0.53     2.10    33.47     0  00:27        0.84
  J541                 JUNCTION     0.05     0.07    31.39     0  00:33        0.07
  J542                 JUNCTION     0.26     0.39    31.49     0  00:35        0.39
  J543                 JUNCTION     1.53     2.42    33.67     0  00:59        2.41
  J544                 JUNCTION     1.45     2.31    33.55     0  00:59        2.30
  J545                 JUNCTION     1.95     2.99    33.35     0  00:59        2.94
  J546                 JUNCTION     2.00     3.10    33.54     0  00:59        3.05
  J547                 JUNCTION     0.24     0.38    26.29     0  00:36        0.37
  J548                 JUNCTION     0.65     2.30    28.03     0  00:51        2.30
  J549                 JUNCTION     2.24     3.51    24.20     0  00:59        3.41
  J550                 JUNCTION     4.02     5.38    25.95     0  00:59        5.29
  J551                 JUNCTION     3.01     4.07    25.73     0  00:59        3.99
  J552                 JUNCTION     0.77     1.80    22.32     0  00:46        1.80
  J553                 JUNCTION     0.29     0.43    21.44     0  00:35        0.43
  J554                 JUNCTION     0.25     0.36    24.27     0  00:32        0.35
  J555                 JUNCTION     0.18     0.27    24.30     0  00:30        0.27
  J556                 JUNCTION     1.96     3.19    24.19     0  00:59        3.08
  J557                 JUNCTION     1.92     3.13    24.19     0  00:59        3.02
  J558                 JUNCTION     1.90     3.09    24.19     0  00:59        2.98
  J559                 JUNCTION     0.83     1.57    24.25     0  00:59        1.47
  J560                 JUNCTION     0.68     1.07    24.33     0  00:59        1.04
  J561                 JUNCTION     0.67     1.18    25.52     0  00:59        1.15
  J562                 JUNCTION     0.27     0.38    24.69     0  00:32        0.38
  J563                 JUNCTION     0.61     1.03    25.79     0  00:59        1.01
  J564                 JUNCTION     0.62     1.07    27.57     0  00:59        1.06
  J565                 JUNCTION     0.71     1.24    27.71     0  00:59        1.20
  J566                 JUNCTION     0.96     1.61    27.72     0  00:59        1.54
  J567                 JUNCTION     0.92     2.05    28.22     0  00:18        1.49
  J568                 JUNCTION     0.30     0.74    27.74     0  00:59        0.67
  J569                 JUNCTION     0.36     0.54    27.68     0  00:52        0.54
  J570                 JUNCTION     0.26     0.36    30.90     0  00:33        0.36
  J571                 JUNCTION     0.24     0.36    30.82     0  00:32        0.35
  J572                 JUNCTION     0.22     0.31    31.73     0  00:32        0.31
  J573                 JUNCTION     0.26     0.39    31.77     0  00:31        0.38
  J574                 JUNCTION     0.20     0.30    30.94     0  00:35        0.30
  J575                 JUNCTION     0.15     0.22    30.82     0  00:33        0.22
  J576                 JUNCTION     1.32     2.21    33.02     0  00:59        2.15
  J577                 JUNCTION     0.76     1.15    25.47     0  00:59        1.13
  J578                 JUNCTION     0.90     2.20    23.68     0  00:16        1.27
  J579                 JUNCTION     0.76     1.63    23.08     0  00:16        1.01
  J580                 JUNCTION     0.41     0.57    21.85     0  00:31        0.57
  J581                 JUNCTION     0.32     0.45    22.27     0  00:31        0.45
  J582                 JUNCTION     0.39     0.56    22.16     0  00:33        0.56
  J583                 JUNCTION     0.72     1.06    24.29     0  00:31        1.04
  J584                 JUNCTION     0.53     0.76    26.12     0  00:32        0.75
  J585                 JUNCTION     2.51     3.41    27.76     0  00:59        3.36
  J586                 JUNCTION     2.65     3.57    27.76     0  00:59        3.52
  J587                 JUNCTION     1.61     2.80    28.34     0  00:12        2.23
  J588                 JUNCTION     1.47     2.13    27.82     0  00:59        2.09
  J589                 JUNCTION     1.09     2.38    28.56     0  00:13        1.61
  J590                 JUNCTION     1.07     1.63    27.83     0  00:59        1.58
  J591                 JUNCTION     0.79     1.24    26.99     0  00:59        1.21
  J592                 JUNCTION     0.68     1.04    29.94     0  00:59        1.04
  J593                 JUNCTION     0.36     0.55    26.37     0  00:34        0.55
  J594                 JUNCTION     0.62     1.24    28.18     0  00:33        1.02
  J595                 JUNCTION     0.27     0.39    30.38     0  00:31        0.38
  J596                 JUNCTION     0.20     0.28    30.27     0  00:37        0.28
  J597                 JUNCTION     0.35     0.51    30.44     0  00:32        0.50
  J598                 JUNCTION     0.28     0.41    30.38     0  00:40        0.41
  J599                 JUNCTION     0.60     1.00    28.04     0  00:54        0.98
  J600                 JUNCTION     0.83     1.27    28.05     0  00:59        1.26
  J601                 JUNCTION     1.88     2.65    32.92     0  00:59        2.62
  J602                 JUNCTION     1.36     2.20    33.12     0  00:18        2.01
  J603                 JUNCTION     1.29     1.97    32.98     0  00:59        1.93
  J604                 JUNCTION     1.83     2.80    33.12     0  00:58        2.80
  J605                 JUNCTION     2.22     3.06    32.07     0  00:59        2.99
  J606                 JUNCTION     1.79     2.58    32.07     0  00:59        2.51
  J607                 JUNCTION     0.20     0.29    30.31     0  00:30        0.29
  J608                 JUNCTION     0.51     0.75    27.99     0  00:31        0.74
  J609                 JUNCTION     0.36     0.53    27.81     0  00:33        0.53
  J610                 JUNCTION     0.22     0.31    29.92     0  00:35        0.31
  J611                 JUNCTION     0.23     0.48    30.22     0  00:59        0.45
  J612                 JUNCTION     1.19     2.30    32.26     0  00:52        2.30
  J613                 JUNCTION     1.80     2.52    30.35     0  00:59        2.46
  J614                 JUNCTION     1.76     2.62    30.21     0  00:59        2.59
  J615                 JUNCTION     0.36     0.46    26.57     0  00:35        0.46
  J616                 JUNCTION     0.15     0.22    26.39     0  00:37        0.22
  J617                 JUNCTION     0.84     3.00    29.16     0  00:21        1.20
  J618                 JUNCTION     0.55     0.81    27.04     0  00:45        0.80
  J619                 JUNCTION     2.28     3.28    31.81     0  00:59        3.18
  J620                 JUNCTION     1.16     1.75    31.77     0  00:59        1.73
  J621                 JUNCTION     2.34     3.62    40.20     0  00:59        3.59
  J622                 JUNCTION     1.98     2.92    40.44     0  00:59        2.90
  J623                 JUNCTION     0.11     0.20    43.82     0  00:34        0.20
  J624                 JUNCTION     1.54     2.46    46.00     0  00:59        2.46
  J625                 JUNCTION     0.56     1.04    41.20     0  00:40        1.04
  J626                 JUNCTION     2.38     3.86    44.00     0  00:59        3.82
  J627                 JUNCTION     0.11     0.15    40.22     0  00:30        0.15
  J628                 JUNCTION     0.22     0.28    40.32     0  00:30        0.28
  J629                 JUNCTION     1.90     2.88    43.63     0  00:59        2.85
  J630                 JUNCTION     1.15     2.11    47.09     0  00:47        2.11
  J631                 JUNCTION     0.32     0.47    43.91     0  00:31        0.47
  J632                 JUNCTION     0.53     0.72    44.00     0  00:30        0.72
  J633                 JUNCTION     3.16     4.07    47.60     0  00:59        4.02
  J634                 JUNCTION     0.26     0.38    46.37     0  00:30        0.38
  J635                 JUNCTION     1.38     1.93    48.01     0  00:59        1.93
  J636                 JUNCTION     0.74     1.80    48.02     0  00:32        1.80
  J637                 JUNCTION     0.58     1.60    47.79     0  00:39        1.60
  J638                 JUNCTION     0.67     1.02    16.47     0  00:59        1.00
  J639                 JUNCTION     0.86     1.51    16.86     0  00:59        1.49
  J640                 JUNCTION     2.94     4.29    19.50     0  00:59        4.27
  J641                 JUNCTION     2.72     4.73    19.95     0  00:19        4.72
  J642                 JUNCTION     2.39     3.08    17.54     0  00:59        3.05
  J643                 JUNCTION     2.20     3.16    17.63     0  00:59        3.13
  J644                 JUNCTION     1.91     2.72    16.97     0  00:59        2.63
  J645                 JUNCTION     1.66     2.31    16.51     0  00:59        2.26
  J646                 JUNCTION     0.94     1.52    23.39     0  00:56        1.52
  J647                 JUNCTION     0.84     1.50    23.43     0  00:46        1.50
  J648                 JUNCTION     0.22     0.31    22.67     0  00:40        0.31
  J649                 JUNCTION     0.38     0.64    22.95     0  00:30        0.62
  J650                 JUNCTION     2.00     3.05    21.68     0  00:59        3.00
  J651                 JUNCTION     2.03     3.04    21.75     0  00:59        2.99
  J652                 JUNCTION     2.10     3.03    18.36     0  00:59        3.00
  J653                 JUNCTION     1.34     2.39    17.45     0  00:59        2.38
  J654                 JUNCTION     2.33     3.45    15.31     0  00:59        3.43
  J655                 JUNCTION     0.64     0.91    12.29     0  00:30        0.90
  J656                 JUNCTION     0.54     0.70    10.59     0  00:35        0.70
  J657                 JUNCTION     0.74     1.10    10.65     0  00:42        1.10
  J658                 JUNCTION     0.28     0.38     6.89     0  00:50        0.38
  J659                 JUNCTION     0.82     1.29     7.25     0  00:32        1.26
  J660                 JUNCTION     0.39     0.53    19.04     0  00:34        0.53
  J661                 JUNCTION     1.25     1.83    25.67     0  00:59        1.82
  J662                 JUNCTION     1.14     1.69    25.54     0  00:59        1.68
  J663                 JUNCTION     0.70     1.52    18.73     0  00:59        1.51
  J664                 JUNCTION     0.88     1.56    18.81     0  00:59        1.55
  J665                 JUNCTION     0.52     0.82    10.19     0  00:59        0.82
  J666                 JUNCTION     0.65     1.04    10.41     0  00:58        1.04
  J667                 JUNCTION     1.85     2.61     7.75     0  00:59        2.53
  J668                 JUNCTION     0.52     0.72     4.88     0  00:55        0.72
  J669                 JUNCTION     0.34     0.46    15.20     0  00:45        0.46
  J670                 JUNCTION     2.87     4.73    19.79     0  00:59        4.52
  J671                 JUNCTION     2.95     4.85    19.87     0  00:59        4.64
  J672                 JUNCTION     0.38     0.56    25.28     0  00:32        0.55
  J673                 JUNCTION     0.28     0.41    25.04     0  00:40        0.41
  J674                 JUNCTION     0.23     0.34    27.13     0  00:30        0.34
  J675                 JUNCTION     0.16     0.22    27.02     0  00:30        0.22
  J676                 JUNCTION     2.33     3.22    20.29     0  00:59        3.18
  J677                 JUNCTION     2.01     2.73    19.75     0  00:59        2.72
  J678                 JUNCTION     2.08     3.08    27.03     0  00:59        3.04
  J679                 JUNCTION     1.95     2.79    27.05     0  00:59        2.76
  J680                 JUNCTION     0.54     1.80    29.69     0  00:29        0.87
  J681                 JUNCTION     1.20     1.67    29.59     0  00:59        1.67
  J682                 JUNCTION     1.83     2.47    28.58     0  00:59        2.44
  J683                 JUNCTION     1.50     2.43    28.57     0  00:59        2.41
  J684                 JUNCTION     3.72     4.77    31.95     0  00:59        4.75
  J685                 JUNCTION     2.89     4.72    31.76     0  00:59        4.70
  J686                 JUNCTION     3.85     6.05    30.32     0  00:59        5.78
  J687                 JUNCTION     0.33     0.49    40.25     0  00:31        0.48
  J688                 JUNCTION     1.50     2.18    36.45     0  00:59        2.15
  J689                 JUNCTION     1.32     1.90    36.46     0  00:59        1.88
  J690                 JUNCTION     4.52     6.43    31.35     0  00:59        6.39
  J691                 JUNCTION     4.60     6.53    31.35     0  00:59        6.49
  J692                 JUNCTION     2.00     3.00    36.24     0  00:59        2.98
  J693                 JUNCTION     1.84     2.87    36.05     0  00:59        2.85
  J694                 JUNCTION     0.40     0.67    37.53     0  00:37        0.66
  J695                 JUNCTION     0.64     2.25    39.02     0  00:30        0.82
  J696                 JUNCTION     2.23     6.22    30.98     0  00:32        6.20
  J697                 JUNCTION     1.99     3.34    27.63     0  00:59        3.27
  J698                 JUNCTION     2.00     2.73    27.00     0  00:59        2.66
  J699                 JUNCTION     3.51     5.30    27.89     0  00:59        5.30
  J700                 JUNCTION     4.71     6.17    28.78     0  00:59        6.17
  J701                 JUNCTION     1.93     3.43    25.51     0  00:59        3.42
  J702                 JUNCTION     2.20     3.10    18.40     0  00:59        3.01
  J703                 JUNCTION     2.00     4.40    19.91     0  00:12        2.81
  J704                 JUNCTION     0.05     0.07    16.77     0  00:30        0.07
  J705                 JUNCTION     0.26     0.36    17.01     0  00:59        0.36
  J706                 JUNCTION     1.24     1.74    18.35     0  00:59        1.73
  J707                 JUNCTION     0.69     0.92    17.12     0  00:59        0.92
  J708                 JUNCTION     1.53     1.90    17.16     0  00:59        1.90
  J709                 JUNCTION     0.20     0.31    15.36     0  00:30        0.31
  J710                 JUNCTION     0.16     0.24    15.14     0  00:30        0.24
  J711                 JUNCTION     0.42     0.59    15.40     0  00:30        0.59
  J712                 JUNCTION     0.17     0.24    15.22     0  00:31        0.24
  J713                 JUNCTION     0.28     0.37    15.23     0  00:30        0.37
  J714                 JUNCTION     0.27     0.38    15.10     0  00:45        0.38
  J715                 JUNCTION     0.16     0.21    15.22     0  00:40        0.21
  J716                 JUNCTION     0.05     0.08    15.01     0  00:30        0.08
  J717                 JUNCTION     0.82     1.24    16.38     0  00:59        1.23
  J718                 JUNCTION     0.67     3.00    20.73     0  00:29        1.08
  J719                 JUNCTION     1.73     2.52    23.92     0  00:45        2.52
  J720                 JUNCTION     4.77     7.22    29.16     0  00:59        7.09
  J721                 JUNCTION     1.59     2.41    28.01     0  00:59        2.38
  J722                 JUNCTION     1.88     3.39    29.17     0  00:59        3.24
  J723                 JUNCTION     0.30     0.45    30.57     0  00:33        0.45
  J724                 JUNCTION     1.54     2.35    32.56     0  00:59        2.33
  J725                 JUNCTION     0.28     0.39    38.00     0  00:31        0.39
  J726                 JUNCTION     0.38     0.55    38.13     0  00:30        0.54
  J727                 JUNCTION     0.38     0.60    29.16     0  00:30        0.59
  J728                 JUNCTION     2.28     3.27    20.10     0  00:59        3.19
  J729                 JUNCTION     2.45     3.48    20.08     0  00:59        3.40
  J730                 JUNCTION     3.15     4.57    19.40     0  00:59        4.43
  J731                 JUNCTION     0.41     0.65    38.05     0  00:32        0.63
  J732                 JUNCTION     0.35     0.47    37.84     0  00:40        0.47
  J733                 JUNCTION     1.19     2.32    34.31     0  00:52        2.32
  J734                 JUNCTION     2.18     3.15    35.24     0  00:59        3.07
  J735                 JUNCTION     3.04     3.95    28.74     0  00:59        3.90
  J736                 JUNCTION     3.59     4.54    28.31     0  00:59        4.49
  J737                 JUNCTION     0.25     0.38    39.42     0  00:32        0.38
  J738                 JUNCTION     0.07     0.11    39.58     0  00:31        0.10
  J739                 JUNCTION     0.48     0.69    40.33     0  00:35        0.69
  J740                 JUNCTION     0.36     0.53    40.19     0  00:32        0.53
  J741                 JUNCTION     1.87     3.40    31.17     0  00:18        2.78
  J742                 JUNCTION     1.79     2.71    30.30     0  00:59        2.63
  J743                 JUNCTION     2.32     3.96    29.15     0  00:59        3.74
  J744                 JUNCTION     2.05     3.29    40.39     0  00:59        3.13
  J745                 JUNCTION     1.78     3.00    40.46     0  00:59        2.85
  J746                 JUNCTION     2.17     3.42    40.39     0  00:59        3.27
  J747                 JUNCTION     2.52     3.61    44.21     0  00:59        3.61
  J748                 JUNCTION     3.04     4.93    45.63     0  00:59        4.77
  J749                 JUNCTION     2.52     3.64    44.20     0  00:59        3.63
  J750                 JUNCTION     3.03     4.82    45.28     0  00:59        4.67
  J751                 JUNCTION     2.19     2.39     8.99     0  00:59        2.36
  J752                 JUNCTION     2.76     3.33    15.99     0  00:59        3.25
  J753                 JUNCTION     2.38     3.24    26.93     0  00:59        3.19
  out1                 OUTFALL      0.00     0.00    12.82     0  00:00        0.00
  out2                 OUTFALL      0.00     0.00    12.90     0  00:00        0.00
  out3                 OUTFALL      0.15     0.22    23.15     0  00:37        0.22
  out4                 OUTFALL      0.36     0.46    24.07     0  00:35        0.46
  out5                 OUTFALL      0.47     0.69    27.96     0  00:31        0.69
  out6                 OUTFALL      0.36     0.53    27.76     0  00:33        0.53
  out7                 OUTFALL      0.30     0.45    33.58     0  00:35        0.45
  out8                 OUTFALL      0.17     0.26    31.11     0  00:40        0.26
  out9                 OUTFALL      0.80     1.20     6.95     0  00:31        1.20
  out10                OUTFALL      0.27     0.36     2.51     0  00:30        0.36
  out11                OUTFALL      0.32     0.41     2.35     0  00:30        0.41
  out12                OUTFALL      0.35     0.46     2.58     0  00:30        0.45
  out13                OUTFALL      0.49     0.70    13.65     0  00:31        0.69
  out14                OUTFALL      0.73     0.92    13.83     0  00:30        0.92
  out15                OUTFALL      0.47     0.71    13.56     0  00:36        0.71
  out16                OUTFALL      0.61     0.92    13.72     0  00:35        0.92
  out17                OUTFALL      0.46     0.70    13.55     0  00:36        0.70
  out18                OUTFALL      0.61     0.80    13.67     0  00:24        0.80
  out19                OUTFALL      0.15     0.22    13.08     0  00:30        0.22
  out20                OUTFALL      0.57     0.80    23.61     0  00:28        0.80
  out21                OUTFALL      0.53     0.80    11.23     0  00:30        0.80
  out22                OUTFALL      0.37     0.53     5.83     0  00:30        0.52
  out23                OUTFALL      0.36     0.55     3.55     0  00:31        0.54
  out24                OUTFALL      0.43     0.59     5.78     0  00:31        0.59
  out25                OUTFALL      0.30     0.42     8.92     0  00:31        0.41
  out26                OUTFALL      0.30     0.40     8.97     0  00:40        0.40
  out27                OUTFALL      0.46     0.66    11.83     0  00:30        0.66
  out28                OUTFALL      0.69     1.00    12.19     0  00:35        1.00
  out29                OUTFALL      0.58     0.80     6.33     0  00:27        0.80
  out30                OUTFALL      0.15     0.21    22.21     0  00:33        0.20
  out31                OUTFALL      0.12     0.17    22.17     0  00:30        0.17
  out32                OUTFALL      0.17     0.23    21.23     0  00:45        0.23
  out33                OUTFALL      0.10     0.13     0.13     0  00:35        0.13
  out34                OUTFALL      0.00     0.00     0.00     0  00:00        0.00
  out35                OUTFALL      0.00     0.00     0.00     0  00:00        0.00
  out36                OUTFALL      0.55     0.75    11.50     0  00:40        0.75
  out37                OUTFALL      0.56     0.73    11.23     0  00:45        0.73
  out38                OUTFALL      0.43     0.71    45.61     0  00:36        0.70
  out39                OUTFALL      0.20     0.28     7.82     0  00:45        0.28
  out40                OUTFALL      0.37     0.51    29.13     0  00:31        0.50
  out41                OUTFALL      0.63     0.80    11.36     0  00:22        0.80
  out42                OUTFALL      0.20     0.27     0.27     0  00:30        0.27
  out43                OUTFALL      0.31     0.42    11.66     0  00:30        0.42
  out44                OUTFALL      0.29     0.42    21.46     0  00:32        0.42
  out45                OUTFALL      0.81     1.00    22.00     0  00:16        1.00
  out46                OUTFALL      0.28     0.37    21.20     0  00:35        0.37
  out47                OUTFALL      0.00     0.00    15.51     0  00:00        0.00
  out48                OUTFALL      0.59     0.80    16.84     0  00:26        0.80
  out49                OUTFALL      0.00     0.00    14.56     0  00:00        0.00
  out50                OUTFALL      0.00     0.00    12.70     0  00:00        0.00
  out51                OUTFALL      0.00     0.00    13.98     0  00:00        0.00
  out52                OUTFALL      0.35     0.52    17.05     0  00:32        0.52
  out53                OUTFALL      0.31     0.39    19.11     0  00:30        0.39
  out54                OUTFALL      0.29     0.38    19.72     0  00:35        0.38
  out55                OUTFALL      0.59     0.80    12.87     0  00:26        0.80
  out56                OUTFALL      0.05     0.08    13.13     0  00:30        0.08
  out57                OUTFALL      0.16     0.21    11.13     0  00:40        0.21
  out58                OUTFALL      0.26     0.38    13.37     0  00:45        0.38
  out59                OUTFALL      0.17     0.24    11.14     0  00:31        0.24
  out60                OUTFALL      0.16     0.23    10.39     0  00:30        0.23
  out61                OUTFALL      0.26     0.36    13.63     0  00:59        0.36
  out62                OUTFALL      0.05     0.07    11.90     0  00:30        0.07
  out63                OUTFALL      0.11     0.15    38.80     0  00:30        0.15
  out64                OUTFALL      0.22     0.28    37.29     0  00:30        0.28
  out65                OUTFALL      0.49     0.64    14.42     0  00:28        0.64
  out66                OUTFALL      0.38     0.56    21.57     0  00:33        0.56
  out67                OUTFALL      0.29     0.43    20.72     0  00:35        0.42
  out68                OUTFALL      0.16     0.21     0.21     0  00:30        0.21
  out69                OUTFALL      0.34     0.51     0.51     0  00:45        0.51
  out70                OUTFALL      0.45     0.80     0.80     0  00:48        0.80
  out71                OUTFALL      0.15     0.22    22.86     0  00:37        0.22
  out72                OUTFALL      0.28     0.37     5.37     0  00:50        0.37
  out73                OUTFALL      0.52     0.72     0.72     0  00:55        0.72
  out74                OUTFALL      0.44     0.54    10.96     0  00:33        0.54
  out75                OUTFALL      0.10     0.14     0.14     0  00:40        0.14
  out76                OUTFALL      0.42     0.60    24.19     0  00:47        0.59
  out77                OUTFALL      0.58     0.80    11.22     0  00:28        0.80
  out78                OUTFALL      0.19     0.27    14.95     0  00:39        0.27
  out79                OUTFALL      0.31     0.48    11.52     0  00:56        0.48
  out80                OUTFALL      0.40     0.57    18.18     0  00:31        0.56
  out81                OUTFALL      0.28     0.36    21.29     0  00:30        0.35
  out82                OUTFALL      0.25     0.36    34.01     0  00:40        0.36
  out83                OUTFALL      0.34     0.46     7.96     0  00:46        0.46
  out84                OUTFALL      0.67     0.80     5.26     0  00:17        0.80
  out85                OUTFALL      0.33     0.50    22.71     0  00:40        0.50
  out86                OUTFALL      0.47     0.68    13.57     0  00:31        0.67
  out87                OUTFALL      0.09     0.13     0.13     0  00:40        0.13
  out88                OUTFALL      0.39     0.49     0.49     0  00:31        0.49
  out89                OUTFALL      0.00     0.00    41.90     0  00:00        0.00
  out90                OUTFALL      0.38     0.47    14.93     0  00:35        0.47
  out91                OUTFALL      0.30     0.35     0.35     0  00:35        0.35
  sea                  OUTFALL      0.00     0.00     0.00     0  00:00        0.00
  mount                OUTFALL      0.00     0.00    30.00     0  00:00        0.00
  sea1                 OUTFALL      0.00     0.00     0.20     0  00:00        0.00
  sea2                 OUTFALL      0.00     0.00     1.80     0  00:00        0.00
  sea3                 OUTFALL      0.00     0.00     3.00     0  00:00        0.00
  sea4                 OUTFALL      0.00     0.00     5.30     0  00:00        0.00
  sea5                 OUTFALL      0.00     0.00     4.70     0  00:00        0.00
  sea6                 OUTFALL      0.00     0.00     7.60     0  00:00        0.00
  sea7                 OUTFALL      0.00     0.00     5.90     0  00:00        0.00
  sea8                 OUTFALL      0.00     0.00     3.60     0  00:00        0.00
  sea9                 OUTFALL      0.00     0.00    15.00     0  00:00        0.00
  sea10                OUTFALL      0.00     0.00     4.80     0  00:00        0.00
  sea11                OUTFALL      0.00     0.00     4.20     0  00:00        0.00
  sea12                OUTFALL      0.00     0.00     4.00     0  00:00        0.00
  sea13                OUTFALL      0.00     0.00     4.70     0  00:00        0.00
  sea14                OUTFALL      0.00     0.00     5.10     0  00:00        0.00
  sea15                OUTFALL      0.00     0.00    14.90     0  00:00        0.00
  sea16                OUTFALL      0.00     0.00     3.70     0  00:00        0.00
  sea17                OUTFALL      0.00     0.00     3.60     0  00:00        0.00
  sea18                OUTFALL      0.00     0.00     4.70     0  00:00        0.00
  sea19                OUTFALL      0.00     0.00     0.10     0  00:00        0.00
  sea20                OUTFALL      0.00     0.00     4.00     0  00:00        0.00
  sea21                OUTFALL      0.00     0.00     3.70     0  00:00        0.00
  sea22                OUTFALL      0.00     0.00     4.00     0  00:00        0.00
  sea23                OUTFALL      0.00     0.00    -0.40     0  00:00        0.00
  sea24                OUTFALL      0.00     0.00     1.80     0  00:00        0.00
  sea25                OUTFALL      0.00     0.00    10.80     0  00:00        0.00
  sea26                OUTFALL      0.00     0.00     4.10     0  00:00        0.00
  sea27                OUTFALL      0.00     0.00    10.00     0  00:00        0.00
  sea28                OUTFALL      0.00     0.00     5.90     0  00:00        0.00
  sea29                OUTFALL      0.00     0.00     4.10     0  00:00        0.00
  sea30                OUTFALL      0.00     0.00     8.40     0  00:00        0.00
  sea31                OUTFALL      0.00     0.00    11.70     0  00:00        0.00
  sea32                OUTFALL      0.00     0.00     9.40     0  00:00        0.00
  sea33                OUTFALL      0.00     0.00    10.30     0  00:00        0.00
  sea34                OUTFALL      0.00     0.00     9.00     0  00:00        0.00
  sea35                OUTFALL      0.00     0.00     1.40     0  00:00        0.00
  sea36                OUTFALL      0.00     0.00     1.60     0  00:00        0.00
  sea37                OUTFALL      0.00     0.00    14.60     0  00:00        0.00
  sea38                OUTFALL      0.00     0.00     4.70     0  00:00        0.00
  sea39                OUTFALL      0.00     0.00    16.20     0  00:00        0.00
  sea40                OUTFALL      0.00     0.00    15.40     0  00:00        0.00
  sea41                OUTFALL      0.00     0.00    -0.90     0  00:00        0.00
  sea42                OUTFALL      0.00     0.00    14.50     0  00:00        0.00
  sea43                OUTFALL      0.00     0.00     2.70     0  00:00        0.00
  sea44                OUTFALL      0.00     0.00    18.70     0  00:00        0.00
  sea45                OUTFALL      0.00     0.00    20.50     0  00:00        0.00
  sea46                OUTFALL      0.00     0.00     0.40     0  00:00        0.00
  sea47                OUTFALL      0.00     0.00     1.50     0  00:00        0.00
  sea48                OUTFALL      0.00     0.00     0.50     0  00:00        0.00
  sea49                OUTFALL      0.00     0.00    10.70     0  00:00        0.00
  sea50                OUTFALL      0.00     0.00    16.10     0  00:00        0.00
  sea51                OUTFALL      0.00     0.00    14.10     0  00:00        0.00
  sea52                OUTFALL      0.00     0.00    21.30     0  00:00        0.00
  sea53                OUTFALL      0.00     0.00    12.20     0  00:00        0.00
  sea54                OUTFALL      0.00     0.00    12.60     0  00:00        0.00
  sea55                OUTFALL      0.00     0.00    17.80     0  00:00        0.00
  sea56                OUTFALL      0.00     0.00     1.60     0  00:00        0.00
  sea57                OUTFALL      0.00     0.00    13.30     0  00:00        0.00
  sea58                OUTFALL      0.00     0.00     7.40     0  00:00        0.00
  sea59                OUTFALL      0.00     0.00    15.90     0  00:00        0.00
  sea60                OUTFALL      0.00     0.00    -0.20     0  00:00        0.00
  sea61                OUTFALL      0.00     0.00     1.40     0  00:00        0.00
  sea62                OUTFALL      0.00     0.00     7.60     0  00:00        0.00
  mount1               OUTFALL      0.00     0.00    41.20     0  00:00        0.00
  mount2               OUTFALL      0.00     0.00    50.70     0  00:00        0.00
  mount3               OUTFALL      0.00     0.00    42.20     0  00:00        0.00
  mount4               OUTFALL      0.00     0.00    49.30     0  00:00        0.00
  mount5               OUTFALL      0.00     0.00    52.20     0  00:00        0.00
  mount6               OUTFALL      0.00     0.00    40.60     0  00:00        0.00
  mount7               OUTFALL      0.00     0.00    53.00     0  00:00        0.00
  mount8               OUTFALL      0.00     0.00    27.70     0  00:00        0.00
  mount9               OUTFALL      0.00     0.00    44.10     0  00:00        0.00
  mount10              OUTFALL      0.00     0.00    38.00     0  00:00        0.00
  mount11              OUTFALL      0.00     0.00    37.00     0  00:00        0.00
  mount12              OUTFALL      0.00     0.00    33.60     0  00:00        0.00
  
  
  *******************
  Node Inflow Summary
  *******************
  
  -------------------------------------------------------------------------------------------------
                                  Maximum  Maximum                  Lateral       Total        Flow
                                  Lateral    Total  Time of Max      Inflow      Inflow     Balance
                                   Inflow   Inflow   Occurrence      Volume      Volume       Error
  Node                 Type           LPS      LPS  days hr:min    10^6 ltr    10^6 ltr     Percent
  -------------------------------------------------------------------------------------------------
  J1                   JUNCTION   3065.99  3065.99     0  00:59        5.93        5.94     -45.079
  J2                   JUNCTION    470.15  1569.06     0  00:44       0.957        3.15       3.252
  J3                   JUNCTION    134.62  1324.07     0  00:28       0.258        2.52       0.797
  J4                   JUNCTION    566.10  1895.41     0  00:30        1.17        4.25     -48.687
  J5                   JUNCTION    411.10   738.83     0  00:15        0.83       0.938      12.167
  J6                   JUNCTION   3449.57  4670.95     0  00:50        7.22        10.1     -49.466
  J7                   JUNCTION   1053.87  2959.27     0  00:46        2.23        7.57       1.092
  J8                   JUNCTION    854.79  3155.27     0  00:35        1.76           8       0.602
  J9                   JUNCTION    954.73  2461.20     0  00:45        1.89        6.07       2.521
  J10                  JUNCTION    726.63   742.47     0  00:15        1.51         1.6       6.606
  J11                  JUNCTION    131.61  1778.54     0  00:30       0.265        4.71       6.129
  J12                  JUNCTION    712.22  1007.91     0  00:39        1.39        2.32       9.870
  J13                  JUNCTION   5504.32  5504.32     0  00:45          13        13.1       1.660
  J14                  JUNCTION    977.74  2360.97     0  00:54        1.96        5.72       1.822
  J15                  JUNCTION   1351.23  2633.38     0  00:40        2.97        6.54       1.692
  J16                  JUNCTION    248.55  1822.19     0  00:50       0.529        4.82       2.874
  J17                  JUNCTION    876.43  2395.80     0  00:40        1.98        6.07       1.538
  J18                  JUNCTION   1952.85  3495.58     0  00:35         4.5        8.02       1.673
  J19                  JUNCTION   1455.60  2957.76     0  00:46        2.92        5.97       2.388
  J20                  JUNCTION    663.51  1832.61     0  00:36        1.36         3.2       4.903
  J21                  JUNCTION   1503.09  1503.09     0  00:59        2.63        2.63       1.089
  J22                  JUNCTION    607.22  1758.66     0  00:35        1.29        4.03      10.130
  J23                  JUNCTION   1107.00  2696.08     0  00:40        2.33        5.99       4.371
  J24                  JUNCTION    196.04  1871.29     0  00:18       0.376        4.19       5.304
  J25                  JUNCTION   1065.32  2084.14     0  00:35        2.21        4.83       3.769
  J26                  JUNCTION   1484.42  2140.52     0  00:40        3.14        4.79     -48.979
  J27                  JUNCTION   1965.27  1965.27     0  00:30        4.55        4.55       0.579
  J28                  JUNCTION   4215.91  4888.45     0  00:35         9.4        11.4       1.853
  J29                  JUNCTION   2421.17  4309.79     0  00:48        5.25        10.5       2.155
  J30                  JUNCTION   5990.41  7020.83     0  00:55        11.8        14.6       0.617
  J31                  JUNCTION   5161.32  6906.59     0  00:59        9.92        14.9       1.113
  J32                  JUNCTION   2080.34  2906.19     0  00:50        4.29        6.96       1.539
  J33                  JUNCTION   1817.92  1817.92     0  00:40        4.22        4.22       1.755
  J34                  JUNCTION   1614.79  2300.83     0  00:35        3.76         5.8       1.529
  J35                  JUNCTION    189.73  2377.62     0  00:35       0.366        6.01       0.217
  J36                  JUNCTION    854.26   854.26     0  00:40        1.84        1.84       3.518
  J37                  JUNCTION    917.24  1771.53     0  00:40        2.08        3.86       1.723
  J38                  JUNCTION   5368.34  7077.71     0  00:45        11.1        14.9       0.062
  J39                  JUNCTION   4948.92  4948.92     0  00:59        9.81        9.81       0.672
  J40                  JUNCTION   4052.02  4945.20     0  00:50        6.74        9.84       0.642
  J41                  JUNCTION   1514.25  2368.67     0  00:45        3.34        5.58       3.560
  J42                  JUNCTION   1291.99  2340.39     0  00:45        2.58        5.74     -49.843
  J43                  JUNCTION   1881.68  3105.23     0  00:45        4.04        7.52       1.650
  J44                  JUNCTION   1563.67  2352.60     0  00:30        3.43        5.81       1.970
  J45                  JUNCTION    392.30  1668.10     0  00:14       0.791        3.83       0.971
  J46                  JUNCTION   1136.23  2368.59     0  00:53        2.14        5.87       1.314
  J48                  JUNCTION   1321.53  2407.14     0  00:50        2.63        5.86       1.305
  J49                  JUNCTION   1766.62  3091.88     0  00:55        3.37        7.38       1.557
  J50                  JUNCTION   1997.44  3599.36     0  00:45        4.03        8.85       2.405
  J51                  JUNCTION    371.53   371.53     0  00:45       0.742       0.742       6.573
  J52                  JUNCTION   3371.76  5443.53     0  00:59        6.17        12.5       2.238
  J53                  JUNCTION  13576.98 13576.98     0  00:59        25.2        25.2       0.935
  J54                  JUNCTION   1872.91  1872.91     0  00:35        4.35        4.35       2.678
  J55                  JUNCTION   4051.98  4051.98     0  00:35        9.42        9.42       1.166
  J56                  JUNCTION    801.18  2083.63     0  00:30        1.67        5.48     -49.428
  J57                  JUNCTION    285.18   285.18     0  00:40       0.585       0.585       8.556
  J58                  JUNCTION    366.62   645.88     0  00:40       0.753        1.29       6.080
  J59                  JUNCTION    548.52  1091.57     0  00:37        1.08         2.3       4.794
  J60                  JUNCTION    808.34  1735.37     0  00:32        1.64        3.83       0.316
  J61                  JUNCTION    325.13   325.13     0  00:30       0.598       0.628       0.237
  J62                  JUNCTION   2614.73  3416.45     0  00:30        5.42        7.42       0.474
  J63                  JUNCTION   1811.49  1811.49     0  00:40        3.92        3.92       3.333
  J64                  JUNCTION   1255.25  1255.25     0  00:30        2.81        2.82       2.090
  J65                  JUNCTION   1659.77  2181.72     0  00:30        3.63        5.06       2.522
  J66                  JUNCTION   1041.31  1605.22     0  00:30        2.27        3.99       3.055
  J67                  JUNCTION    146.99  3582.69     0  00:30       0.296         7.2       4.145
  J68                  JUNCTION    630.91  2796.89     0  00:30        1.43         7.8       0.839
  J69                  JUNCTION    231.22   231.22     0  00:30       0.443       0.443       0.886
  J70                  JUNCTION   1418.04  2873.75     0  00:40        2.91        6.69       1.639
  J71                  JUNCTION   4424.00  4424.00     0  00:50         8.9         8.9       1.078
  J72                  JUNCTION    433.85   433.85     0  00:35        0.86        0.86       3.582
  J73                  JUNCTION    960.01  1381.31     0  00:36        1.99        2.82       3.403
  J74                  JUNCTION    792.50  2807.50     0  00:35        1.77        5.91       1.809
  J75                  JUNCTION    587.43  2214.17     0  00:40        1.18        4.53       2.937
  J76                  JUNCTION    415.95  1911.64     0  00:33       0.875        3.75       5.782
  J77                  JUNCTION    523.78  1816.02     0  00:34        1.04        3.59      12.328
  J78                  JUNCTION   1507.66  1507.66     0  00:40        3.15        3.15       7.921
  J79                  JUNCTION   4420.10  4420.10     0  00:30        10.5        10.5       2.465
  J80                  JUNCTION   7139.21  8393.33     0  00:30        15.6        19.4       2.002
  J81                  JUNCTION   1905.71  3400.08     0  00:30        3.95        8.86       1.845
  J82                  JUNCTION    149.64  2695.63     0  00:59       0.282        7.45       2.365
  J83                  JUNCTION   2773.22  2773.22     0  00:30        6.14         6.2       2.443
  J84                  JUNCTION   1352.57  1685.07     0  00:40        2.96        3.73       2.949
  J85                  JUNCTION    127.00   855.77     0  00:47       0.224         1.5       3.490
  J86                  JUNCTION   2046.75  2046.75     0  00:50        4.31        4.31       3.066
  J87                  JUNCTION   1590.93  2280.62     0  00:45        3.31        5.05       0.705
  J88                  JUNCTION    978.68  1534.65     0  00:40        2.06        3.17       0.285
  J89                  JUNCTION    567.63   567.63     0  00:35        1.13        1.13       2.242
  J90                  JUNCTION   1449.84  1449.84     0  00:30        2.88        2.88       2.420
  J91                  JUNCTION   1658.59  3047.81     0  00:31        3.66        6.47       0.992
  J92                  JUNCTION    622.78  3429.42     0  00:40        1.23        7.89       0.121
  J93                  JUNCTION   4868.68  4868.68     0  00:59        9.19        9.19       0.151
  J94                  JUNCTION   2650.94  2650.94     0  00:30        5.72        5.72       0.318
  J95                  JUNCTION    291.38  2940.22     0  00:30       0.562        6.26       0.508
  J96                  JUNCTION   2070.75  3357.33     0  00:35        4.46        7.54       3.001
  J97                  JUNCTION    258.98  1334.43     0  00:40       0.492        3.19       3.558
  J98                  JUNCTION   1085.11  2007.85     0  00:30        2.28        4.58     -49.275
  J99                  JUNCTION   2263.07  2263.07     0  00:40        4.88         4.9       2.183
  J100                 JUNCTION    316.68  1878.51     0  00:30       0.618        5.17     -48.037
  J101                 JUNCTION   1856.93  3456.72     0  00:45        4.07        8.36       3.782
  J102                 JUNCTION   5678.21  7184.27     0  00:50        12.3        16.6       2.675
  J103                 JUNCTION   1297.27  2842.19     0  00:30        2.68        6.69       7.406
  J104                 JUNCTION    598.42  1569.78     0  00:23        1.28        4.39       9.330
  J105                 JUNCTION   3969.12  4934.61     0  00:45        8.81        11.6       3.020
  J106                 JUNCTION   3334.88  6389.78     0  00:35        7.38        13.4       2.710
  J107                 JUNCTION   6058.00  7945.61     0  00:30        13.2        18.4       2.452
  J108                 JUNCTION   1100.98  2973.57     0  00:31        2.19        6.64       3.686
  J109                 JUNCTION   1610.98  2030.36     0  00:35        3.67        4.67       3.594
  J110                 JUNCTION   3096.38  4809.76     0  00:45        7.44        10.6       1.610
  J111                 JUNCTION    480.43   480.43     0  00:45        1.02        1.02       1.117
  J112                 JUNCTION   1705.56  1705.56     0  00:50        3.23        3.23       1.293
  J113                 JUNCTION   1043.14  1043.14     0  00:50        2.07        2.07       1.717
  J114                 JUNCTION    609.49   609.49     0  00:40        1.24        1.24       1.744
  J115                 JUNCTION    489.11  1053.28     0  00:36        1.06        2.29       7.658
  J116                 JUNCTION   5346.35  6340.31     0  00:59        9.82        11.8       2.550
  J117                 JUNCTION     96.58  1142.31     0  00:40       0.204        2.33      14.441
  J118                 JUNCTION   7532.16  9009.97     0  00:59        16.9        20.9       2.194
  J119                 JUNCTION   2340.88  3436.41     0  00:45        4.93        6.96       4.797
  J120                 JUNCTION   5010.22  6302.79     0  00:59        10.4        14.4       2.814
  J121                 JUNCTION   3511.47  4225.44     0  00:30        8.15        9.97       4.489
  J122                 JUNCTION   2904.36  3614.03     0  00:59        5.64        7.98       4.374
  J123                 JUNCTION   3465.08  4850.47     0  00:30         7.5        11.4       2.957
  J124                 JUNCTION   1997.48  3030.97     0  00:35        4.64        7.33       5.853
  J125                 JUNCTION    228.05  4176.90     0  00:22       0.426        4.78      11.860
  J126                 JUNCTION    975.41  4676.94     0  00:18        2.08         6.1      13.423
  J127                 JUNCTION    653.84  5005.69     0  00:30        1.38        5.47       7.335
  J128                 JUNCTION    980.42  3060.82     0  00:30        2.16        7.89       1.314
  J129                 JUNCTION   1056.51  2344.04     0  00:30        2.15        5.82       0.905
  J130                 JUNCTION   1513.00  2613.44     0  00:30        3.26        6.14       2.189
  J131                 JUNCTION   1082.85  2289.37     0  00:34        2.49        5.63       3.542
  J132                 JUNCTION    199.83  4137.65     0  00:22        0.37        3.65       9.959
  J133                 JUNCTION   1702.86  3511.84     0  00:30        3.58        8.28       4.247
  J134                 JUNCTION   2832.25  2832.25     0  00:30        6.61        6.61       0.810
  J135                 JUNCTION   1010.83  1605.35     0  00:39        2.18        3.89      10.246
  J136                 JUNCTION   1854.44  1963.74     0  00:50        4.18        4.39       4.956
  J137                 JUNCTION   1946.13  2801.75     0  00:30        4.07        5.99     -47.992
  J138                 JUNCTION    665.56  1889.81     0  00:30        1.42        4.05     -48.414
  J139                 JUNCTION   2286.65  2286.65     0  00:45        4.84        4.97       2.803
  J140                 JUNCTION   8481.67  9421.23     0  00:59        15.6        17.9     -49.741
  J141                 JUNCTION    670.61  1721.87     0  00:35        1.51        4.22       1.718
  J142                 JUNCTION   2146.98  2146.98     0  00:45        4.85        4.85       3.471
  J143                 JUNCTION   2501.33  2501.33     0  00:40        5.51        5.51       2.917
  J144                 JUNCTION   1030.95  2068.56     0  00:35        2.32        5.05       1.351
  J145                 JUNCTION  29997.50 29997.50     0  00:59        64.1        64.1       0.047
  J146                 JUNCTION    224.43  2096.22     0  00:07       0.409        6.65       0.745
  J147                 JUNCTION    836.12  2535.82     0  00:45        1.76        7.53       1.359
  J148                 JUNCTION   1524.32  3563.61     0  00:35        3.26        9.86       0.322
  J149                 JUNCTION   1458.16  1458.16     0  00:35        2.97        2.97       1.473
  J150                 JUNCTION   1182.80  1983.49     0  00:30         2.5        4.29       1.458
  J151                 JUNCTION   1581.51  2502.57     0  00:35        3.41        6.06       1.751
  J152                 JUNCTION    525.65  2232.66     0  00:30        1.03        5.52       1.791
  J153                 JUNCTION    241.15  3345.03     0  00:30       0.439        8.32       1.118
  J154                 JUNCTION    144.57  2239.03     0  00:59       0.279        6.16       1.039
  J155                 JUNCTION    361.65  1780.22     0  00:43       0.754        4.16       2.606
  J156                 JUNCTION   3179.87  3179.87     0  00:50        6.48        6.48       1.235
  J157                 JUNCTION   2291.84  2291.84     0  00:40        4.93        4.93       0.458
  J158                 JUNCTION    624.64  1392.16     0  00:30        1.23        3.35       1.176
  J159                 JUNCTION   1011.75  2101.39     0  00:24        1.99        4.96       1.370
  J160                 JUNCTION    481.84  2360.33     0  00:24       0.934        5.83       2.458
  J161                 JUNCTION    988.02  3310.77     0  00:30        1.99        7.67       0.910
  J162                 JUNCTION    190.98  4069.35     0  00:59       0.361        11.2       0.465
  J163                 JUNCTION     18.93  5243.22     0  00:30      0.0353        13.9       0.731
  J164                 JUNCTION    122.24  4873.68     0  00:48       0.219        13.1       0.421
  J165                 JUNCTION    207.92  1155.21     0  00:29       0.372        1.35     -49.192
  J166                 JUNCTION    146.26   331.20     0  00:36       0.283       0.474     -44.915
  J167                 JUNCTION    195.13  1919.26     0  00:32       0.356        3.79       0.346
  J168                 JUNCTION    477.00  1751.97     0  00:35       0.965        3.41       3.775
  J169                 JUNCTION    381.32  1735.74     0  00:31       0.732        3.48       1.091
  J170                 JUNCTION    858.95  1378.63     0  00:30        1.76         2.8       1.991
  J171                 JUNCTION    946.86  1194.40     0  00:30        1.98        2.49       1.920
  J172                 JUNCTION    538.38   538.38     0  00:30        1.06        1.06       2.115
  J173                 JUNCTION    261.00   261.00     0  00:30       0.517       0.517       2.450
  J174                 JUNCTION    433.51   433.51     0  00:30       0.899         0.9       8.416
  J175                 JUNCTION   2458.90  2845.45     0  00:30        5.17           6       2.425
  J176                 JUNCTION   1912.75  3331.39     0  00:35        4.26        8.21       1.267
  J177                 JUNCTION   1678.53  3363.49     0  00:30        3.49        8.29       1.030
  J178                 JUNCTION   1311.40  3033.50     0  00:40         2.7        7.94       1.200
  J179                 JUNCTION    866.40  3059.61     0  00:35        1.71        8.13       0.369
  J180                 JUNCTION    502.34   502.34     0  00:30       0.972       0.972       3.014
  J181                 JUNCTION    398.90   398.90     0  00:30       0.757       0.757       1.566
  J182                 JUNCTION    799.66  1327.68     0  00:34        1.56        2.51       1.999
  J183                 JUNCTION    651.44  1037.43     0  00:30         1.3        2.05       1.519
  J184                 JUNCTION    691.97  2001.30     0  00:31        1.38        3.84       1.504
  J185                 JUNCTION    675.34  1687.87     0  00:30        1.34        3.36       0.916
  J186                 JUNCTION    813.86  2707.24     0  00:31        1.74        5.53       1.402
  J187                 JUNCTION    831.95  2506.10     0  00:31        1.75        5.07       1.099
  J188                 JUNCTION   1225.37  3364.40     0  00:30        2.38        7.83       1.007
  J189                 JUNCTION    795.48  2919.37     0  00:29        1.56        6.58       1.284
  J190                 JUNCTION    484.34  3320.63     0  00:30       0.923        8.35       4.141
  J191                 JUNCTION    729.33  2961.28     0  00:30        1.47        7.46       0.211
  J192                 JUNCTION    683.18  3534.07     0  00:27        1.38         7.9       4.874
  J193                 JUNCTION    850.32  1095.05     0  00:30        1.67        2.31       1.411
  J194                 JUNCTION    382.15  3596.58     0  00:28       0.794         7.9       0.276
  J195                 JUNCTION   2907.43  3927.30     0  00:30        6.42         9.8       1.040
  J196                 JUNCTION   1115.19  1438.75     0  00:55        2.48        2.93       2.674
  J197                 JUNCTION   3061.87  3061.87     0  00:30        6.56        6.88       2.571
  J198                 JUNCTION    854.88  2206.84     0  00:30        1.81         6.1     -47.337
  J199                 JUNCTION   4082.74  5807.36     0  00:30        8.72        13.5       1.522
  J200                 JUNCTION    269.81  2612.55     0  00:37       0.527        7.01       1.081
  J201                 JUNCTION   1711.04  3539.03     0  00:30        3.79        8.92       2.155
  J202                 JUNCTION   4081.31  5847.02     0  00:40        9.54        14.3       1.279
  J203                 JUNCTION   1230.35  2955.86     0  00:33        2.63        6.76       2.408
  J204                 JUNCTION   2301.12  2301.12     0  00:40        5.12        5.21       3.212
  J205                 JUNCTION   1006.25  1222.59     0  00:14        2.02        2.45      12.774
  J206                 JUNCTION   2722.59  3611.95     0  00:40        6.14        8.35       1.405
  J207                 JUNCTION   1124.82  1798.59     0  00:30        2.42        4.28       3.734
  J208                 JUNCTION   1482.34  3546.33     0  00:35        3.17        7.63     -48.989
  J209                 JUNCTION   1650.55  3438.41     0  00:30        3.35        6.51     -47.536
  J210                 JUNCTION    368.23  1042.57     0  00:30        0.75        2.16       3.342
  J211                 JUNCTION    790.94  1344.80     0  00:30        1.67        3.09       4.128
  J212                 JUNCTION    681.99   681.99     0  00:30        1.42        1.42       0.819
  J213                 JUNCTION    754.88   754.88     0  00:35        1.68        1.68       2.522
  J214                 JUNCTION   1082.82  1082.82     0  00:30        2.33        2.33       2.129
  J215                 JUNCTION    725.50   725.50     0  00:30        1.58        1.58       1.922
  J216                 JUNCTION   1219.72  2307.19     0  00:35        2.64        4.92       2.839
  J217                 JUNCTION   1457.06  2156.48     0  00:30           3        4.56       1.695
  J218                 JUNCTION    616.95  2602.32     0  00:30        1.26        5.74       1.089
  J219                 JUNCTION   2163.92  6339.90     0  00:31        4.75        13.4       0.997
  J220                 JUNCTION   2133.55  4626.78     0  00:35        4.71          12       0.903
  J221                 JUNCTION   2077.37  5248.23     0  00:55        4.26        13.2       0.202
  J222                 JUNCTION   4394.72  4677.70     0  00:45        9.71        10.5       1.813
  J223                 JUNCTION   3446.48  3907.42     0  00:45        7.93        8.96     -46.463
  J224                 JUNCTION   1114.29  2131.81     0  00:30        2.23        5.13       2.003
  J225                 JUNCTION    204.29  1210.41     0  00:12        0.39        3.06       3.337
  J226                 JUNCTION   1141.58  1344.64     0  00:30        2.34         2.6     -48.004
  J227                 JUNCTION    520.88   527.23     0  00:59        1.12        1.23     -35.376
  J228                 JUNCTION    969.94  1259.96     0  00:26           2        2.47       5.241
  J229                 JUNCTION   2013.75  2013.75     0  00:35        4.44        4.56       2.885
  J230                 JUNCTION    601.21  1507.70     0  00:30        1.27        3.72     -49.644
  J231                 JUNCTION    140.88  1402.18     0  00:27       0.268        2.04     -49.453
  J232                 JUNCTION     13.83   776.80     0  00:22      0.0258        1.27       6.133
  J233                 JUNCTION    494.71  1484.42     0  00:29        1.02        2.87     -49.574
  J234                 JUNCTION   1279.10  1998.91     0  00:30        2.66        3.86     -40.920
  J235                 JUNCTION    996.39  1347.45     0  00:35        2.19        3.19       2.567
  J236                 JUNCTION    347.60   968.72     0  00:21        0.75        1.45     -49.336
  J237                 JUNCTION     80.11  1766.28     0  00:14        0.15        1.28      11.666
  J238                 JUNCTION    427.04  1020.26     0  00:31       0.936        1.95       3.327
  J239                 JUNCTION    325.77  1047.74     0  00:11       0.692         1.2      11.900
  J240                 JUNCTION   1047.14  1120.89     0  00:13        2.21        2.28       8.652
  J241                 JUNCTION    765.44  1554.49     0  00:10        1.47        2.26      11.671
  J242                 JUNCTION   1694.05  1849.98     0  00:30        3.33        3.42     -37.402
  J243                 JUNCTION    950.52  1524.64     0  00:30        1.82        2.91     -27.114
  J244                 JUNCTION   1661.95  2365.72     0  00:30        3.29        4.92       1.085
  J245                 JUNCTION    549.40  1510.99     0  00:21        1.11        3.18     -42.474
  J246                 JUNCTION   3379.65  3754.80     0  00:40        7.65         8.3       0.350
  J247                 JUNCTION    475.73   581.63     0  00:41       0.964        1.12     -39.195
  J248                 JUNCTION    163.83   902.58     0  00:11       0.304       0.838      13.783
  J249                 JUNCTION    722.26  1400.52     0  00:29        1.54        2.21       2.036
  J250                 JUNCTION    302.36  1837.80     0  00:31       0.643        4.59       3.017
  J251                 JUNCTION   1124.86  1852.62     0  00:40        2.51        4.57     -30.809
  J252                 JUNCTION   8605.57  9424.66     0  00:30        19.7        22.1       0.260
  J253                 JUNCTION    913.22  1711.33     0  00:30        1.81        2.64     -45.540
  J254                 JUNCTION   1820.03  1820.03     0  00:30        3.64        4.03       2.886
  J255                 JUNCTION   1398.09  2403.13     0  00:30        2.74        5.06       1.835
  J256                 JUNCTION    129.44   957.92     0  00:14       0.243        2.53       1.228
  J257                 JUNCTION     39.95   974.87     0  00:14      0.0744        2.17      -9.076
  J258                 JUNCTION    275.62   954.97     0  00:30        0.52        2.46       1.957
  J259                 JUNCTION     74.47   944.81     0  00:14       0.139        2.62       2.476
  J260                 JUNCTION    331.51   896.90     0  00:15       0.623        1.84       0.922
  J261                 JUNCTION   3934.68  3934.68     0  00:30        8.43        8.43       0.698
  J262                 JUNCTION   3058.91  3592.67     0  00:30        6.02        7.53     -49.546
  J263                 JUNCTION    912.46  1711.21     0  00:30        1.75        3.71       3.311
  J264                 JUNCTION    835.82  1399.99     0  00:30        1.61        2.87     -48.465
  J265                 JUNCTION    410.55   898.08     0  00:16       0.806        1.78      12.730
  J266                 JUNCTION   2514.84  2514.84     0  00:30         5.1        5.19       2.781
  J267                 JUNCTION   4435.85  5660.57     0  00:30        9.17        12.6       1.166
  J268                 JUNCTION   6547.68  6547.68     0  00:59        13.1        13.1     -46.519
  J269                 JUNCTION   2756.27  3138.07     0  00:31        5.74        6.43     -48.893
  J270                 JUNCTION   1780.56  1780.56     0  00:30        3.69        3.93       3.472
  J271                 JUNCTION   1047.22  1047.22     0  00:30        2.31         2.4       9.000
  J272                 JUNCTION   1071.46  1861.21     0  00:10        2.17        3.45       3.742
  J273                 JUNCTION    501.66  2515.82     0  00:23       0.982        5.15       3.253
  J274                 JUNCTION   2595.38  5412.55     0  00:30        5.41          12       0.753
  J275                 JUNCTION   1912.41  1912.41     0  00:30        4.03        4.03       0.000
  J276                 JUNCTION   1825.53  2712.89     0  00:30        3.66        6.21     -49.581
  J277                 JUNCTION   5073.85  5073.85     0  00:30        10.7        10.8       1.573
  J278                 JUNCTION   4048.34  4823.69     0  00:30        8.32        10.6       1.193
  J279                 JUNCTION   1676.66  2694.05     0  00:30        3.36        5.18     -45.688
  J280                 JUNCTION   2321.01  2321.01     0  00:30        4.88        5.59       3.147
  J281                 JUNCTION   1603.46  3658.51     0  00:30        3.35        8.48       0.193
  J282                 JUNCTION   1387.04  1387.04     0  00:45        3.16        3.16       0.941
  J283                 JUNCTION    990.27  1451.29     0  00:30         2.4        3.92       2.217
  J284                 JUNCTION    207.89   311.65     0  00:22       0.414       0.417       2.516
  J285                 JUNCTION    709.59   709.59     0  00:30        1.43        1.45       5.435
  J286                 JUNCTION   1030.76  1102.80     0  00:11        2.25        2.48       1.601
  J287                 JUNCTION   1171.19  2146.57     0  00:30        2.51        4.41     -47.867
  J288                 JUNCTION   2181.98  5031.55     0  00:30        4.85        12.9       0.347
  J289                 JUNCTION   2488.36  3357.10     0  00:35        5.79        8.42       1.051
  J290                 JUNCTION   1910.24  3202.62     0  00:31        4.27        7.35       1.228
  J291                 JUNCTION   1043.79  1694.50     0  00:31         2.2        3.74       1.300
  J292                 JUNCTION    823.40   823.40     0  00:30        1.73        1.73       0.596
  J293                 JUNCTION   1022.36  1511.17     0  00:21        2.01        2.53       0.413
  J294                 JUNCTION   1337.79  1337.79     0  00:35        3.08        3.08       1.935
  J295                 JUNCTION   1538.49  2083.65     0  00:40        3.46        5.25       2.747
  J296                 JUNCTION    834.65  1662.83     0  00:30        1.73        3.36       0.293
  J297                 JUNCTION    957.04  2389.90     0  00:48        2.21        6.18       1.618
  J298                 JUNCTION    270.65   270.65     0  00:30       0.506       0.506       2.139
  J299                 JUNCTION   3042.23  5444.32     0  00:30        6.64        12.7       0.025
  J300                 JUNCTION    292.90   305.78     0  00:09       0.554       0.566       4.168
  J301                 JUNCTION    415.61   708.47     0  00:30       0.783        1.33     -49.317
  J302                 JUNCTION    497.32   973.81     0  00:49        1.07         2.1     -47.905
  J303                 JUNCTION    256.39  1561.42     0  00:40       0.526        4.16       2.620
  J304                 JUNCTION   2928.27  4064.64     0  00:35        6.37        9.37       0.107
  J305                 JUNCTION    786.50  1322.70     0  00:49        1.62        3.46       2.361
  J306                 JUNCTION    935.03  2191.31     0  00:31        2.08        4.84       2.703
  J307                 JUNCTION    370.11  2020.05     0  00:35       0.754        3.64       0.554
  J308                 JUNCTION   2451.59  2451.59     0  00:30        5.25        5.27       0.781
  J309                 JUNCTION    525.74  2480.38     0  00:32        1.15        4.23     -31.928
  J310                 JUNCTION    154.43  1895.82     0  00:23       0.305        2.23       0.943
  J311                 JUNCTION    235.25  1523.05     0  00:33       0.477        2.92       2.496
  J312                 JUNCTION    940.30  2430.63     0  00:34        2.04        4.12       0.252
  J313                 JUNCTION   1961.70  1961.70     0  00:45        4.17        4.24       1.771
  J314                 JUNCTION    289.50  1876.12     0  00:40       0.585        3.99       1.789
  J315                 JUNCTION    682.64   682.64     0  00:45        1.41        1.42       0.751
  J316                 JUNCTION    371.05  1814.79     0  00:30       0.802        3.75     -49.669
  J317                 JUNCTION   4422.27  4422.27     0  00:30        9.57        9.57       0.291
  J318                 JUNCTION    285.24  2498.47     0  00:57         0.6        5.59       2.749
  J319                 JUNCTION   2279.56  2279.56     0  00:50        4.72        4.72       2.260
  J320                 JUNCTION    922.51  2124.43     0  00:45        1.94        5.35       1.984
  J321                 JUNCTION   1149.49  2073.68     0  00:45        2.35        4.65       0.748
  J322                 JUNCTION    966.53  2060.72     0  00:40        2.25        4.83       1.594
  J323                 JUNCTION    729.93  2044.89     0  00:40        1.55        4.93       5.813
  J324                 JUNCTION    856.73  1501.60     0  00:45        1.85         3.6       9.837
  J325                 JUNCTION    861.86  1798.14     0  00:40        1.86         4.3       1.857
  J326                 JUNCTION    983.37  3304.57     0  00:30        2.31        8.17     -48.923
  J327                 JUNCTION    914.23  3629.96     0  00:35        2.06        9.21     -49.165
  J328                 JUNCTION   1447.81  2783.94     0  00:45        3.06        6.49       3.132
  J329                 JUNCTION   2517.80  3626.46     0  00:30        5.85        8.24       2.610
  J330                 JUNCTION    853.94  1500.46     0  00:22        1.96        3.86       9.032
  J331                 JUNCTION   1232.35  1972.38     0  00:34        2.86        3.92      10.921
  J332                 JUNCTION   1617.97  3129.45     0  00:45        3.32        7.56     -48.562
  J333                 JUNCTION   1351.43  3395.59     0  00:30        2.98        9.06     -49.091
  J334                 JUNCTION   2201.60  3680.71     0  00:45        5.09         9.3       2.728
  J335                 JUNCTION   2157.28  2882.53     0  00:35        5.14        6.72       3.788
  J336                 JUNCTION   1059.45  3900.55     0  00:30        2.46        8.72       1.509
  J337                 JUNCTION    969.12   969.12     0  00:30         2.1         2.1       6.598
  J338                 JUNCTION   1386.13  2840.16     0  00:30        3.22        7.11       2.347
  J339                 JUNCTION   1063.28  2435.42     0  00:31        2.32        5.43       5.709
  J340                 JUNCTION   2254.54  3022.54     0  00:30        4.92        6.43       3.402
  J341                 JUNCTION   1387.90  1879.44     0  00:45        3.01        4.07       5.435
  J342                 JUNCTION    615.84  1036.83     0  00:24        1.24        1.81      15.766
  J343                 JUNCTION    230.69   536.05     0  00:35       0.468        1.12       5.144
  J344                 JUNCTION    677.96  2239.30     0  00:43        1.44        5.58       3.566
  J345                 JUNCTION    303.44  1507.59     0  00:29       0.608        3.29     -41.061
  J346                 JUNCTION   2504.08  2600.83     0  00:30        5.58        5.73       3.259
  J347                 JUNCTION   1026.10  1150.58     0  00:30        2.24        2.56       4.831
  J348                 JUNCTION    107.20   239.93     0  00:36       0.191       0.242      61.093
  J349                 JUNCTION    165.14   165.14     0  00:40        0.33        0.33       3.198
  J350                 JUNCTION   1903.79  2103.14     0  00:36        4.38        4.79     -48.814
  J351                 JUNCTION   5096.24  5096.24     0  00:40        12.1        12.1     -43.353
  J352                 JUNCTION    196.01  1543.75     0  00:59       0.397        3.22       1.313
  J353                 JUNCTION   1111.69  1740.84     0  00:33        2.41        4.07       1.709
  J354                 JUNCTION    187.66   774.10     0  00:59       0.364        1.47       1.017
  J355                 JUNCTION   1297.23  1535.74     0  00:34        2.91        3.05     -45.110
  J356                 JUNCTION    557.96   722.77     0  00:35        1.23        1.56       5.882
  J357                 JUNCTION    208.96   614.41     0  00:52       0.431       0.913       7.004
  J358                 JUNCTION    177.97   177.97     0  00:30       0.344       0.344       3.100
  J359                 JUNCTION   3034.33  4251.34     0  00:31        7.02        9.42     -49.693
  J360                 JUNCTION   1413.92  2785.70     0  00:44        3.06        6.37     -49.746
  J361                 JUNCTION    252.04  1267.60     0  00:35        0.49        2.55       5.653
  J362                 JUNCTION    208.66  2578.53     0  00:24       0.436        3.67       5.754
  J363                 JUNCTION    749.92  2056.07     0  00:38        1.67        3.47       5.981
  J364                 JUNCTION    312.64  1880.51     0  00:52       0.642         3.5       6.216
  J365                 JUNCTION    617.20  1264.66     0  00:24        1.44        3.12       4.543
  J366                 JUNCTION    735.75  1200.52     0  00:24        1.68        2.91       5.778
  J367                 JUNCTION    760.69  1995.18     0  00:30        1.71        4.55       3.440
  J368                 JUNCTION   1666.88  1888.77     0  00:30        3.68         4.1       3.354
  J369                 JUNCTION    228.49   228.49     0  00:30       0.433       0.433       1.625
  J370                 JUNCTION    103.07  1398.10     0  00:30       0.193        2.92       2.756
  J371                 JUNCTION   1322.00  1322.00     0  00:30        2.74        2.74       0.398
  J372                 JUNCTION   1427.13  1808.25     0  00:30        2.83        2.94     -44.616
  J373                 JUNCTION    332.95   673.19     0  00:13       0.691       0.755       9.381
  J374                 JUNCTION    239.64   762.88     0  00:15       0.466       0.511      17.157
  J375                 JUNCTION    313.99   989.61     0  00:24       0.613        1.25       4.885
  J376                 JUNCTION    803.64   985.59     0  00:36        1.62        2.17       8.425
  J377                 JUNCTION   1761.07  1761.07     0  00:30        3.72        3.83       7.031
  J378                 JUNCTION   4010.06  4753.15     0  00:30        9.18        11.1       2.155
  J379                 JUNCTION   2050.92  2587.21     0  00:35        4.65        5.83       4.612
  J380                 JUNCTION   1967.34  2543.07     0  00:36        4.36        5.66       4.717
  J381                 JUNCTION   1135.16  1477.88     0  00:30        2.61        3.09       6.871
  J382                 JUNCTION   3884.73  4246.77     0  00:30         8.7        9.37       2.264
  J383                 JUNCTION   2731.99  4332.52     0  00:29        6.19         9.7     -49.098
  J384                 JUNCTION   3578.81  5187.35     0  00:48        8.68          13       1.682
  J385                 JUNCTION   2774.44  2774.44     0  00:30        6.29        6.31     -21.778
  J386                 JUNCTION    939.43   940.48     0  00:12        2.05         2.1       5.138
  J387                 JUNCTION    791.50  1542.68     0  00:53        1.83        3.73       2.228
  J388                 JUNCTION    347.30  1822.08     0  00:46       0.741        4.38      -2.094
  J389                 JUNCTION    743.38  3909.88     0  00:34        1.59        9.99       2.736
  J390                 JUNCTION    176.98  5124.41     0  00:35       0.347        12.4       5.103
  J391                 JUNCTION    446.12   446.12     0  00:30       0.892       0.892       1.760
  J392                 JUNCTION    640.19   640.19     0  00:30        1.36        1.36       2.240
  J393                 JUNCTION   1352.91  2376.00     0  00:40        2.93        4.99       2.424
  J394                 JUNCTION   1724.30  3428.09     0  00:45        3.72         8.3       2.678
  J395                 JUNCTION    619.70   619.70     0  00:35        1.25        1.25       5.969
  J396                 JUNCTION   3171.34  3171.34     0  00:40        7.11        7.11       2.461
  J397                 JUNCTION   1148.48  6209.49     0  00:37        2.45        14.3       8.235
  J398                 JUNCTION   1570.61  3569.21     0  00:38        3.71        8.74      10.370
  J399                 JUNCTION    158.42  6413.98     0  00:31       0.303        7.39      10.567
  J400                 JUNCTION   1452.66  1452.66     0  00:30        3.16        3.47       4.299
  J401                 JUNCTION   2201.96  6119.42     0  00:42        4.89        13.5       2.758
  J402                 JUNCTION    315.09   315.09     0  00:30       0.608       0.608       4.446
  J403                 JUNCTION   1505.18  2231.51     0  00:35        3.35        4.82       0.642
  J404                 JUNCTION    923.29  1732.04     0  00:40        1.85        3.66       0.825
  J405                 JUNCTION    429.13   429.13     0  00:30       0.909       0.909       3.626
  J406                 JUNCTION    469.42   469.42     0  00:35       0.975       0.975       4.012
  J407                 JUNCTION    441.13   441.13     0  00:30       0.928       0.928       3.640
  J408                 JUNCTION    764.17  2083.69     0  00:33        1.63        4.87       3.305
  J409                 JUNCTION   1109.92  3446.29     0  00:33        2.45        7.28       2.326
  J410                 JUNCTION   1568.68  2230.73     0  00:30        3.25        5.04       2.715
  J411                 JUNCTION   1602.47  2876.02     0  00:30        3.26        6.51       2.267
  J412                 JUNCTION    320.20  1301.59     0  00:30       0.628        3.49     -49.242
  J413                 JUNCTION    128.55   315.40     0  00:20       0.238       0.483     -35.205
  J414                 JUNCTION     72.56   861.85     0  00:17        0.14       0.911     -48.342
  J415                 JUNCTION    159.47   913.46     0  00:25       0.296        1.61       4.175
  J416                 JUNCTION    214.95  1536.96     0  00:17       0.402        1.04       7.054
  J417                 JUNCTION    918.22  1993.73     0  00:30        2.04         4.5     -35.009
  J418                 JUNCTION    767.44   767.44     0  00:30         1.5         1.5       3.217
  J419                 JUNCTION    752.44   752.44     0  00:30        1.46        1.46       3.010
  J420                 JUNCTION    767.12  1521.13     0  00:31        1.73        3.18       2.232
  J421                 JUNCTION    676.84  1374.45     0  00:31        1.43        2.85       2.153
  J422                 JUNCTION   1734.57  2844.19     0  00:30        3.81        7.07       1.828
  J423                 JUNCTION    856.95  1513.64     0  00:36        1.85        3.15       3.173
  J424                 JUNCTION   3339.85  3339.85     0  00:45        7.65        7.65       1.290
  J425                 JUNCTION    674.20   674.20     0  00:35        1.35        1.35       3.602
  J426                 JUNCTION   1182.26  1182.26     0  00:30        2.67        2.77       4.033
  J427                 JUNCTION   1787.73  1913.79     0  00:32        3.96        4.34       2.666
  J428                 JUNCTION    101.77   101.77     0  00:30       0.191       0.191       4.553
  J429                 JUNCTION    730.75   730.75     0  00:30        1.43        1.43       2.043
  J430                 JUNCTION   1222.82  1926.29     0  00:30        2.56        3.96       3.496
  J431                 JUNCTION    495.39  1803.89     0  00:27        1.02        4.27     -49.553
  J432                 JUNCTION   1191.70  1284.85     0  00:30        2.46        2.64       2.652
  J433                 JUNCTION   2258.95  3471.86     0  00:30        4.56        7.14     -49.776
  J434                 JUNCTION   2036.48  3111.76     0  00:30         4.1        5.97       2.676
  J435                 JUNCTION     35.03  1230.20     0  00:16      0.0652        1.69     -48.308
  J436                 JUNCTION   1831.18  1831.18     0  00:30        3.64        3.64       0.684
  J437                 JUNCTION    901.10  2166.79     0  00:30         1.8        4.89     -49.863
  J438                 JUNCTION    852.26  1050.88     0  00:30         1.8        2.16       0.886
  J439                 JUNCTION   7683.46  7831.93     0  00:35        16.6        16.9     -49.903
  J440                 JUNCTION    584.70  2908.01     0  00:30        1.18        5.74       0.613
  J441                 JUNCTION   1205.61  1548.36     0  00:30        2.35        3.02       1.225
  J442                 JUNCTION    198.66   198.66     0  00:30       0.373       0.381       0.000
  J443                 JUNCTION    488.72   488.72     0  00:30       0.929       0.976       1.336
  J444                 JUNCTION    361.61   361.61     0  00:30       0.683       0.683       2.418
  J445                 JUNCTION    829.10   829.10     0  00:30         1.6         1.6       1.679
  J446                 JUNCTION    105.43   957.33     0  00:49       0.191         1.7       4.213
  J447                 JUNCTION    742.44   742.44     0  00:30        1.52        1.52       0.600
  J448                 JUNCTION    604.00   604.00     0  00:30        1.16        1.16       6.453
  J449                 JUNCTION   1682.26  2423.28     0  00:31        3.52        5.16       4.878
  J450                 JUNCTION   1071.11  1647.30     0  00:35         2.2        3.29       4.146
  J451                 JUNCTION    751.02  5116.79     0  00:30         1.6        11.6       0.558
  J452                 JUNCTION    961.36  4703.09     0  00:30         2.1        9.97       0.466
  J453                 JUNCTION   1416.61  1416.61     0  00:30        2.97        2.97       0.311
  J454                 JUNCTION   3251.22  3251.22     0  00:30        7.09         7.1      -2.538
  J455                 JUNCTION    198.62   198.62     0  00:45       0.465       0.465       5.557
  J456                 JUNCTION    495.83   495.83     0  00:40        1.09        1.09       7.872
  J457                 JUNCTION    785.57   955.79     0  00:32        1.78        2.22       3.955
  J458                 JUNCTION    944.62  1526.41     0  00:35        2.17        3.18       5.129
  J459                 JUNCTION   3181.66  9349.13     0  00:31        6.81        24.2       0.247
  J460                 JUNCTION  10610.71 11821.22     0  00:32        23.6        26.4       0.436
  J461                 JUNCTION   1762.92  5728.20     0  00:28        3.94        8.71       6.288
  J462                 JUNCTION   4580.14  4580.14     0  00:30        10.1        10.1       0.254
  J463                 JUNCTION    319.76  2941.66     0  00:20       0.686        2.73      21.475
  J464                 JUNCTION   2346.07  3134.70     0  00:30        5.24        7.62       5.385
  J465                 JUNCTION   4921.26  4958.20     0  00:30        10.8        10.9       2.122
  J466                 JUNCTION    764.72   764.72     0  00:30        1.56        1.56      14.497
  J467                 JUNCTION     46.61    46.61     0  00:30      0.0868      0.0868      14.900
  J468                 JUNCTION   1610.07  4808.13     0  00:40        3.46        10.3       0.641
  J469                 JUNCTION   1728.24  2753.98     0  00:30        3.95        6.61       2.657
  J470                 JUNCTION    816.37  6810.30     0  00:31        1.73        13.5       0.598
  J471                 JUNCTION    733.81  2975.95     0  00:30        1.64        7.41       1.412
  J472                 JUNCTION    453.28  6076.39     0  00:27           1        6.31       4.959
  J473                 JUNCTION     39.97  1733.83     0  00:30      0.0744        4.53       2.418
  J474                 JUNCTION    494.51  5185.46     0  00:27        1.05        4.43      21.296
  J475                 JUNCTION   1297.34  1999.07     0  00:35        2.72        4.92       2.601
  J476                 JUNCTION   1641.83  3004.25     0  00:30         3.6        6.78       3.175
  J477                 JUNCTION    958.49  1716.28     0  00:35        2.05        3.67       5.945
  J478                 JUNCTION    181.29  1746.29     0  00:35       0.347        3.78       6.084
  J479                 JUNCTION    369.74   846.18     0  00:30       0.739        1.68       3.484
  J480                 JUNCTION    398.02  2725.93     0  00:29       0.819        6.27     -44.909
  J481                 JUNCTION   1268.53  1580.95     0  00:35        2.92        3.54       2.965
  J482                 JUNCTION   1330.03  2266.63     0  00:35        3.08        5.91       3.058
  J483                 JUNCTION    315.90   315.90     0  00:35       0.637       0.637       3.502
  J484                 JUNCTION   2476.79  2476.79     0  00:40        5.81        5.81       1.429
  J485                 JUNCTION    265.03   923.14     0  00:17       0.571       0.629      10.612
  J486                 JUNCTION    457.10  1151.94     0  00:12       0.954           1       7.034
  J487                 JUNCTION   2239.09  3510.97     0  00:30        4.67         7.3     -48.896
  J488                 JUNCTION   1426.67  2631.55     0  00:40        3.01        5.57     -48.715
  J489                 JUNCTION   1310.65  1310.65     0  00:30        2.92        2.93       5.342
  J490                 JUNCTION   1196.75  1196.75     0  00:30        2.81        2.86       5.629
  J491                 JUNCTION    311.01   311.01     0  00:30        0.66        0.66       1.375
  J492                 JUNCTION    357.88   911.76     0  00:15        0.75        1.57       2.604
  J493                 JUNCTION    483.67   483.67     0  00:30       0.949       0.949       1.011
  J494                 JUNCTION    315.65  1203.08     0  00:11        0.65        1.66       2.779
  J495                 JUNCTION    405.64   405.64     0  00:30       0.869       0.869       4.309
  J496                 JUNCTION    499.14   612.76     0  00:19        1.01        1.08       9.986
  J497                 JUNCTION    519.18  1844.37     0  00:35        1.06        3.91       3.953
  J498                 JUNCTION    727.26  1194.37     0  00:32        1.67        2.69       6.010
  J499                 JUNCTION    203.05   203.05     0  00:35       0.391       0.391       4.766
  J500                 JUNCTION    358.04  1075.34     0  00:34       0.733        2.21      -0.067
  J501                 JUNCTION    584.62  1577.80     0  00:38        1.31        3.46       6.016
  J502                 JUNCTION    303.67  2261.19     0  00:30        0.58         4.8     -49.585
  J503                 JUNCTION    308.24  2163.08     0  00:29       0.583        4.82     -49.596
  J504                 JUNCTION   1034.91  1034.91     0  00:30        2.23        2.23       3.296
  J505                 JUNCTION   1103.67  1103.67     0  00:30        2.37        2.37       3.171
  J506                 JUNCTION   1204.67  2082.12     0  00:28        2.72        4.38       3.391
  J507                 JUNCTION    997.41  2099.33     0  00:30        2.27        4.39       4.175
  J508                 JUNCTION    284.89  1388.99     0  00:29       0.537        2.25     -48.762
  J509                 JUNCTION    864.15  1030.61     0  00:45         1.7        2.07     -46.357
  J510                 JUNCTION    980.00  2556.23     0  00:39        2.16        5.42       1.801
  J511                 JUNCTION    567.45  3032.75     0  00:39        1.17         6.5       0.516
  J512                 JUNCTION    348.81  1529.75     0  00:40       0.732        2.82       0.225
  J513                 JUNCTION    519.17   707.30     0  00:44        1.03        1.42       0.925
  J514                 JUNCTION    356.80   356.80     0  00:35       0.707       0.712       0.000
  J515                 JUNCTION    194.72   194.72     0  00:40       0.392       0.402       0.000
  J516                 JUNCTION    430.79   430.79     0  00:35       0.847       0.847       1.413
  J517                 JUNCTION    315.29   315.29     0  00:30       0.653       0.653       1.420
  J518                 JUNCTION    536.24  1651.48     0  00:35        1.08        3.41       1.290
  J519                 JUNCTION    415.88   724.49     0  00:30       0.883        1.53       2.559
  J520                 JUNCTION    777.80   777.80     0  00:40        1.61        1.61       6.023
  J521                 JUNCTION    561.60   561.60     0  00:35        1.26        1.26       2.903
  J522                 JUNCTION    209.64   770.52     0  00:35       0.404        1.63      13.799
  J523                 JUNCTION   1363.67  2131.92     0  00:42        3.16        4.68       4.035
  J524                 JUNCTION    694.90  2760.83     0  00:30        1.47        6.98     -49.738
  J525                 JUNCTION   1378.99  3304.48     0  00:35        3.32        8.26       1.811
  J526                 JUNCTION    824.37  3253.63     0  00:32        1.72        7.11       6.368
  J527                 JUNCTION     23.78  2305.15     0  00:19      0.0417        4.22       5.280
  J528                 JUNCTION    829.92  2701.86     0  00:20        1.71        4.73     -12.220
  J529                 JUNCTION   1039.21  1039.21     0  00:30        2.23        2.23       2.683
  J530                 JUNCTION   1821.65  1821.65     0  00:30        4.06        4.06       2.289
  J531                 JUNCTION    520.49   648.45     0  00:30        1.17        1.29     -46.092
  J532                 JUNCTION    512.02  1127.67     0  00:19        1.02        1.37     -22.517
  J533                 JUNCTION    643.40   663.92     0  00:50        1.33        1.42       6.247
  J534                 JUNCTION    556.66   913.74     0  00:31        1.22        1.77       4.781
  J535                 JUNCTION   1336.76  3165.27     0  00:40        3.07        7.76     -48.989
  J536                 JUNCTION    729.20  2446.33     0  00:30         1.5        5.08     -45.186
  J537                 JUNCTION    700.88  1039.01     0  00:35        1.42        2.37       8.899
  J538                 JUNCTION   1205.58  1571.30     0  00:29        2.73        3.52       5.933
  J539                 JUNCTION    335.41   335.41     0  00:30       0.695       0.695       9.392
  J540                 JUNCTION    429.40   429.40     0  00:30       0.841       0.843       7.828
  J541                 JUNCTION     29.48    29.48     0  00:30      0.0518      0.0518       7.391
  J542                 JUNCTION    740.54   740.54     0  00:35         1.5         1.5       2.068
  J543                 JUNCTION    558.28   817.15     0  00:23        1.17         1.2      12.272
  J544                 JUNCTION    571.06   680.86     0  00:22        1.18        1.25      11.669
  J545                 JUNCTION    721.29  1041.79     0  00:30        1.53        2.14     -47.384
  J546                 JUNCTION    985.24  2917.76     0  00:31        2.26        3.88     -45.658
  J547                 JUNCTION     24.95   760.31     0  00:35      0.0439        1.52       4.315
  J548                 JUNCTION    920.67   941.96     0  00:45        1.86        1.91      12.100
  J549                 JUNCTION     53.08   795.72     0  00:36       0.099        1.63     -16.436
  J550                 JUNCTION    243.44  1235.41     0  00:42       0.494        2.33     -33.186
  J551                 JUNCTION   1494.25  1790.94     0  00:30        2.97        4.02       0.748
  J552                 JUNCTION    270.01   270.01     0  00:35       0.556        0.57       0.000
  J553                 JUNCTION   1211.33  2066.59     0  00:34        2.61         4.2       1.229
  J554                 JUNCTION    296.34   525.23     0  00:30       0.639        1.09       2.456
  J555                 JUNCTION    229.17   229.17     0  00:30       0.459       0.459       0.529
  J556                 JUNCTION    178.19   779.39     0  00:16       0.343        1.71       1.006
  J557                 JUNCTION    210.54   973.94     0  00:19       0.413        1.97       2.899
  J558                 JUNCTION    168.56   652.29     0  00:15       0.323        1.46       5.363
  J559                 JUNCTION    340.54  1168.64     0  00:35       0.696        2.59       3.579
  J560                 JUNCTION    730.77  1122.20     0  00:30        1.46        2.31       3.895
  J561                 JUNCTION     44.65   962.64     0  00:31      0.0789        2.01       2.548
  J562                 JUNCTION    762.27   762.27     0  00:30        1.61        1.61       2.710
  J563                 JUNCTION    246.95  1015.63     0  00:30       0.486        2.18       3.324
  J564                 JUNCTION     80.64   925.19     0  00:31       0.168         1.9       5.718
  J565                 JUNCTION    582.71   582.71     0  00:40        1.21        1.25       7.842
  J566                 JUNCTION    366.43  1103.16     0  00:32       0.811        2.08     -48.520
  J567                 JUNCTION    459.95   507.09     0  00:30       0.963        1.02      10.717
  J568                 JUNCTION     76.09    76.09     0  00:30        0.14        0.14     157.079
  J569                 JUNCTION    175.06   542.62     0  00:32       0.349        1.16       6.595
  J570                 JUNCTION    378.52   378.52     0  00:30       0.839       0.839       3.589
  J571                 JUNCTION     72.49   366.48     0  00:30       0.135       0.769       6.575
  J572                 JUNCTION    277.68   277.68     0  00:30       0.569       0.569       4.324
  J573                 JUNCTION    343.35   343.35     0  00:30       0.702       0.702       4.401
  J574                 JUNCTION    179.75   511.86     0  00:32       0.375        1.05       4.977
  J575                 JUNCTION    332.19   332.19     0  00:30       0.671       0.671       2.233
  J576                 JUNCTION    602.97  1235.54     0  00:30        1.32        2.23     -48.822
  J577                 JUNCTION    491.59  1264.47     0  00:30       0.919        3.02       4.639
  J578                 JUNCTION    372.43  1092.30     0  00:30       0.761        2.85       3.599
  J579                 JUNCTION     62.28  1488.96     0  00:31       0.111        3.58       0.000
  J580                 JUNCTION   1635.16  8352.60     0  00:31         3.3        17.8       0.369
  J581                 JUNCTION    475.19  1960.68     0  00:31       0.917        4.39       0.148
  J582                 JUNCTION   1663.19  2552.43     0  00:33        3.72        5.54       1.493
  J583                 JUNCTION   2145.96  4834.09     0  00:30        4.35        10.4       2.603
  J584                 JUNCTION   1489.34  2753.32     0  00:30        3.19        6.21       2.761
  J585                 JUNCTION    258.64   797.80     0  00:10       0.547        1.54       4.310
  J586                 JUNCTION    212.69   792.48     0  00:15        0.42        1.35     -49.231
  J587                 JUNCTION    514.93   812.28     0  00:27        1.01        1.71       4.928
  J588                 JUNCTION    522.52   995.38     0  00:30       0.996        1.65       0.628
  J589                 JUNCTION    314.34   743.15     0  00:12       0.602       0.705       4.123
  J590                 JUNCTION    129.11   431.20     0  00:12       0.248       0.351       3.109
  J591                 JUNCTION    518.19  1349.39     0  00:30        1.01        3.12       4.456
  J592                 JUNCTION    932.04  1263.78     0  00:31        1.97        2.69       4.764
  J593                 JUNCTION    330.46   960.24     0  00:30       0.642        1.95       6.635
  J594                 JUNCTION      9.77  1453.40     0  00:28       0.017        3.15       4.297
  J595                 JUNCTION    654.41   654.41     0  00:30        1.33        1.33       2.352
  J596                 JUNCTION    372.78   372.78     0  00:35       0.839       0.839       2.385
  J597                 JUNCTION    801.00   801.00     0  00:30         1.7         1.7       4.316
  J598                 JUNCTION    490.68   490.68     0  00:40        1.06        1.06       6.417
  J599                 JUNCTION    411.11  1283.61     0  00:28       0.906        2.44       4.421
  J600                 JUNCTION    347.17   766.34     0  00:32       0.758        1.36     -34.651
  J601                 JUNCTION    259.69   909.87     0  00:14       0.554        1.05     -20.576
  J602                 JUNCTION    473.03   917.33     0  00:14       0.973        1.52       8.001
  J603                 JUNCTION    565.57   745.17     0  00:59        1.28        1.56       0.554
  J604                 JUNCTION    907.69  1368.57     0  00:27        1.86         2.4       6.288
  J605                 JUNCTION    966.94  1827.64     0  00:35        2.05        4.23     -43.038
  J606                 JUNCTION    428.28  1106.48     0  00:28       0.905         1.8       0.698
  J607                 JUNCTION    367.66   367.66     0  00:30       0.715       0.715       2.401
  J608                 JUNCTION    995.29  1350.25     0  00:30         2.1         2.8       2.049
  J609                 JUNCTION    816.95  1197.45     0  00:32        1.74        2.57       1.384
  J610                 JUNCTION    385.18   385.18     0  00:35       0.848       0.848       2.433
  J611                 JUNCTION    107.53   107.53     0  00:35        0.21       0.219      36.070
  J612                 JUNCTION    881.35   881.35     0  00:45        1.83        1.83       5.504
  J613                 JUNCTION    841.40  1699.63     0  00:35        1.91        3.64     -49.307
  J614                 JUNCTION    406.04   503.17     0  00:30       0.882        1.04     -47.507
  J615                 JUNCTION    390.23  4008.41     0  00:35         0.8        10.3       1.399
  J616                 JUNCTION    555.51  2910.71     0  00:42        1.23        5.71       0.620
  J617                 JUNCTION    451.76  2088.89     0  00:35       0.903         5.4       4.362
  J618                 JUNCTION    966.27  1676.68     0  00:35           2        3.62       4.336
  J619                 JUNCTION   1416.60  1929.42     0  00:33        3.26        4.09     -49.014
  J620                 JUNCTION    491.41   491.41     0  00:40        1.07        1.14       8.751
  J621                 JUNCTION   2761.90  3887.08     0  00:35        6.44        9.38       4.666
  J622                 JUNCTION   4097.80  4225.49     0  00:30        9.11        9.35       4.798
  J623                 JUNCTION     14.34   178.17     0  00:30      0.0267       0.269      11.346
  J624                 JUNCTION   3294.84  3294.84     0  00:30        7.24        7.24       4.185
  J625                 JUNCTION    189.06  1558.59     0  00:30       0.383        2.43      19.529
  J626                 JUNCTION    230.33  1281.56     0  00:30        0.47        3.13       4.745
  J627                 JUNCTION     86.06   172.79     0  00:30       0.153       0.351       0.564
  J628                 JUNCTION    660.39  1768.58     0  00:30        1.38        4.26       0.521
  J629                 JUNCTION   1358.95  2375.14     0  00:40        3.11        5.43       3.522
  J630                 JUNCTION   1082.01  1082.01     0  00:35        2.43        2.43       4.718
  J631                 JUNCTION    111.80  1211.95     0  00:30       0.211        2.32       1.785
  J632                 JUNCTION    499.00  1101.56     0  00:30       0.974        2.16       0.000
  J633                 JUNCTION    890.23  1608.91     0  00:30        1.89        3.43     -49.241
  J634                 JUNCTION    618.59   618.59     0  00:30         1.2         1.2       1.606
  J635                 JUNCTION    791.62   791.62     0  00:40        1.81        1.85       3.884
  J636                 JUNCTION    715.31   715.31     0  00:30        1.54        1.54       7.112
  J637                 JUNCTION    978.77   978.77     0  00:30        2.23        2.23       4.027
  J638                 JUNCTION   2856.11  2856.11     0  00:50        5.91        5.91       3.860
  J639                 JUNCTION   1638.64  1638.64     0  00:45        3.38        3.38       7.015
  J640                 JUNCTION   2832.54  2997.43     0  00:47        5.75        5.98       3.213
  J641                 JUNCTION     23.50  1467.30     0  00:55      0.0441        1.52      28.723
  J642                 JUNCTION   3927.20  4623.89     0  00:50         8.7        10.4       3.339
  J643                 JUNCTION   2489.30  3045.85     0  00:51        4.99        6.28       5.624
  J644                 JUNCTION   4390.85  6441.36     0  00:40        10.2        15.5     -49.408
  J645                 JUNCTION   2158.50  4328.76     0  00:45        4.72          10     -48.886
  J646                 JUNCTION   1946.95  1946.95     0  00:30         4.4         4.4       2.843
  J647                 JUNCTION   1699.45  1699.45     0  00:30        3.94        3.94       2.532
  J648                 JUNCTION    553.74   553.74     0  00:40        1.18        1.18       1.529
  J649                 JUNCTION   1218.23  1218.23     0  00:30        2.48        2.48       0.941
  J650                 JUNCTION    462.57  2064.71     0  00:35        0.95        5.11       3.732
  J651                 JUNCTION   1068.68  3106.64     0  00:30        2.26         7.1       4.737
  J652                 JUNCTION   2088.00  3198.48     0  00:45        4.45        7.62       1.976
  J653                 JUNCTION    884.75  2012.54     0  00:40        1.82        4.59       5.200
  J654                 JUNCTION   1337.27  2604.69     0  00:35        2.75        6.41       1.754
  J655                 JUNCTION   1840.82  3385.00     0  00:30        4.22         7.9       1.744
  J656                 JUNCTION    506.42  2510.41     0  00:35        1.03        6.42       1.476
  J657                 JUNCTION   1771.00  5009.93     0  00:40        3.88        11.7       1.474
  J658                 JUNCTION   2050.39  4467.22     0  00:50        4.21        10.5       0.308
  J659                 JUNCTION   2301.65  7256.36     0  00:46        4.77        16.2       0.678
  J660                 JUNCTION    145.90  1147.27     0  00:30       0.274        2.98       7.516
  J661                 JUNCTION   2153.27  2153.27     0  00:30        4.86        4.86       3.979
  J662                 JUNCTION   1901.83  1901.83     0  00:30        4.12        4.12       5.153
  J663                 JUNCTION   1387.98  1387.98     0  00:45        2.84        2.84      10.609
  J664                 JUNCTION   2103.30  2103.30     0  00:50        4.35        4.35       6.998
  J665                 JUNCTION   2215.59  3387.29     0  00:50        4.84        7.52       5.430
  J666                 JUNCTION   3444.18  4596.32     0  00:55        7.63        9.94       5.605
  J667                 JUNCTION   1577.39  4949.60     0  00:50        3.34        10.5     -49.609
  J668                 JUNCTION   7834.98 12394.01     0  00:55        19.1        28.5       0.473
  J669                 JUNCTION   1874.02  2842.75     0  00:45        3.81        6.56       1.730
  J670                 JUNCTION    523.61  4575.22     0  00:40        1.02        10.2       3.739
  J671                 JUNCTION   2291.83  3285.60     0  00:18        4.74        7.24     -26.596
  J672                 JUNCTION   1000.93  1428.87     0  00:30        2.32        3.15       2.669
  J673                 JUNCTION    798.89   942.04     0  00:40        1.73        2.11       3.321
  J674                 JUNCTION    437.30   437.30     0  00:30       0.844       0.844       1.446
  J675                 JUNCTION    205.08   205.08     0  00:30       0.389       0.389       1.671
  J676                 JUNCTION   1827.35  2984.28     0  00:45         4.2        7.46       4.199
  J677                 JUNCTION   2878.62  2878.62     0  00:40         6.8         6.8       2.136
  J678                 JUNCTION    957.86  3355.50     0  00:30        1.97        7.25       4.829
  J679                 JUNCTION   1248.65  1921.00     0  00:30        2.81        4.96       2.804
  J680                 JUNCTION    423.45   423.45     0  00:35       0.853       0.854      13.614
  J681                 JUNCTION   1078.08  1078.08     0  00:30        2.28        2.28       4.012
  J682                 JUNCTION   2573.00  3220.80     0  00:30        5.63        7.33       2.923
  J683                 JUNCTION   1397.34  1861.96     0  00:39        2.97        3.73       5.592
  J684                 JUNCTION   3711.56  3711.56     0  00:40        8.94        8.94       2.432
  J685                 JUNCTION   2794.21  2794.21     0  00:55        5.64        5.64       6.317
  J686                 JUNCTION   4411.33  7072.52     0  00:40        9.75        17.3     -48.869
  J687                 JUNCTION    930.20   930.20     0  00:30        1.93        1.93       2.463
  J688                 JUNCTION   1310.42  3076.40     0  00:30        2.94        7.02       3.857
  J689                 JUNCTION   2392.65  2392.65     0  00:35        5.66        5.66       0.176
  J690                 JUNCTION    608.38  3188.57     0  00:17        1.29        4.88       7.730
  J691                 JUNCTION   1537.34  4032.68     0  00:39        3.39        8.91       7.459
  J692                 JUNCTION   2617.79  3294.94     0  00:32        6.09        7.71       3.379
  J693                 JUNCTION   1541.07  2512.57     0  00:31        3.43        5.35       4.926
  J694                 JUNCTION    787.54   787.54     0  00:30         1.7         1.7       4.432
  J695                 JUNCTION    990.84   990.84     0  00:30           2           2       4.136
  J696                 JUNCTION    148.86  1262.86     0  00:30       0.297        1.67      62.172
  J697                 JUNCTION    377.90  1065.52     0  00:36         0.8        2.03       2.930
  J698                 JUNCTION   1081.97  2203.42     0  00:30        2.36        4.92       1.163
  J699                 JUNCTION    626.56   626.56     0  00:40        1.28        1.31      -0.835
  J700                 JUNCTION   1436.00  1436.00     0  00:40        3.15        3.18     -14.756
  J701                 JUNCTION   2043.94  2043.94     0  00:40        4.42        4.42       2.240
  J702                 JUNCTION   1037.09  2865.75     0  00:35        2.21        6.39     -49.532
  J703                 JUNCTION    258.35   754.92     0  00:11       0.499       0.506       1.975
  J704                 JUNCTION     92.32    92.32     0  00:30       0.161       0.161       0.391
  J705                 JUNCTION     79.57  1865.13     0  00:59        0.14        4.36       0.510
  J706                 JUNCTION   1821.67  1821.67     0  00:40        4.17        4.17     -12.198
  J707                 JUNCTION    263.17   492.94     0  00:10       0.512       0.821       7.347
  J708                 JUNCTION    628.50   779.30     0  00:30        1.27        1.37     -43.287
  J709                 JUNCTION    220.21   220.21     0  00:30       0.417       0.417       0.972
  J710                 JUNCTION    242.96   836.83     0  00:35       0.486        1.63       0.472
  J711                 JUNCTION    378.18   378.18     0  00:35       0.745       0.745       0.000
  J712                 JUNCTION    613.40   613.40     0  00:30        1.35        1.35       0.642
  J713                 JUNCTION    385.40   416.42     0  00:30        0.83       0.916       1.267
  J714                 JUNCTION   2844.08  3187.03     0  00:45        5.92        6.82       0.067
  J715                 JUNCTION    864.70   864.70     0  00:40        1.99        1.99       0.126
  J716                 JUNCTION     98.42    98.42     0  00:30       0.178       0.178       0.420
  J717                 JUNCTION   9306.71  9306.71     0  00:59        18.1        18.1       0.055
  J718                 JUNCTION    873.86  3121.78     0  00:29        1.77        7.95       0.597
  J719                 JUNCTION    441.82  2302.64     0  00:27       0.856         6.3       1.758
  J720                 JUNCTION    519.96  1658.60     0  00:21       0.996        2.54     -48.878
  J721                 JUNCTION   1061.11  3020.63     0  00:30        2.22        7.74       1.366
  J722                 JUNCTION   1500.65  2473.47     0  00:30        2.85        5.12       1.948
  J723                 JUNCTION    157.17  1076.97     0  00:30       0.294        2.26       2.535
  J724                 JUNCTION   2496.91  3987.06     0  00:30        5.23        8.46       1.785
  J725                 JUNCTION    938.06   938.06     0  00:30        1.99        1.99       1.576
  J726                 JUNCTION   1532.49  1532.49     0  00:30        3.28        3.28       1.452
  J727                 JUNCTION   1871.24  1871.24     0  00:30        3.63        3.63       1.508
  J728                 JUNCTION   3047.10  5352.25     0  00:30        6.37          10       1.786
  J729                 JUNCTION   1233.80  1815.33     0  00:36        2.64        4.03       2.273
  J730                 JUNCTION   1669.58  2694.26     0  00:30        3.36        6.29       1.615
  J731                 JUNCTION   1328.63  1328.63     0  00:30        2.81        2.81       1.818
  J732                 JUNCTION    989.51   989.51     0  00:40        2.37        2.37       2.366
  J733                 JUNCTION    993.21  2041.39     0  00:35        2.04        4.48       6.882
  J734                 JUNCTION   1076.38  3146.58     0  00:35        2.25        6.58     -49.211
  J735                 JUNCTION   2085.68  3909.52     0  00:45        4.38        8.49       1.914
  J736                 JUNCTION   1521.76  1997.97     0  00:30        3.27        4.65     -49.186
  J737                 JUNCTION    819.06   819.06     0  00:30         1.6         1.6       2.073
  J738                 JUNCTION     71.89    71.89     0  00:30        0.13        0.13       4.503
  J739                 JUNCTION    823.37   823.37     0  00:35        1.74        1.74       0.000
  J740                 JUNCTION    794.47  1571.96     0  00:30        1.66        3.39       2.138
  J741                 JUNCTION   1427.18  2987.21     0  00:33         3.3        6.82       3.793
  J742                 JUNCTION   1002.15  2907.15     0  00:35        2.27        5.84     -49.059
  J743                 JUNCTION    237.66  1409.36     0  00:28       0.468        3.46     -49.698
  J744                 JUNCTION    908.15  2962.11     0  00:34        1.85        7.53       2.379
  J745                 JUNCTION   1028.93  2188.61     0  00:40        2.17        5.48       3.199
  J746                 JUNCTION     17.38  1066.69     0  00:14      0.0307       0.207     -39.026
  J747                 JUNCTION   1006.40  1081.04     0  00:22        2.06        2.16       5.120
  J748                 JUNCTION    525.40  1671.94     0  00:40         1.1        4.24       2.467
  J749                 JUNCTION   1842.77  2217.16     0  00:34        3.94        4.82       3.721
  J750                 JUNCTION   1456.51  2425.68     0  00:35        3.27        5.92       2.878
  J751                 JUNCTION   4938.50  7774.04     0  00:59        9.01        15.9     -49.984
  J752                 JUNCTION   1575.37  4784.98     0  00:49        3.17        10.6     -49.970
  J753                 JUNCTION   2553.14  3729.75     0  00:45        5.44        8.56     -49.455
  out1                 OUTFALL       0.00     0.00     0  00:00           0           0       0.000 ltr
  out2                 OUTFALL       0.00     0.00     0  00:00           0           0       0.000 ltr
  out3                 OUTFALL       0.00  1345.25     0  00:37           0        2.79       0.000
  out4                 OUTFALL       0.00  4007.05     0  00:35           0        10.1       0.000
  out5                 OUTFALL       0.00  1348.12     0  00:31           0        2.74       0.000
  out6                 OUTFALL       0.00  1197.20     0  00:33           0        2.53       0.000
  out7                 OUTFALL       0.00  1651.07     0  00:35           0        3.37       0.000
  out8                 OUTFALL       0.00  1384.07     0  00:40           0        2.81       0.000
  out9                 OUTFALL       0.00  7256.36     0  00:46           0        16.1       0.000
  out10                OUTFALL       0.00  5444.12     0  00:30           0        12.7       0.000
  out11                OUTFALL       0.00  5026.01     0  00:30           0        12.9       0.000
  out12                OUTFALL       0.00  3533.22     0  00:30           0        8.46       0.000
  out13                OUTFALL       0.00  1464.58     0  00:31           0        3.11       0.000
  out14                OUTFALL       0.00  2845.22     0  00:30           0        6.94       0.000
  out15                OUTFALL       0.00  1513.17     0  00:36           0        3.06       0.000
  out16                OUTFALL       0.00  2807.60     0  00:35           0        5.81       0.000
  out17                OUTFALL       0.00  1381.32     0  00:36           0        2.73       0.000
  out18                OUTFALL       0.00  2873.75     0  00:40           0        6.58       0.000
  out19                OUTFALL       0.00   231.22     0  00:30           0       0.439       0.000
  out20                OUTFALL       0.00  3428.09     0  00:45           0        8.08       0.000
  out21                OUTFALL       0.00  3336.40     0  00:33           0        6.87       0.000
  out22                OUTFALL       0.00  4702.74     0  00:30           0        9.92       0.000
  out23                OUTFALL       0.00  2906.79     0  00:31           0        5.71       0.000
  out24                OUTFALL       0.00  5020.91     0  00:31           0        11.6       0.000
  out25                OUTFALL       0.00  3046.94     0  00:31           0        6.41       0.000
  out26                OUTFALL       0.00  3429.44     0  00:40           0        7.88       0.000
  out27                OUTFALL       0.00  2948.85     0  00:30           0        6.23       0.000
  out28                OUTFALL       0.00  3357.34     0  00:35           0        7.32       0.000
  out29                OUTFALL       0.00  2377.55     0  00:35           0        5.99       0.000
  out30                OUTFALL       0.00  1735.39     0  00:33           0        3.82       0.000
  out31                OUTFALL       0.00   304.40     0  00:30           0       0.591       0.000
  out32                OUTFALL       0.00  2280.38     0  00:45           0        5.01       0.000
  out33                OUTFALL       0.00  2231.49     0  00:35           0        4.79       0.000
  out34                OUTFALL       0.00     0.00     0  00:00           0           0       0.000 ltr
  out35                OUTFALL       0.00     0.00     0  00:00           0           0       0.000 ltr
  out36                OUTFALL       0.00  1798.14     0  00:40           0        4.22       0.000
  out37                OUTFALL       0.00  2124.20     0  00:45           0        5.25       0.000
  out38                OUTFALL       0.00  1843.16     0  00:36           0        3.72       0.000
  out39                OUTFALL       0.00  2073.38     0  00:45           0        4.62       0.000
  out40                OUTFALL       0.00  5805.11     0  00:31           0        13.4       0.000
  out41                OUTFALL       0.00  3927.27     0  00:30           0         9.7       0.000
  out42                OUTFALL       0.00  3408.09     0  00:30           0        7.35       0.000
  out43                OUTFALL       0.00  3592.70     0  00:30           0        7.87       0.000
  out44                OUTFALL       0.00  1919.47     0  00:32           0        3.78       0.000
  out45                OUTFALL       0.00  4852.62     0  00:59           0        12.8       0.000
  out46                OUTFALL       0.00  1721.12     0  00:35           0        4.15       0.000
  out47                OUTFALL       0.00     0.00     0  00:00           0           0       0.000 ltr
  out48                OUTFALL       0.00  3251.17     0  00:29           0        7.91       0.000
  out49                OUTFALL       0.00     0.00     0  00:00           0           0       0.000 ltr
  out50                OUTFALL       0.00     0.00     0  00:00           0           0       0.000 ltr
  out51                OUTFALL       0.00     0.00     0  00:00           0           0       0.000 ltr
  out52                OUTFALL       0.00   743.27     0  00:32           0         1.5       0.000
  out53                OUTFALL       0.00  3059.35     0  00:30           0        7.79       0.000
  out54                OUTFALL       0.00  2068.25     0  00:35           0        4.98       0.000
  out55                OUTFALL       0.00  4653.23     0  00:26           0        11.9       0.000
  out56                OUTFALL       0.00    98.35     0  00:30           0       0.177       0.000
  out57                OUTFALL       0.00   864.73     0  00:40           0        1.99       0.000
  out58                OUTFALL       0.00  3187.00     0  00:45           0        6.82       0.000
  out59                OUTFALL       0.00   583.14     0  00:31           0        1.26       0.000
  out60                OUTFALL       0.00   836.75     0  00:30           0        1.63       0.000
  out61                OUTFALL       0.00  1865.13     0  00:59           0        4.31       0.000
  out62                OUTFALL       0.00    92.24     0  00:30           0       0.161       0.000
  out63                OUTFALL       0.00   172.80     0  00:30           0       0.349       0.000
  out64                OUTFALL       0.00  1680.57     0  00:30           0        4.04       0.000
  out65                OUTFALL       0.00  1103.43     0  00:28           0        2.71       0.000
  out66                OUTFALL       0.00  2550.90     0  00:33           0        5.46       0.000
  out67                OUTFALL       0.00  1995.32     0  00:35           0        4.13       0.000
  out68                OUTFALL       0.00  2716.46     0  00:30           0         6.8       0.000
  out69                OUTFALL       0.00  7130.08     0  00:45           0        14.9       0.000
  out70                OUTFALL       0.00  4966.65     0  00:50           0        9.77       0.000
  out71                OUTFALL       0.00  1387.91     0  00:37           0        2.88       0.000
  out72                OUTFALL       0.00  4467.06     0  00:50           0        10.5       0.000
  out73                OUTFALL       0.00 12393.81     0  00:55           0        28.4       0.000
  out74                OUTFALL       0.00  2790.16     0  00:33           0        7.73       0.000
  out75                OUTFALL       0.00  1534.54     0  00:40           0        3.16       0.000
  out76                OUTFALL       0.00  2293.84     0  00:47           0        5.35       0.000
  out77                OUTFALL       0.00  2060.72     0  00:40           0        4.76       0.000
  out78                OUTFALL       0.00  4499.78     0  00:39           0        10.2       0.000
  out79                OUTFALL       0.00  1438.53     0  00:56           0         2.8       0.000
  out80                OUTFALL       0.00  8353.08     0  00:31           0        17.7       0.000
  out81                OUTFALL       0.00  1471.72     0  00:30           0        3.62       0.000
  out82                OUTFALL       0.00  3030.65     0  00:40           0        6.46       0.000
  out83                OUTFALL       0.00  2842.64     0  00:46           0        6.45       0.000
  out84                OUTFALL       0.00  3396.54     0  00:59           0         9.8       0.000
  out85                OUTFALL       0.00  2374.75     0  00:40           0        4.87       0.000
  out86                OUTFALL       0.00  1374.13     0  00:31           0        2.79       0.000
  out87                OUTFALL       0.00  1731.99     0  00:40           0        3.63       0.000
  out88                OUTFALL       0.00  9349.07     0  00:31           0        24.2       0.000
  out89                OUTFALL       0.00     0.00     0  00:00           0           0       0.000 ltr
  out90                OUTFALL       0.00  3059.74     0  00:35           0         8.1       0.000
  out91                OUTFALL       0.00  3563.85     0  00:35           0        9.82       0.000
  sea                  OUTFALL       0.00     0.00     0  00:00           0           0       0.000 ltr
  mount                OUTFALL       0.00     0.00     0  00:00           0           0       0.000 ltr
  sea1                 OUTFALL    2140.67  2140.67     0  00:50        4.72        4.72       0.000
  sea2                 OUTFALL    2145.14  2145.14     0  00:55        4.21        4.21       0.000
  sea3                 OUTFALL    6039.66  6039.66     0  00:59        11.3        11.3       0.000
  sea4                 OUTFALL     772.54   772.54     0  00:40        1.59        1.59       0.000
  sea5                 OUTFALL     556.68   556.68     0  00:40        1.13        1.13       0.000
  sea6                 OUTFALL    1507.66  1507.66     0  00:55        2.88        2.88       0.000
  sea7                 OUTFALL     985.56   985.56     0  00:50         1.9         1.9       0.000
  sea8                 OUTFALL     673.38   673.38     0  00:40        1.35        1.35       0.000
  sea9                 OUTFALL    1824.35  1824.35     0  00:45        3.74        3.74       0.000
  sea10                OUTFALL    2869.47  2869.47     0  00:50        6.29        6.29       0.000
  sea11                OUTFALL     452.47   452.47     0  00:40       0.919       0.919       0.000
  sea12                OUTFALL    1034.41  1034.41     0  00:45        2.13        2.13       0.000
  sea13                OUTFALL    2009.62  2009.62     0  00:50        3.97        3.97       0.000
  sea14                OUTFALL      24.24    24.24     0  00:30      0.0428      0.0428       0.000
  sea15                OUTFALL     730.04   730.04     0  00:35        1.55        1.55       0.000
  sea16                OUTFALL    1886.28  1886.28     0  00:45        3.97        3.97       0.000
  sea17                OUTFALL    3713.25  3713.25     0  00:59        7.14        7.14       0.000
  sea18                OUTFALL     658.10   658.10     0  00:45        1.38        1.38       0.000
  sea19                OUTFALL   13238.54 13238.54     0  00:59        23.4        23.4       0.000
  sea20                OUTFALL     738.54   738.54     0  00:40        1.51        1.51       0.000
  sea21                OUTFALL     951.53   951.53     0  00:40        2.02        2.02       0.000
  sea22                OUTFALL    2922.91  2922.91     0  00:45        6.86        6.86       0.000
  sea23                OUTFALL    3724.75  3724.75     0  00:59        6.56        6.56       0.000
  sea24                OUTFALL    1175.92  1175.92     0  00:45         2.4         2.4       0.000
  sea25                OUTFALL     419.86   419.86     0  00:40       0.856       0.856       0.000
  sea26                OUTFALL     839.28   839.28     0  00:40        1.73        1.73       0.000
  sea27                OUTFALL     819.30   819.30     0  00:30        1.81        1.81       0.000
  sea28                OUTFALL    1004.80  1004.80     0  00:45         2.2         2.2       0.000
  sea29                OUTFALL     402.47   402.47     0  00:50       0.751       0.751       0.000
  sea30                OUTFALL     739.13   739.13     0  00:30        1.54        1.54       0.000
  sea31                OUTFALL     506.88   506.88     0  00:50       0.945       0.945       0.000
  sea32                OUTFALL     467.64   467.64     0  00:30       0.929       0.929       0.000
  sea33                OUTFALL     702.17   702.17     0  00:30        1.48        1.48       0.000
  sea34                OUTFALL     357.37   357.37     0  00:30        0.74        0.74       0.000
  sea35                OUTFALL    1587.91  1587.91     0  00:30        3.32        3.32       0.000
  sea36                OUTFALL     424.37   424.37     0  00:40       0.861       0.861       0.000
  sea37                OUTFALL     447.09   447.09     0  00:40       0.919       0.919       0.000
  sea38                OUTFALL     509.83   509.83     0  00:35           1           1       0.000
  sea39                OUTFALL      59.94    59.94     0  00:30       0.107       0.107       0.000
  sea40                OUTFALL     139.79   139.79     0  00:35       0.271       0.271       0.000
  sea41                OUTFALL   19866.30 19866.30     0  00:59        42.9        42.9       0.000
  sea42                OUTFALL     691.39   691.39     0  00:45        1.43        1.43       0.000
  sea43                OUTFALL    4859.49  4859.49     0  00:59        9.16        9.16       0.000
  sea44                OUTFALL     456.74   456.74     0  00:40       0.935       0.935       0.000
  sea45                OUTFALL     856.29   856.29     0  00:35        2.04        2.04       0.000
  sea46                OUTFALL      45.25    45.25     0  00:30      0.0911      0.0911       0.000
  sea47                OUTFALL    1701.57  1701.57     0  00:59        2.86        2.86       0.000
  sea48                OUTFALL       1.16     1.16     0  00:30     0.00199     0.00199       0.000
  sea49                OUTFALL    1824.39  1824.39     0  00:45        3.72        3.72       0.000
  sea50                OUTFALL      64.73    64.73     0  00:30       0.109       0.109       0.000
  sea51                OUTFALL     252.77   252.77     0  00:40       0.503       0.503       0.000
  sea52                OUTFALL      73.84    73.84     0  00:30       0.137       0.137       0.000
  sea53                OUTFALL    2070.03  2070.03     0  00:45         4.4         4.4       0.000
  sea54                OUTFALL    6145.14  6145.14     0  00:59        11.6        11.6       0.000
  sea55                OUTFALL     482.39   482.39     0  00:30       0.944       0.944       0.000
  sea56                OUTFALL    1532.31  1532.31     0  00:30        3.37        3.37       0.000
  sea57                OUTFALL    1265.70  1265.70     0  00:30        2.79        2.79       0.000
  sea58                OUTFALL     298.51   298.51     0  00:30       0.573       0.573       0.000
  sea59                OUTFALL     350.88   350.88     0  00:30       0.736       0.736       0.000
  sea60                OUTFALL     643.08   643.08     0  00:30        1.32        1.32       0.000
  sea61                OUTFALL     887.68   887.68     0  00:30        1.83        1.83       0.000
  sea62                OUTFALL    1019.76  1019.76     0  00:30        2.36        2.36       0.000
  mount1               OUTFALL    3293.97  3293.97     0  00:50        6.72        6.72       0.000
  mount2               OUTFALL     759.58   759.58     0  00:30        1.52        1.52       0.000
  mount3               OUTFALL    2374.85  2374.85     0  00:30        5.46        5.46       0.000
  mount4               OUTFALL     527.77   527.77     0  00:30        1.03        1.03       0.000
  mount5               OUTFALL     942.20   942.20     0  00:50        1.89        1.89       0.000
  mount6               OUTFALL    5352.70  5352.70     0  00:59        9.65        9.65       0.000
  mount7               OUTFALL     948.43   948.43     0  00:59        1.71        1.71       0.000
  mount8               OUTFALL    3534.35  3534.35     0  00:30         8.4         8.4       0.000
  mount9               OUTFALL     466.28   466.28     0  00:30       0.895       0.895       0.000
  mount10              OUTFALL    2184.36  2184.36     0  00:50        4.43        4.43       0.000
  mount11              OUTFALL    5117.30  5117.30     0  00:59        11.9        11.9       0.000
  mount12              OUTFALL    4237.02  4237.02     0  00:59        8.29        8.29       0.000
  
  
  **********************
  Node Surcharge Summary
  **********************
  
  Surcharging occurs when water rises above the top of the highest conduit.
  ---------------------------------------------------------------------
                                               Max. Height   Min. Depth
                                   Hours       Above Crown    Below Rim
  Node                 Type      Surcharged         Meters       Meters
  ---------------------------------------------------------------------
  J1                   JUNCTION        0.77          1.184        0.000
  J2                   JUNCTION        0.74          2.111        0.000
  J3                   JUNCTION        0.78          2.283        0.000
  J4                   JUNCTION        0.79          2.009        0.000
  J5                   JUNCTION        0.61          1.703        0.000
  J6                   JUNCTION        0.83          1.783        0.000
  J7                   JUNCTION        0.79          2.349        0.000
  J8                   JUNCTION        0.79          2.307        0.000
  J9                   JUNCTION        0.78          1.803        0.000
  J10                  JUNCTION        0.71          1.479        0.000
  J11                  JUNCTION        0.67          3.351        0.000
  J12                  JUNCTION        0.18          3.600        0.000
  J13                  JUNCTION        0.75          5.784        0.000
  J14                  JUNCTION        0.65          2.086        0.000
  J15                  JUNCTION        0.69          2.586        0.000
  J16                  JUNCTION        0.64          2.515        0.000
  J17                  JUNCTION        0.64          2.941        0.000
  J18                  JUNCTION        0.62          3.212        0.000
  J19                  JUNCTION        0.54          2.485        0.000
  J20                  JUNCTION        0.31          2.005        0.000
  J21                  JUNCTION        0.42          0.039        0.000
  J22                  JUNCTION        0.25          2.400        0.000
  J23                  JUNCTION        0.61          2.174        0.000
  J24                  JUNCTION        0.67          2.909        0.000
  J25                  JUNCTION        0.68          2.399        0.000
  J26                  JUNCTION        0.74          2.387        0.000
  J27                  JUNCTION        0.69          2.345        0.000
  J28                  JUNCTION        0.69          2.604        0.000
  J30                  JUNCTION        0.70          2.148        0.000
  J31                  JUNCTION        0.85          1.786        0.000
  J32                  JUNCTION        0.43          1.300        0.000
  J33                  JUNCTION        0.62          1.456        0.000
  J34                  JUNCTION        0.69          1.910        0.000
  J36                  JUNCTION        0.50          1.400        0.000
  J37                  JUNCTION        0.48          1.409        0.791
  J39                  JUNCTION        0.70          1.887        0.000
  J40                  JUNCTION        0.15          2.200        0.000
  J41                  JUNCTION        0.60          1.931        0.000
  J42                  JUNCTION        0.88          2.686        0.000
  J43                  JUNCTION        0.80          2.407        0.000
  J44                  JUNCTION        0.76          4.138        0.000
  J45                  JUNCTION        0.76          3.141        0.000
  J46                  JUNCTION        0.76          3.048        0.000
  J48                  JUNCTION        0.77          3.044        0.000
  J49                  JUNCTION        0.78          3.101        0.000
  J50                  JUNCTION        0.76          3.147        0.000
  J52                  JUNCTION        0.76          2.721        0.000
  J53                  JUNCTION        0.67          0.287        0.000
  J54                  JUNCTION        0.60          1.332        0.000
  J55                  JUNCTION        0.71          1.812        0.000
  J56                  JUNCTION        0.85          2.099        0.000
  J59                  JUNCTION        0.05          0.074        2.226
  J63                  JUNCTION        0.64          1.513        0.000
  J64                  JUNCTION        0.75          1.538        0.000
  J65                  JUNCTION        0.76          2.031        0.000
  J66                  JUNCTION        0.76          2.328        0.000
  J67                  JUNCTION        0.72          3.292        0.000
  J70                  JUNCTION        0.63          1.316        0.384
  J71                  JUNCTION        0.60          3.797        0.000
  J73                  JUNCTION        0.26          0.048        1.752
  J74                  JUNCTION        0.51          0.166        1.434
  J75                  JUNCTION        0.45          1.650        0.000
  J76                  JUNCTION        0.44          1.663        0.000
  J77                  JUNCTION        0.43          1.585        0.000
  J78                  JUNCTION        0.43          0.986        0.000
  J79                  JUNCTION        0.71         10.523        0.000
  J80                  JUNCTION        0.80          8.526        0.000
  J81                  JUNCTION        0.79          2.654        0.000
  J82                  JUNCTION        0.78          3.248        0.000
  J83                  JUNCTION        0.73          5.904        0.000
  J84                  JUNCTION        0.72          5.504        0.000
  J85                  JUNCTION        0.65          4.205        0.000
  J86                  JUNCTION        0.66          1.220        0.000
  J93                  JUNCTION        0.59          2.483        0.000
  J94                  JUNCTION        0.61          2.478        0.222
  J96                  JUNCTION        0.31          0.050        1.750
  J98                  JUNCTION        0.81          3.209        0.000
  J99                  JUNCTION        0.69          2.413        0.000
  J100                 JUNCTION        0.75          4.426        0.000
  J102                 JUNCTION        0.73          2.275        0.000
  J103                 JUNCTION        0.65          2.095        0.000
  J104                 JUNCTION        0.58          1.910        0.000
  J105                 JUNCTION        0.71          2.428        0.000
  J106                 JUNCTION        0.70          3.005        0.000
  J107                 JUNCTION        0.81          1.939        0.000
  J108                 JUNCTION        0.60          2.107        0.000
  J109                 JUNCTION        0.47          1.660        0.000
  J110                 JUNCTION        0.60          1.465        0.000
  J112                 JUNCTION        0.35          1.300        0.000
  J116                 JUNCTION        0.59          1.683        0.000
  J118                 JUNCTION        0.79          1.798        0.000
  J119                 JUNCTION        0.57          2.547        0.000
  J120                 JUNCTION        0.81          2.218        0.000
  J121                 JUNCTION        0.57          2.497        0.000
  J122                 JUNCTION        0.69          2.450        0.000
  J123                 JUNCTION        0.75          0.354        0.000
  J124                 JUNCTION        0.61          2.712        0.000
  J125                 JUNCTION        0.48          1.606        0.000
  J126                 JUNCTION        0.64          1.540        0.000
  J127                 JUNCTION        0.68          1.858        0.000
  J130                 JUNCTION        0.74          3.436        0.000
  J131                 JUNCTION        0.71          3.035        0.000
  J132                 JUNCTION        0.58          1.544        0.000
  J133                 JUNCTION        0.78          3.491        0.000
  J134                 JUNCTION        0.76          1.593        0.000
  J135                 JUNCTION        0.67          1.486        0.000
  J136                 JUNCTION        0.71          2.222        0.000
  J137                 JUNCTION        0.80          1.765        0.000
  J138                 JUNCTION        0.80          2.054        0.000
  J139                 JUNCTION        0.69          1.752        0.000
  J140                 JUNCTION        0.90          0.937        0.000
  J142                 JUNCTION        0.57          0.885        0.000
  J143                 JUNCTION        0.60          0.847        0.000
  J145                 JUNCTION        0.90          2.587        0.000
  J146                 JUNCTION        0.89          1.872        0.000
  J147                 JUNCTION        0.82          1.326        0.000
  J149                 JUNCTION        0.61          1.145        0.000
  J150                 JUNCTION        0.62          1.484        0.000
  J151                 JUNCTION        0.62          1.362        0.000
  J152                 JUNCTION        0.63          1.616        0.000
  J153                 JUNCTION        0.65          2.509        0.000
  J154                 JUNCTION        0.74          3.417        0.000
  J155                 JUNCTION        0.25          2.200        0.000
  J156                 JUNCTION        0.56          0.283        0.000
  J157                 JUNCTION        0.62          0.453        0.000
  J158                 JUNCTION        0.62          0.527        0.000
  J159                 JUNCTION        0.59          0.419        0.000
  J160                 JUNCTION        0.45          1.500        0.000
  J161                 JUNCTION        0.66          2.027        0.000
  J162                 JUNCTION        0.73          2.958        0.000
  J163                 JUNCTION        0.75          2.300        0.200
  J164                 JUNCTION        0.71          1.900        0.000
  J165                 JUNCTION        0.74          2.179        0.000
  J166                 JUNCTION        0.71          1.524        0.000
  J168                 JUNCTION        0.44          1.901        0.000
  J171                 JUNCTION        0.03          1.600        0.000
  J175                 JUNCTION        0.66          1.895        0.000
  J176                 JUNCTION        0.71          2.594        0.000
  J177                 JUNCTION        0.74          3.014        0.000
  J178                 JUNCTION        0.74          2.635        0.000
  J180                 JUNCTION        0.09          0.902        0.000
  J182                 JUNCTION        0.07          1.500        0.000
  J184                 JUNCTION        0.24          1.600        0.000
  J186                 JUNCTION        0.53          1.850        0.000
  J187                 JUNCTION        0.42          0.040        0.000
  J188                 JUNCTION        0.60          1.931        0.000
  J189                 JUNCTION        0.61          1.250        0.000
  J190                 JUNCTION        0.31          1.800        0.000
  J192                 JUNCTION        0.52          1.501        0.000
  J195                 JUNCTION        0.59          1.276        1.024
  J197                 JUNCTION        0.82          2.276        0.000
  J198                 JUNCTION        0.82          0.981        0.000
  J199                 JUNCTION        0.85          2.198        0.000
  J200                 JUNCTION        0.83          3.658        0.000
  J201                 JUNCTION        0.82          5.055        0.000
  J202                 JUNCTION        0.78          2.252        0.000
  J203                 JUNCTION        0.71          2.363        0.000
  J204                 JUNCTION        0.68          3.522        0.000
  J205                 JUNCTION        0.66          3.101        0.000
  J206                 JUNCTION        0.70          3.529        0.000
  J207                 JUNCTION        0.61          3.100        0.000
  J208                 JUNCTION        0.76          2.015        0.000
  J209                 JUNCTION        0.80          2.424        0.000
  J211                 JUNCTION        0.54          1.325        0.000
  J213                 JUNCTION        0.50          0.037        0.000
  J216                 JUNCTION        0.32          1.501        0.000
  J217                 JUNCTION        0.37          0.020        0.000
  J218                 JUNCTION        0.65          1.600        0.000
  J219                 JUNCTION        0.66          1.774        0.000
  J220                 JUNCTION        0.70          2.059        0.000
  J221                 JUNCTION        0.69          0.745        0.000
  J222                 JUNCTION        0.79          0.648        0.000
  J223                 JUNCTION        0.81          1.242        0.000
  J224                 JUNCTION        0.78          1.104        0.000
  J225                 JUNCTION        0.79          1.571        0.000
  J226                 JUNCTION        0.81          3.921        0.000
  J227                 JUNCTION        0.69          3.587        0.000
  J228                 JUNCTION        0.73          3.044        0.000
  J229                 JUNCTION        0.80          3.283        0.000
  J230                 JUNCTION        0.80          2.746        0.000
  J231                 JUNCTION        0.74          3.095        0.000
  J232                 JUNCTION        0.69          1.801        0.000
  J233                 JUNCTION        0.78          1.153        0.000
  J234                 JUNCTION        0.78          1.790        0.000
  J235                 JUNCTION        0.77          1.220        0.000
  J236                 JUNCTION        0.78          1.327        0.000
  J237                 JUNCTION        0.67          1.726        0.000
  J238                 JUNCTION        0.58          2.200        0.000
  J239                 JUNCTION        0.45          2.301        0.000
  J240                 JUNCTION        0.72          2.401        0.000
  J241                 JUNCTION        0.58          2.604        0.000
  J242                 JUNCTION        0.81          2.261        0.000
  J243                 JUNCTION        0.77          2.242        0.000
  J244                 JUNCTION        0.79          1.705        0.000
  J245                 JUNCTION        0.84          1.772        0.000
  J246                 JUNCTION        0.84          1.511        0.000
  J247                 JUNCTION        0.75          2.062        0.000
  J248                 JUNCTION        0.66          1.916        0.000
  J249                 JUNCTION        0.81          1.732        0.000
  J250                 JUNCTION        0.82          1.762        0.000
  J251                 JUNCTION        0.83          1.437        0.000
  J252                 JUNCTION        0.87          0.231        0.000
  J253                 JUNCTION        0.79          2.573        0.000
  J254                 JUNCTION        0.72          2.195        0.000
  J255                 JUNCTION        0.80          2.564        0.000
  J256                 JUNCTION        0.82          2.432        0.000
  J257                 JUNCTION        0.82          2.426        0.000
  J258                 JUNCTION        0.80          1.837        0.000
  J259                 JUNCTION        0.80          2.442        0.000
  J260                 JUNCTION        0.81          1.573        0.000
  J261                 JUNCTION        0.82          1.847        0.000
  J262                 JUNCTION        0.86          1.944        0.000
  J263                 JUNCTION        0.84          2.044        0.000
  J264                 JUNCTION        0.79          1.375        0.000
  J265                 JUNCTION        0.69          1.050        0.000
  J266                 JUNCTION        0.82          2.098        0.000
  J267                 JUNCTION        0.86          2.883        0.000
  J268                 JUNCTION        0.86          3.234        0.000
  J269                 JUNCTION        0.81          2.439        0.000
  J270                 JUNCTION        0.80          2.343        0.000
  J271                 JUNCTION        0.66          1.021        0.000
  J272                 JUNCTION        0.78          1.721        0.000
  J273                 JUNCTION        0.82          1.911        0.000
  J274                 JUNCTION        0.87          1.457        0.000
  J275                 JUNCTION        0.87          1.604        0.096
  J276                 JUNCTION        0.84          2.599        0.000
  J277                 JUNCTION        0.83          3.312        0.000
  J278                 JUNCTION        0.85          3.337        0.000
  J279                 JUNCTION        0.86          3.095        0.000
  J280                 JUNCTION        0.61          3.601        0.000
  J282                 JUNCTION        0.63          1.335        0.000
  J283                 JUNCTION        0.66          1.900        0.000
  J284                 JUNCTION        0.61          0.900        0.000
  J285                 JUNCTION        0.79          3.502        0.000
  J286                 JUNCTION        0.81          2.361        0.000
  J287                 JUNCTION        0.82          2.918        0.000
  J289                 JUNCTION        0.81          1.556        0.000
  J290                 JUNCTION        0.81          1.769        0.000
  J291                 JUNCTION        0.80          1.463        0.000
  J292                 JUNCTION        0.79          1.332        0.000
  J293                 JUNCTION        0.81          1.701        0.000
  J294                 JUNCTION        0.68          1.275        0.000
  J295                 JUNCTION        0.72          1.800        0.000
  J296                 JUNCTION        0.71          1.632        0.000
  J300                 JUNCTION        0.66          1.000        0.000
  J301                 JUNCTION        0.86          1.480        0.000
  J302                 JUNCTION        0.84          3.730        0.000
  J303                 JUNCTION        0.81          4.000        0.000
  J304                 JUNCTION        0.82          1.326        0.000
  J305                 JUNCTION        0.75          5.000        0.000
  J306                 JUNCTION        0.78          2.386        1.514
  J307                 JUNCTION        0.75          2.084        0.000
  J308                 JUNCTION        0.83          3.789        0.011
  J309                 JUNCTION        0.81          2.993        0.000
  J310                 JUNCTION        0.79          2.737        0.000
  J311                 JUNCTION        0.83          3.382        0.000
  J312                 JUNCTION        0.79          3.039        0.000
  J313                 JUNCTION        0.75          3.023        0.000
  J314                 JUNCTION        0.75          2.141        0.000
  J315                 JUNCTION        0.70          1.900        0.000
  J316                 JUNCTION        0.76          1.997        0.000
  J317                 JUNCTION        0.79          5.442        0.000
  J318                 JUNCTION        0.74          2.669        0.000
  J319                 JUNCTION        0.59          1.588        0.000
  J322                 JUNCTION        0.59          0.571        1.629
  J323                 JUNCTION        0.65          2.376        0.000
  J324                 JUNCTION        0.60          2.384        0.000
  J325                 JUNCTION        0.72          1.100        0.150
  J326                 JUNCTION        0.77          3.028        0.000
  J327                 JUNCTION        0.76          3.162        0.000
  J328                 JUNCTION        0.63          3.324        0.000
  J329                 JUNCTION        0.64          4.777        0.000
  J330                 JUNCTION        0.62          5.897        0.000
  J331                 JUNCTION        0.57          5.994        0.000
  J332                 JUNCTION        0.75          6.371        0.000
  J333                 JUNCTION        0.81          4.488        0.000
  J334                 JUNCTION        0.76          2.795        0.000
  J335                 JUNCTION        0.70          2.754        0.000
  J336                 JUNCTION        0.70          3.281        0.000
  J338                 JUNCTION        0.70          3.156        0.000
  J339                 JUNCTION        0.68          3.919        0.000
  J340                 JUNCTION        0.63          3.239        0.000
  J341                 JUNCTION        0.50          2.852        0.000
  J342                 JUNCTION        0.21          3.300        0.000
  J344                 JUNCTION        0.69          4.391        0.000
  J345                 JUNCTION        0.74          4.234        0.000
  J346                 JUNCTION        0.60          4.671        0.000
  J348                 JUNCTION        0.09          3.101        0.000
  J350                 JUNCTION        0.86          0.670        0.000
  J351                 JUNCTION        0.92          3.463        0.000
  J352                 JUNCTION        0.89          1.630        0.000
  J353                 JUNCTION        0.85          0.463        0.000
  J354                 JUNCTION        0.82          1.416        0.000
  J355                 JUNCTION        0.83          2.372        0.000
  J357                 JUNCTION        0.43          0.659        0.000
  J359                 JUNCTION        0.90          2.533        0.000
  J360                 JUNCTION        0.83          1.324        0.000
  J361                 JUNCTION        0.61          1.601        0.000
  J362                 JUNCTION        0.48          1.801        0.000
  J363                 JUNCTION        0.48          1.700        0.000
  J364                 JUNCTION        0.55          1.801        0.000
  J365                 JUNCTION        0.65          2.214        0.000
  J366                 JUNCTION        0.66          2.009        0.000
  J367                 JUNCTION        0.71          2.734        0.000
  J368                 JUNCTION        0.68          1.343        0.000
  J370                 JUNCTION        0.30          0.902        0.000
  J371                 JUNCTION        0.37          0.929        0.000
  J372                 JUNCTION        0.81          1.670        0.000
  J373                 JUNCTION        0.71          0.710        0.000
  J374                 JUNCTION        0.46          1.003        0.000
  J375                 JUNCTION        0.59          1.073        0.000
  J376                 JUNCTION        0.58          1.701        0.000
  J377                 JUNCTION        0.61          1.762        0.000
  J378                 JUNCTION        0.79          2.653        0.000
  J379                 JUNCTION        0.63          2.753        0.000
  J380                 JUNCTION        0.60          2.585        0.000
  J381                 JUNCTION        0.74          1.513        0.000
  J382                 JUNCTION        0.81          1.684        0.000
  J383                 JUNCTION        0.81          2.430        0.000
  J384                 JUNCTION        0.84          2.053        0.000
  J385                 JUNCTION        0.83          4.349        0.000
  J386                 JUNCTION        0.67          3.453        0.000
  J387                 JUNCTION        0.64          1.225        2.825
  J388                 JUNCTION        0.57          0.044        0.000
  J394                 JUNCTION        0.50          2.300        0.000
  J396                 JUNCTION        0.61          0.229        0.000
  J397                 JUNCTION        0.52          2.615        0.000
  J398                 JUNCTION        0.31          0.368        1.832
  J399                 JUNCTION        0.65          5.425        0.000
  J400                 JUNCTION        0.75          3.916        0.000
  J401                 JUNCTION        0.75          2.875        0.000
  J408                 JUNCTION        0.57          4.100        0.000
  J409                 JUNCTION        0.43          4.200        0.000
  J410                 JUNCTION        0.78          4.581        0.000
  J411                 JUNCTION        0.80          4.877        0.000
  J412                 JUNCTION        0.81          3.362        0.000
  J413                 JUNCTION        0.63          1.818        0.000
  J414                 JUNCTION        0.70          2.958        0.000
  J415                 JUNCTION        0.71          2.910        0.000
  J416                 JUNCTION        0.70          2.536        0.000
  J417                 JUNCTION        0.73          3.038        0.000
  J418                 JUNCTION        0.04          1.300        0.000
  J422                 JUNCTION        0.63          0.171        4.929
  J424                 JUNCTION        0.65          1.287        0.000
  J426                 JUNCTION        0.69          3.300        0.000
  J427                 JUNCTION        0.70          3.738        0.000
  J430                 JUNCTION        0.54          0.161        0.000
  J431                 JUNCTION        0.83          1.612        0.000
  J433                 JUNCTION        0.87          0.921        0.000
  J434                 JUNCTION        0.75          5.236        0.000
  J435                 JUNCTION        0.82          7.381        0.000
  J436                 JUNCTION        0.57          0.098        0.000
  J437                 JUNCTION        0.91          1.008        0.000
  J438                 JUNCTION        0.84          0.416        0.000
  J439                 JUNCTION        0.91          0.310        0.000
  J442                 JUNCTION        0.83          1.200        0.000
  J443                 JUNCTION        0.90          0.290        0.000
  J446                 JUNCTION        0.48          1.731        0.000
  J447                 JUNCTION        0.43          1.715        0.000
  J448                 JUNCTION        0.44          1.300        0.000
  J449                 JUNCTION        0.44          1.801        0.000
  J450                 JUNCTION        0.16          1.900        0.000
  J454                 JUNCTION        0.84          1.716        0.000
  J456                 JUNCTION        0.34          0.801        0.000
  J458                 JUNCTION        0.46          0.925        0.000
  J460                 JUNCTION        0.77          1.640        0.000
  J461                 JUNCTION        0.66          2.698        0.000
  J462                 JUNCTION        0.72          2.283        0.000
  J463                 JUNCTION        0.62          2.057        0.000
  J465                 JUNCTION        0.79          0.436        0.000
  J466                 JUNCTION        0.53          0.113        0.000
  J472                 JUNCTION        0.52          2.511        0.000
  J474                 JUNCTION        0.51          2.600        0.000
  J475                 JUNCTION        0.63          3.071        0.000
  J476                 JUNCTION        0.71          2.503        0.000
  J477                 JUNCTION        0.57          2.367        0.000
  J478                 JUNCTION        0.51          3.030        0.000
  J480                 JUNCTION        0.82          4.782        0.000
  J482                 JUNCTION        0.58          2.046        0.000
  J484                 JUNCTION        0.63          1.931        0.000
  J485                 JUNCTION        0.61          1.902        0.000
  J486                 JUNCTION        0.62          2.001        0.000
  J487                 JUNCTION        0.80          3.309        0.000
  J488                 JUNCTION        0.73          3.613        0.000
  J489                 JUNCTION        0.68          2.675        0.000
  J490                 JUNCTION        0.74          2.594        0.000
  J492                 JUNCTION        0.72          3.160        0.000
  J494                 JUNCTION        0.74          2.649        0.000
  J496                 JUNCTION        0.61          2.108        0.000
  J498                 JUNCTION        0.67          2.925        0.000
  J500                 JUNCTION        0.62          1.817        0.000
  J501                 JUNCTION        0.19          2.200        0.000
  J502                 JUNCTION        0.82          4.081        0.000
  J503                 JUNCTION        0.83          5.423        0.000
  J504                 JUNCTION        0.54          1.270        0.000
  J505                 JUNCTION        0.55          1.026        0.000
  J506                 JUNCTION        0.52          1.500        0.000
  J507                 JUNCTION        0.31          1.600        0.000
  J508                 JUNCTION        0.75          3.456        0.000
  J509                 JUNCTION        0.52          2.297        0.000
  J514                 JUNCTION        0.79          1.900        0.000
  J515                 JUNCTION        0.74          1.800        0.000
  J520                 JUNCTION        0.16          1.000        0.000
  J522                 JUNCTION        0.20          1.200        0.000
  J523                 JUNCTION        0.61          1.302        0.000
  J524                 JUNCTION        0.85          2.351        0.000
  J525                 JUNCTION        0.61          1.484        0.000
  J526                 JUNCTION        0.66          0.782        0.000
  J527                 JUNCTION        0.65          2.235        0.000
  J528                 JUNCTION        0.66          2.331        0.000
  J531                 JUNCTION        0.70          2.272        0.000
  J532                 JUNCTION        0.66          2.509        0.000
  J533                 JUNCTION        0.66          1.005        0.000
  J534                 JUNCTION        0.61          1.577        0.000
  J535                 JUNCTION        0.75          0.623        0.000
  J536                 JUNCTION        0.65          2.515        0.000
  J537                 JUNCTION        0.63          1.382        0.000
  J538                 JUNCTION        0.59          1.409        0.000
  J540                 JUNCTION        0.17          1.300        0.000
  J543                 JUNCTION        0.60          1.625        0.000
  J544                 JUNCTION        0.62          1.513        0.000
  J545                 JUNCTION        0.66          2.185        0.000
  J546                 JUNCTION        0.63          2.099        0.000
  J548                 JUNCTION        0.22          1.500        0.000
  J549                 JUNCTION        0.74          2.515        0.000
  J550                 JUNCTION        0.81          4.579        0.000
  J551                 JUNCTION        0.81          3.274        0.000
  J552                 JUNCTION        0.33          1.000        0.000
  J556                 JUNCTION        0.73          2.191        0.000
  J557                 JUNCTION        0.73          2.330        0.000
  J558                 JUNCTION        0.73          2.285        0.000
  J559                 JUNCTION        0.62          0.772        0.000
  J560                 JUNCTION        0.59          0.272        0.000
  J561                 JUNCTION        0.50          0.380        0.000
  J563                 JUNCTION        0.49          0.233        0.000
  J564                 JUNCTION        0.48          0.274        0.000
  J565                 JUNCTION        0.50          0.437        0.000
  J566                 JUNCTION        0.69          0.810        0.000
  J567                 JUNCTION        0.69          1.250        0.000
  J576                 JUNCTION        0.73          1.408        0.000
  J577                 JUNCTION        0.64          0.353        0.000
  J578                 JUNCTION        0.73          1.400        0.000
  J579                 JUNCTION        0.69          0.832        0.568
  J585                 JUNCTION        0.83          2.614        0.000
  J586                 JUNCTION        0.84          2.772        0.000
  J587                 JUNCTION        0.80          2.000        0.000
  J588                 JUNCTION        0.79          1.334        0.000
  J589                 JUNCTION        0.77          1.580        0.000
  J590                 JUNCTION        0.77          0.826        0.000
  J591                 JUNCTION        0.60          0.438        0.000
  J592                 JUNCTION        0.53          0.245        0.000
  J594                 JUNCTION        0.50          0.440        1.960
  J599                 JUNCTION        0.43          0.197        0.503
  J600                 JUNCTION        0.58          0.466        0.000
  J601                 JUNCTION        0.71          1.851        0.000
  J602                 JUNCTION        0.71          1.400        0.000
  J603                 JUNCTION        0.67          1.172        0.000
  J604                 JUNCTION        0.62          2.001        0.000
  J605                 JUNCTION        0.81          2.063        0.000
  J606                 JUNCTION        0.81          1.580        0.000
  J612                 JUNCTION        0.47          1.501        0.000
  J613                 JUNCTION        0.78          1.724        0.000
  J614                 JUNCTION        0.68          1.822        0.000
  J617                 JUNCTION        0.64          2.200        0.000
  J619                 JUNCTION        0.82          2.480        0.000
  J620                 JUNCTION        0.60          0.953        0.000
  J621                 JUNCTION        0.63          2.821        0.000
  J622                 JUNCTION        0.66          2.120        0.000
  J624                 JUNCTION        0.58          1.659        0.000
  J626                 JUNCTION        0.63          3.058        0.000
  J629                 JUNCTION        0.63          2.077        0.000
  J630                 JUNCTION        0.47          1.308        0.000
  J633                 JUNCTION        0.83          3.274        0.000
  J635                 JUNCTION        0.66          1.133        0.000
  J636                 JUNCTION        0.28          1.001        0.000
  J637                 JUNCTION        0.15          0.800        0.000
  J638                 JUNCTION        0.57          0.221        0.000
  J639                 JUNCTION        0.52          0.710        0.000
  J640                 JUNCTION        0.70          3.486        0.000
  J641                 JUNCTION        0.62          3.927        0.000
  J642                 JUNCTION        0.78          2.278        0.000
  J643                 JUNCTION        0.69          2.356        0.000
  J644                 JUNCTION        0.83          1.922        0.000
  J645                 JUNCTION        0.77          1.515        0.000
  J646                 JUNCTION        0.52          0.722        0.000
  J647                 JUNCTION        0.41          0.704        0.000
  J650                 JUNCTION        0.68          2.049        0.000
  J651                 JUNCTION        0.68          2.041        0.000
  J652                 JUNCTION        0.69          2.233        0.000
  J653                 JUNCTION        0.50          1.388        0.000
  J654                 JUNCTION        0.68          2.649        0.000
  J659                 JUNCTION        0.46          0.095        1.205
  J661                 JUNCTION        0.64          1.032        0.000
  J662                 JUNCTION        0.61          0.890        0.000
  J663                 JUNCTION        0.34          0.718        0.000
  J664                 JUNCTION        0.48          0.760        0.000
  J667                 JUNCTION        0.79          1.413        0.000
  J670                 JUNCTION        0.74          3.532        0.000
  J671                 JUNCTION        0.74          3.651        0.000
  J676                 JUNCTION        0.73          2.417        0.000
  J677                 JUNCTION        0.72          1.932        0.000
  J678                 JUNCTION        0.69          2.078        0.000
  J679                 JUNCTION        0.68          1.794        0.000
  J680                 JUNCTION        0.21          1.000        0.000
  J681                 JUNCTION        0.67          0.870        0.000
  J682                 JUNCTION        0.75          1.665        0.000
  J683                 JUNCTION        0.60          1.629        0.000
  J684                 JUNCTION        0.78          3.970        0.000
  J685                 JUNCTION        0.59          3.919        0.000
  J686                 JUNCTION        0.80          5.246        0.000
  J688                 JUNCTION        0.68          1.376        0.000
  J689                 JUNCTION        0.67          1.101        0.000
  J690                 JUNCTION        0.71          4.835        0.000
  J691                 JUNCTION        0.71          4.934        0.000
  J692                 JUNCTION        0.64          2.198        0.000
  J693                 JUNCTION        0.61          2.067        0.000
  J695                 JUNCTION        0.18          1.451        0.000
  J696                 JUNCTION        0.39          5.417        0.000
  J697                 JUNCTION        0.64          2.542        0.000
  J698                 JUNCTION        0.82          1.932        0.000
  J699                 JUNCTION        0.65          4.502        0.000
  J700                 JUNCTION        0.76          5.372        0.000
  J701                 JUNCTION        0.53          2.628        0.000
  J702                 JUNCTION        0.80          2.305        0.000
  J703                 JUNCTION        0.80          3.600        0.000
  J706                 JUNCTION        0.65          0.936        0.000
  J707                 JUNCTION        0.48          0.123        0.277
  J708                 JUNCTION        0.83          1.104        0.000
  J717                 JUNCTION        0.55          0.439        0.000
  J718                 JUNCTION        0.44          2.200        0.000
  J719                 JUNCTION        0.64          1.720        0.000
  J720                 JUNCTION        0.88          6.422        0.000
  J721                 JUNCTION        0.65          1.608        0.000
  J722                 JUNCTION        0.66          2.593        0.000
  J724                 JUNCTION        0.62          1.550        0.000
  J728                 JUNCTION        0.79          2.267        0.000
  J729                 JUNCTION        0.77          2.485        0.000
  J730                 JUNCTION        0.82          3.771        0.000
  J733                 JUNCTION        0.45          1.522        0.000
  J734                 JUNCTION        0.77          2.349        0.000
  J735                 JUNCTION        0.80          3.149        0.000
  J736                 JUNCTION        0.82          3.737        0.000
  J741                 JUNCTION        0.65          2.600        0.000
  J742                 JUNCTION        0.74          1.914        0.000
  J743                 JUNCTION        0.86          3.157        0.000
  J744                 JUNCTION        0.79          2.485        0.000
  J745                 JUNCTION        0.77          2.199        0.000
  J746                 JUNCTION        0.81          2.616        0.000
  J747                 JUNCTION        0.68          2.809        0.000
  J748                 JUNCTION        0.71          4.130        0.000
  J749                 JUNCTION        0.68          2.837        0.000
  J750                 JUNCTION        0.71          4.021        0.000
  J751                 JUNCTION        0.95          1.592        0.000
  J752                 JUNCTION        0.93          2.328        0.000
  J753                 JUNCTION        0.77          2.445        0.000
  
  
  *********************
  Node Flooding Summary
  *********************
  
  Flooding refers to all water that overflows a node, whether it ponds or not.
  --------------------------------------------------------------------------
                                                             Total   Maximum
                                 Maximum   Time of Max       Flood    Ponded
                        Hours       Rate    Occurrence      Volume     Depth
  Node                 Flooded       LPS   days hr:min    10^6 ltr    Meters
  --------------------------------------------------------------------------
  J1                      0.77   2860.09      0  00:50       4.878     0.184
  J2                      0.72   1087.67      0  00:13       0.977     0.211
  J3                      0.77   1113.32      0  00:14       0.559     0.583
  J4                      0.79   1894.16      0  00:30       4.051     0.809
  J5                      0.58    730.26      0  00:15       0.072     0.003
  J6                      0.82   4670.94      0  00:50       9.887     0.283
  J7                      0.76   1630.87      0  00:55       3.197     0.349
  J8                      0.77   2102.71      0  00:35       4.703     0.607
  J9                      0.77   2066.18      0  00:59       3.610     0.353
  J10                     0.71    685.51      0  00:15       0.527     0.079
  J11                     0.67    705.19      0  00:19       1.314     1.251
  J12                     0.01    119.37      0  00:50       0.001     0.000
  J13                     0.69   2460.34      0  00:40       4.691     2.084
  J14                     0.62    794.78      0  00:55       1.196     0.286
  J15                     0.65   1401.18      0  00:30       2.666     0.786
  J16                     0.64    554.59      0  00:54       1.114     0.515
  J17                     0.64    861.57      0  00:21       1.689     0.841
  J18                     0.62   1982.70      0  00:35       3.802     1.212
  J19                     0.54   1446.47      0  00:49       2.316     0.385
  J20                     0.24    425.73      0  00:59       0.092     0.005
  J21                     0.42    955.31      0  00:59       0.764     0.039
  J22                     0.10    161.27      0  00:35       0.013     0.000
  J23                     0.61   1861.97      0  00:34       3.496     0.374
  J24                     0.67   1190.22      0  00:19       1.368     1.109
  J25                     0.68   1434.63      0  00:35       2.976     0.599
  J26                     0.73   2140.51      0  00:40       4.600     0.387
  J27                     0.69   1265.42      0  00:35       2.514     0.845
  J28                     0.69   3093.24      0  00:35       6.003     1.004
  J30                     0.70   5276.04      0  00:55       9.585     0.348
  J31                     0.85   6071.74      0  00:55      12.040     0.286
  J32                     0.01     68.51      0  00:33       0.000     0.000
  J33                     0.62   1122.57      0  00:40       2.102     0.156
  J34                     0.51    112.94      0  00:35       0.102     0.010
  J36                     0.02     91.17      0  00:30       0.001     0.000
  J39                     0.69   4089.85      0  00:59       6.647     0.687
  J40                     0.01    159.53      0  00:50       0.000     0.000
  J41                     0.60    895.21      0  00:45       1.608     0.131
  J42                     0.88   2340.38      0  00:45       5.703     1.186
  J43                     0.80   2060.09      0  00:50       4.245     0.707
  J44                     0.76   1195.26      0  00:30       2.225     2.438
  J45                     0.73    745.99      0  00:45       1.414     1.341
  J46                     0.76   1608.19      0  00:55       2.762     1.148
  J48                     0.62   1166.72      0  00:55       2.053     0.944
  J49                     0.77   1998.96      0  00:55       4.026     1.101
  J50                     0.76   2275.39      0  00:45       4.640     1.147
  J52                     0.76   4284.41      0  00:59       8.109     0.921
  J53                     0.67  11504.83      0  00:59      18.592     0.287
  J54                     0.60   1013.03      0  00:40       1.500     0.132
  J55                     0.71   2774.71      0  00:35       5.498     0.612
  J56                     0.85   2083.60      0  00:30       5.358     1.099
  J63                     0.64   1027.74      0  00:40       1.829     0.113
  J64                     0.75    831.70      0  00:15       1.339     0.138
  J65                     0.76   1617.75      0  00:30       3.222     0.331
  J66                     0.76   1332.94      0  00:59       2.447     0.328
  J67                     0.68   1463.79      0  00:30       0.833     0.492
  J71                     0.60   2835.87      0  00:45       5.026     2.597
  J75                     0.45    304.26      0  00:32       0.255     0.050
  J76                     0.44    522.82      0  00:33       0.192     0.063
  J77                     0.42    481.93      0  00:34       0.323     0.085
  J78                     0.42    348.54      0  00:40       0.370     0.036
  J79                     0.71   3165.95      0  00:30       6.386     9.823
  J80                     0.80   6898.91      0  00:30      14.151     7.326
  J81                     0.79   2262.98      0  00:34       4.987     1.354
  J82                     0.78   2376.71      0  00:18       1.837     2.048
  J83                     0.71   1555.23      0  00:30       1.924     3.004
  J84                     0.72   1522.28      0  00:28       2.303     3.804
  J85                     0.64    855.77      0  00:47       1.393     2.005
  J86                     0.65   1352.41      0  00:50       2.447     0.120
  J93                     0.52   1857.05      0  00:59       2.525     0.483
  J98                     0.81   2007.83      0  00:30       4.448     1.009
  J99                     0.67   1375.81      0  00:40       2.496     0.213
  J100                    0.75   1878.50      0  00:30       4.781     2.276
  J102                    0.72   5656.70      0  00:50      11.610     0.275
  J103                    0.65   1277.31      0  00:30       1.947     0.245
  J104                    0.52    463.50      0  00:24       0.051     0.010
  J105                    0.71   3430.08      0  00:45       6.948     0.328
  J106                    0.70   5450.23      0  00:35      10.176     1.405
  J107                    0.81   6977.97      0  00:30      14.826     0.339
  J108                    0.55   1506.93      0  00:19       0.523     0.107
  J109                    0.47    228.37      0  00:31       0.131     0.010
  J110                    0.60   2926.83      0  00:45       5.278     0.165
  J112                    0.27    124.19      0  00:46       0.018     0.000
  J116                    0.59   4862.39      0  00:59       7.613     0.083
  J118                    0.79   7717.23      0  00:59      16.418     0.098
  J119                    0.57   2723.02      0  00:45       4.828     0.347
  J120                    0.81   5593.00      0  00:59      11.636     0.118
  J121                    0.57   1273.02      0  00:30       1.918     0.297
  J122                    0.68   2244.74      0  00:59       3.778     0.100
  J123                    0.75   3746.96      0  00:30       7.648     0.354
  J124                    0.61   1627.52      0  00:34       3.104     0.212
  J125                    0.39   2474.66      0  00:37       0.781     0.006
  J126                    0.62   4081.76      0  00:19       1.322     0.040
  J127                    0.68   3826.18      0  00:30       2.126     0.358
  J130                    0.73   1325.83      0  00:30       2.340     0.936
  J131                    0.71   1237.62      0  00:40       2.557     0.535
  J132                    0.55   2925.69      0  00:22       0.804     0.044
  J133                    0.78   2303.28      0  00:30       4.355     1.091
  J134                    0.76   2267.86      0  00:45       4.922     0.193
  J135                    0.67   1279.23      0  00:19       1.354     0.186
  J136                    0.69   1427.98      0  00:50       2.374     0.122
  J137                    0.78   2801.69      0  00:30       5.538     0.465
  J138                    0.79   1889.74      0  00:30       3.817     0.854
  J139                    0.64    903.96      0  00:50       1.406     0.152
  J140                    0.90   9421.04      0  00:59      17.721     0.237
  J142                    0.56   1094.26      0  00:45       1.979     0.085
  J143                    0.59   1461.89      0  00:40       2.626     0.147
  J145                    0.90  28059.47      0  00:59      57.858     0.937
  J146                    0.89    532.33      0  00:26       0.862     0.672
  J147                    0.76    492.67      0  00:45       0.870     0.126
  J149                    0.61    703.27      0  00:35       1.135     0.145
  J150                    0.62   1115.65      0  00:30       1.582     0.484
  J151                    0.62    828.46      0  00:36       1.461     0.262
  J152                    0.63    829.16      0  00:32       1.590     1.616
  J153                    0.65   1286.42      0  00:30       2.347     1.709
  J154                    0.68    726.71      0  00:29       1.112     1.217
  J155                    0.01     84.32      0  00:43       0.000     0.000
  J156                    0.55   1848.53      0  00:55       2.998     0.083
  J157                    0.62   1551.49      0  00:40       2.777     0.153
  J158                    0.61    485.36      0  00:30       0.400     0.127
  J159                    0.49    195.59      0  00:24       0.058     0.019
  J160                    0.30    229.77      0  00:24       0.045     0.000
  J161                    0.66   1283.06      0  00:30       1.713     1.127
  J162                    0.51    468.72      0  00:41       0.650     0.658
  J165                    0.71   1153.74      0  00:29       1.312     1.179
  J166                    0.66    331.12      0  00:36       0.396     0.424
  J168                    0.32    273.61      0  00:37       0.056     0.001
  J171                    0.01    151.96      0  00:34       0.001     0.000
  J175                    0.65   1422.42      0  00:30       1.910     0.195
  J176                    0.71   1678.94      0  00:35       3.304     0.394
  J177                    0.73   1663.77      0  00:30       2.973     0.914
  J178                    0.72    834.73      0  00:35       1.430     0.535
  J180                    0.07    211.45      0  00:30       0.007     0.002
  J182                    0.04    252.94      0  00:31       0.006     0.000
  J184                    0.13    286.59      0  00:28       0.019     0.000
  J186                    0.53    573.89      0  00:31       0.275     0.050
  J187                    0.42    499.54      0  00:31       0.218     0.040
  J188                    0.58    923.05      0  00:30       0.448     0.231
  J189                    0.61    691.54      0  00:29       0.623     0.150
  J190                    0.11    656.49      0  00:27       0.055     0.000
  J192                    0.41    676.39      0  00:27       0.155     0.001
  J197                    0.82   1727.84      0  00:30       2.882     0.176
  J198                    0.82   2206.81      0  00:30       5.480     0.981
  J199                    0.85   5807.20      0  00:30      12.989     0.598
  J200                    0.82   1217.83      0  00:34       2.704     1.958
  J201                    0.82   1365.17      0  00:17       2.255     3.255
  J202                    0.78   4446.74      0  00:40       9.837     0.252
  J203                    0.71   1807.51      0  00:35       3.281     0.363
  J204                    0.63    843.54      0  00:16       0.517     0.022
  J205                    0.51    442.75      0  00:17       0.154     0.001
  J206                    0.68   1847.70      0  00:45       3.475     0.129
  J207                    0.52    425.87      0  00:22       0.164     0.000
  J208                    0.76   3546.31      0  00:35       7.333     0.615
  J209                    0.79   3436.43      0  00:30       5.894     0.924
  J211                    0.54    300.53      0  00:27       0.134     0.025
  J213                    0.50    187.01      0  00:35       0.226     0.037
  J216                    0.19    292.65      0  00:30       0.022     0.001
  J217                    0.37    292.71      0  00:31       0.103     0.020
  J218                    0.58   1258.17      0  00:53       1.803     0.500
  J219                    0.66   3850.15      0  00:31       6.002     1.024
  J220                    0.70   1632.05      0  00:30       2.974     0.859
  J221                    0.68   1864.50      0  00:52       3.342     0.145
  J222                    0.79   4677.69      0  00:45      10.263     0.448
  J223                    0.81   3624.45      0  00:45       7.776     0.442
  J224                    0.78   1791.73      0  00:30       4.041     1.104
  J225                    0.32    397.87      0  00:12       0.172     0.171
  J226                    0.81   1344.55      0  00:30       2.401     0.721
  J227                    0.67    527.22      0  00:59       0.687     0.187
  J228                    0.52    627.48      0  00:16       0.474     0.294
  J229                    0.67    988.12      0  00:35       1.744     0.483
  J230                    0.80   1507.67      0  00:30       3.671     0.946
  J231                    0.74   1400.65      0  00:27       1.998     2.995
  J232                    0.64    548.55      0  00:22       0.231     0.101
  J233                    0.78   1463.88      0  00:29       2.825     0.953
  J234                    0.77   1690.27      0  00:29       2.676     0.790
  J235                    0.75   1330.93      0  00:38       2.363     0.320
  J236                    0.78    968.36      0  00:21       1.418     0.627
  J237                    0.59   1469.72      0  00:14       0.225     0.026
  J238                    0.05    388.20      0  00:32       0.014     0.000
  J239                    0.31    478.52      0  00:13       0.104     0.001
  J240                    0.66    952.72      0  00:13       0.146     0.001
  J241                    0.45   1245.75      0  00:10       0.213     0.004
  J242                    0.80   1594.25      0  00:30       2.075     0.461
  J243                    0.76    820.99      0  00:30       1.126     0.242
  J244                    0.79   1804.45      0  00:30       2.788     0.905
  J245                    0.83   1498.96      0  00:21       2.347     0.772
  J246                    0.81   3754.79      0  00:40       7.682     0.311
  J247                    0.74    580.45      0  00:41       0.748     0.262
  J248                    0.61    519.57      0  00:11       0.214     0.016
  J249                    0.81   1237.73      0  00:11       0.789     1.232
  J250                    0.82   1194.07      0  00:30       2.382     1.162
  J251                    0.81   1028.65      0  00:40       2.067     0.237
  J252                    0.87   9424.64      0  00:30      21.923     0.231
  J253                    0.79   1711.26      0  00:30       2.211     1.723
  J254                    0.67    802.52      0  00:12       0.808     0.095
  J255                    0.80   1580.16      0  00:30       2.505     0.764
  J256                    0.73    280.53      0  00:11       0.427     0.732
  J257                    0.81    555.96      0  00:12       0.221     1.126
  J258                    0.80    572.65      0  00:30       1.184     0.937
  J259                    0.80    434.87      0  00:12       0.277     0.742
  J260                    0.81    896.90      0  00:15       1.794     1.223
  J261                    0.81   3028.57      0  00:30       5.696     0.247
  J262                    0.85   3592.54      0  00:30       7.392     1.144
  J263                    0.84   1177.34      0  00:30       2.089     0.844
  J264                    0.78   1399.92      0  00:30       2.702     0.675
  J265                    0.68    858.34      0  00:16       0.349     0.150
  J266                    0.78   1904.69      0  00:09       1.416     0.098
  J267                    0.86   5660.43      0  00:30      12.400     0.483
  J268                    0.84   6150.76      0  00:59      11.376     0.134
  J269                    0.81   3138.07      0  00:31       6.155     0.939
  J270                    0.79    529.15      0  00:30       0.471     0.743
  J271                    0.65    667.78      0  00:17       0.146     0.021
  J272                    0.75   1639.93      0  00:10       1.908     0.321
  J273                    0.82   1673.93      0  00:23       2.342     0.911
  J274                    0.87   5412.47      0  00:30      11.797     0.757
  J276                    0.84   2712.81      0  00:30       6.104     1.299
  J277                    0.82   3411.11      0  00:30       5.843     0.612
  J278                    0.85   4347.00      0  00:30       8.925     0.837
  J279                    0.85   2686.77      0  00:30       4.371     0.495
  J280                    0.47   1047.70      0  00:09       0.152     0.001
  J282                    0.63   1073.25      0  00:40       2.017     0.135
  J283                    0.01     57.27      0  00:23       0.000     0.000
  J284                    0.01    135.11      0  00:23       0.000     0.000
  J285                    0.20    460.24      0  00:10       0.040     0.002
  J286                    0.81   1096.11      0  00:11       1.934     0.261
  J287                    0.82   2146.48      0  00:30       4.057     0.518
  J289                    0.80   1952.96      0  00:35       4.075     0.156
  J290                    0.65   2347.02      0  00:30       4.103     0.269
  J291                    0.76   1053.49      0  00:31       1.754     0.263
  J292                    0.64    747.28      0  00:11       0.199     0.232
  J293                    0.81   1511.16      0  00:21       1.387     0.701
  J294                    0.68    763.38      0  00:40       1.445     0.175
  J295                    0.01    791.89      0  00:16       0.003     0.000
  J296                    0.70   1662.48      0  00:30       3.148     0.632
  J300                    0.01     96.84      0  00:10       0.000     0.000
  J301                    0.86    708.39      0  00:30       1.292     0.680
  J302                    0.83    973.79      0  00:49       1.956     0.530
  J303                    0.01   1004.14      0  00:11       0.005     0.000
  J304                    0.82   4064.49      0  00:35       9.208     1.326
  J305                    0.01    538.55      0  00:12       0.001     0.000
  J307                    0.66   2019.20      0  00:35       3.584     1.284
  J309                    0.48   2150.15      0  00:32       1.986     0.493
  J310                    0.78   1894.20      0  00:23       2.121     1.937
  J311                    0.20    589.92      0  00:54       0.323     0.182
  J312                    0.64   2430.12      0  00:34       3.891     0.939
  J313                    0.33    577.49      0  00:13       0.197     0.023
  J314                    0.50    640.33      0  00:45       0.948     0.441
  J315                    0.01    179.84      0  00:14       0.000     0.000
  J316                    0.76   1814.79      0  00:30       3.700     1.427
  J317                    0.78   3029.65      0  00:30       4.550     4.442
  J318                    0.71   1239.91      0  00:52       2.061     0.919
  J319                    0.59   1353.51      0  00:50       2.311     0.088
  J323                    0.65   1113.09      0  00:35       2.226     0.376
  J324                    0.60    606.45      0  00:24       0.695     0.084
  J326                    0.76   3304.57      0  00:30       7.821     0.828
  J327                    0.76   3629.94      0  00:35       8.903     1.062
  J328                    0.63   1361.47      0  00:50       2.584     0.174
  J329                    0.62   1970.83      0  00:32       3.631     0.177
  J330                    0.60    814.59      0  00:22       0.135     0.017
  J331                    0.56   1387.89      0  00:25       1.128     0.094
  J332                    0.75   3129.45      0  00:45       7.139     0.421
  J333                    0.81   3395.55      0  00:30       8.735     0.858
  J334                    0.76   2543.11      0  00:45       5.651     0.235
  J335                    0.70   2120.13      0  00:35       4.336     0.194
  J336                    0.70   2438.01      0  00:30       4.372     0.481
  J338                    0.28   1065.12      0  00:59       0.689     0.056
  J339                    0.68   1410.24      0  00:31       2.487     0.319
  J340                    0.63   1568.04      0  00:30       2.318     0.139
  J341                    0.49    505.76      0  00:45       0.748     0.052
  J342                    0.07    477.11      0  00:25       0.013     0.000
  J344                    0.69   1093.68      0  00:43       2.246     1.291
  J345                    0.74   1507.59      0  00:29       2.296     1.234
  J346                    0.60   1084.16      0  00:30       1.357     2.071
  J348                    0.05    195.54      0  00:59       0.009     0.001
  J350                    0.86   2103.14      0  00:36       4.569     0.370
  J351                    0.91   4131.10      0  00:30       9.263     2.763
  J352                    0.89    882.31      0  00:59       2.073     1.630
  J353                    0.85   1593.46      0  00:30       3.593     0.463
  J354                    0.73    774.10      0  00:59       1.442     1.216
  J355                    0.83   1535.74      0  00:34       2.503     1.772
  J357                    0.41    614.41      0  00:52       0.713     0.459
  J359                    0.90   4246.76      0  00:31       9.308     0.333
  J360                    0.83   2783.33      0  00:44       6.310     0.424
  J361                    0.37    569.01      0  00:08       0.078     0.001
  J362                    0.25    740.75      0  00:49       0.130     0.001
  J363                    0.29    726.36      0  00:51       0.151     0.000
  J364                    0.15   1032.59      0  00:41       0.091     0.001
  J365                    0.58    477.57      0  00:24       0.120     0.014
  J366                    0.62    236.75      0  00:29       0.079     0.009
  J367                    0.71   1629.73      0  00:30       2.722     0.934
  J368                    0.68   1664.88      0  00:30       2.747     0.443
  J370                    0.26    225.44      0  00:48       0.041     0.002
  J371                    0.34    300.59      0  00:29       0.071     0.029
  J372                    0.76   1803.31      0  00:30       2.367     0.470
  J373                    0.69    650.65      0  00:13       0.062     0.010
  J374                    0.41    265.87      0  00:17       0.059     0.003
  J375                    0.59    979.92      0  00:24       1.080     0.673
  J376                    0.52    604.74      0  00:14       0.176     0.001
  J377                    0.61    758.73      0  00:23       1.052     0.162
  J378                    0.79   3869.88      0  00:30       8.159     0.403
  J379                    0.62   1307.45      0  00:35       2.138     0.253
  J380                    0.60   1224.27      0  00:36       2.018     0.185
  J381                    0.74    882.65      0  00:30       1.356     0.113
  J382                    0.81   3675.90      0  00:30       7.375     0.304
  J383                    0.81   4330.77      0  00:29       9.363     0.580
  J384                    0.84   5187.35      0  00:48      12.735     0.303
  J385                    0.82   1532.28      0  00:30       1.798     2.049
  J386                    0.14    930.08      0  00:12       0.032     0.003
  J388                    0.57    421.12      0  00:30       0.118     0.044
  J396                    0.61   1997.90      0  00:40       3.696     0.229
  J397                    0.51   4849.09      0  00:42       6.126     0.615
  J399                    0.65   5208.85      0  00:31       3.493     3.225
  J400                    0.74   1212.49      0  00:13       0.960     0.216
  J401                    0.74   6119.38      0  00:42      12.694     0.775
  J408                    0.09    515.41      0  00:21       0.025     0.000
  J409                    0.01    560.60      0  00:33       0.001     0.000
  J410                    0.77   1292.05      0  00:12       1.695     0.381
  J411                    0.80   1894.51      0  00:30       3.511     1.577
  J412                    0.81   1301.58      0  00:30       3.391     1.962
  J413                    0.62    312.20      0  00:20       0.297     0.418
  J414                    0.70    856.94      0  00:17       0.853     1.958
  J415                    0.71    913.46      0  00:25       1.534     1.810
  J416                    0.07    650.23      0  00:59       0.094     0.036
  J417                    0.66   1432.08      0  00:43       2.447     0.638
  J418                    0.01     36.16      0  00:30       0.000     0.000
  J424                    0.65   2204.72      0  00:40       4.290     0.287
  J426                    0.08    745.30      0  00:16       0.030     0.000
  J427                    0.68   1689.22      0  00:59       2.295     0.238
  J430                    0.54    647.41      0  00:30       0.582     0.161
  J431                    0.83   1803.89      0  00:27       4.191     1.412
  J433                    0.87   3471.86      0  00:30       7.073     0.721
  J434                    0.74   2516.78      0  00:30       4.149     2.236
  J435                    0.82   1229.23      0  00:16       1.581     7.381
  J436                    0.56    565.48      0  00:30       0.529     0.098
  J437                    0.91   2166.69      0  00:30       4.861     1.008
  J438                    0.84   1050.84      0  00:30       2.132     0.416
  J439                    0.91   7831.83      0  00:35      16.790     0.310
  J442                    0.01     66.39      0  00:09       0.000     0.000
  J443                    0.87    338.64      0  00:30       0.683     0.290
  J446                    0.38    185.13      0  00:49       0.037     0.031
  J447                    0.38    209.97      0  00:31       0.070     0.015
  J448                    0.10    106.96      0  00:32       0.006     0.000
  J449                    0.35    351.03      0  00:29       0.069     0.001
  J450                    0.01    103.05      0  00:36       0.001     0.000
  J454                    0.57    606.12      0  00:30       0.374     0.016
  J456                    0.29    244.46      0  00:33       0.025     0.001
  J458                    0.45    280.44      0  00:35       0.228     0.025
  J460                    0.68   6508.72      0  00:32      10.983     0.240
  J461                    0.65   4329.93      0  00:28       2.875     1.198
  J462                    0.68   3185.01      0  00:30       5.861     0.283
  J463                    0.61   2925.73      0  00:20       1.950     0.657
  J465                    0.79   4169.51      0  00:30       8.251     0.436
  J466                    0.52    420.42      0  00:30       0.508     0.113
  J472                    0.34   2673.36      0  00:27       0.091     0.011
  J474                    0.01   1206.25      0  00:29       0.003     0.000
  J475                    0.62    408.21      0  00:24       0.357     0.071
  J476                    0.70   2687.20      0  00:30       4.912     0.403
  J477                    0.57   1458.25      0  00:38       2.359     0.267
  J478                    0.51    486.12      0  00:29       0.390     0.330
  J480                    0.82   2725.78      0  00:29       5.114     1.982
  J482                    0.58    333.15      0  00:24       0.523     0.046
  J484                    0.63   1521.64      0  00:35       2.895     0.331
  J485                    0.58    891.21      0  00:17       0.113     0.002
  J486                    0.57    965.02      0  00:12       0.110     0.001
  J487                    0.80   3508.69      0  00:30       6.998     0.509
  J488                    0.73   2630.13      0  00:40       5.297     0.413
  J489                    0.68    784.81      0  00:19       0.792     0.075
  J490                    0.74    902.31      0  00:14       1.047     0.094
  J492                    0.71    794.62      0  00:45       1.336     0.560
  J494                    0.73   1168.49      0  00:11       1.442     0.649
  J496                    0.59    535.22      0  00:20       0.047     0.008
  J498                    0.65    651.50      0  00:59       0.806     0.125
  J500                    0.58    443.93      0  00:18       0.099     0.017
  J501                    0.04    158.17      0  00:39       0.004     0.000
  J502                    0.82   2260.07      0  00:30       4.716     2.581
  J503                    0.83   2163.07      0  00:29       4.745     3.323
  J504                    0.53    471.79      0  00:30       0.494     0.070
  J505                    0.54    321.11      0  00:34       0.201     0.026
  J506                    0.45    383.96      0  00:28       0.033     0.000
  J507                    0.20    254.68      0  00:30       0.028     0.000
  J508                    0.74   1388.99      0  00:29       2.150     1.656
  J509                    0.51   1030.59      0  00:45       1.791     0.197
  J515                    0.01     34.64      0  00:15       0.000     0.000
  J520                    0.03     55.61      0  00:41       0.001     0.000
  J522                    0.01     54.08      0  00:45       0.000     0.000
  J523                    0.61   2033.98      0  00:42       3.696     0.302
  J524                    0.85   2760.79      0  00:30       6.904     1.551
  J525                    0.61   1289.67      0  00:45       2.600     0.184
  J526                    0.66   2338.09      0  00:31       4.115     0.782
  J527                    0.65   1973.72      0  00:24       0.439     2.235
  J528                    0.66   2628.27      0  00:20       0.669     2.331
  J531                    0.70    648.43      0  00:30       1.110     0.272
  J532                    0.50    596.05      0  00:19       0.400     0.109
  J533                    0.66    663.92      0  00:50       1.216     0.205
  J534                    0.60    913.74      0  00:31       1.526     0.377
  J535                    0.75   3165.26      0  00:40       7.450     0.623
  J536                    0.64   2446.33      0  00:30       4.245     0.615
  J537                    0.63   1039.01      0  00:35       1.944     0.482
  J538                    0.59    711.31      0  00:35       1.210     0.109
  J540                    0.01    188.69      0  00:27       0.001     0.000
  J543                    0.60    812.13      0  00:23       0.444     0.125
  J544                    0.62    532.55      0  00:22       0.510     0.113
  J545                    0.66   1041.78      0  00:30       1.934     0.385
  J546                    0.63   2885.28      0  00:31       3.274     0.399
  J548                    0.14    171.48      0  00:41       0.015     0.000
  J549                    0.59    256.53      0  00:26       0.322     1.015
  J550                    0.81    845.53      0  00:42       1.210     0.779
  J551                    0.81   1790.84      0  00:30       3.859     0.774
  J552                    0.06     70.22      0  00:46       0.003     0.000
  J556                    0.73    777.45      0  00:16       1.216     1.291
  J557                    0.73    973.30      0  00:19       1.748     1.230
  J558                    0.71    528.01      0  00:31       0.971     1.085
  J559                    0.62    887.49      0  00:45       1.766     0.672
  J560                    0.59    654.72      0  00:31       1.093     0.272
  J561                    0.50    137.04      0  00:31       0.073     0.280
  J563                    0.49    200.86      0  00:30       0.176     0.133
  J564                    0.48    153.13      0  00:31       0.100     0.174
  J565                    0.48    129.99      0  00:40       0.164     0.237
  J566                    0.69   1102.84      0  00:32       1.963     0.710
  J576                    0.73   1235.47      0  00:30       2.123     1.108
  J577                    0.64    544.59      0  00:30       0.799     0.353
  J578                    0.01     82.88      0  00:16       0.000     0.000
  J585                    0.45    612.18      0  00:10       0.537     0.314
  J586                    0.83    792.39      0  00:15       1.314     1.172
  J587                    0.01    361.71      0  00:12       0.000     0.000
  J588                    0.79    994.71      0  00:30       1.530     0.634
  J589                    0.01    406.75      0  00:13       0.000     0.000
  J590                    0.59    389.08      0  00:13       0.260     0.426
  J591                    0.60    576.48      0  00:30       0.890     0.338
  J592                    0.53    433.53      0  00:31       0.453     0.145
  J600                    0.53    766.33      0  00:32       0.719     0.266
  J601                    0.69    697.83      0  00:50       0.488     0.151
  J602                    0.01    392.69      0  00:18       0.002     0.000
  J603                    0.64    744.87      0  00:59       1.252     0.272
  J604                    0.58    685.38      0  00:57       0.310     0.001
  J605                    0.81   1725.03      0  00:26       3.203     0.763
  J606                    0.58   1106.48      0  00:28       1.595     0.580
  J612                    0.45    171.80      0  00:31       0.018     0.001
  J613                    0.78   1699.53      0  00:35       3.540     0.524
  J614                    0.67    503.13      0  00:30       0.944     0.322
  J619                    0.82   1929.27      0  00:33       3.934     0.980
  J620                    0.57    432.02      0  00:14       0.236     0.053
  J621                    0.63   2249.95      0  00:35       4.471     0.221
  J622                    0.66   2700.94      0  00:30       4.643     0.220
  J624                    0.58   1116.60      0  00:30       1.349     0.059
  J626                    0.63    642.59      0  00:27       0.794     0.558
  J629                    0.63   1260.00      0  00:40       2.366     0.177
  J630                    0.47    193.19      0  00:31       0.045     0.008
  J633                    0.83   1608.91      0  00:30       3.331     0.574
  J635                    0.64    441.14      0  00:12       0.256     0.033
  J636                    0.21    197.66      0  00:31       0.014     0.001
  J637                    0.09    102.10      0  00:37       0.006     0.000
  J638                    0.57   2210.38      0  00:50       3.935     0.121
  J639                    0.52   1008.93      0  00:45       1.685     0.110
  J640                    0.66   2286.20      0  00:51       2.782     0.086
  J641                    0.52   1170.17      0  00:19       0.384     0.027
  J642                    0.77   4178.36      0  00:55       8.501     0.178
  J643                    0.69   2458.12      0  00:51       4.473     0.156
  J644                    0.82   6441.32      0  00:40      15.160     0.822
  J645                    0.77   4328.75      0  00:45       9.595     0.415
  J646                    0.52    379.85      0  00:30       0.344     0.022
  J647                    0.41    149.57      0  00:32       0.052     0.004
  J650                    0.68    967.49      0  00:35       1.760     0.549
  J651                    0.68   2023.54      0  00:30       3.789     0.541
  J652                    0.69   1936.29      0  00:45       3.814     0.233
  J653                    0.50    462.74      0  00:29       0.685     0.088
  J654                    0.65    600.69      0  00:35       0.914     0.249
  J661                    0.64   1301.01      0  00:30       2.285     0.132
  J662                    0.60    900.42      0  00:30       1.213     0.090
  J663                    0.33    233.74      0  00:45       0.251     0.018
  J664                    0.48    931.59      0  00:50       1.386     0.060
  J667                    0.79   4949.60      0  00:50      10.312     0.613
  J670                    0.73   4575.22      0  00:40       9.482     1.632
  J671                    0.74   3265.44      0  00:18       2.630     2.251
  J676                    0.73   2552.60      0  00:59       5.512     0.267
  J677                    0.71   1914.47      0  00:40       3.915     0.132
  J678                    0.69   2206.92      0  00:30       3.659     0.428
  J679                    0.66   1213.95      0  00:18       1.498     0.144
  J680                    0.04    199.56      0  00:28       0.003     0.000
  J681                    0.67    430.26      0  00:30       0.488     0.070
  J682                    0.75   2548.39      0  00:30       4.970     0.265
  J683                    0.60   1037.96      0  00:41       1.650     0.129
  J684                    0.78   3086.39      0  00:45       6.787     0.170
  J685                    0.59   2392.75      0  00:52       3.980     0.119
  J686                    0.80   7072.47      0  00:40      16.562     2.346
  J688                    0.68   1792.96      0  00:30       3.084     0.276
  J689                    0.67   1832.34      0  00:48       3.462     0.151
  J690                    0.43   1571.46      0  00:44       1.011     0.185
  J691                    0.71   3728.85      0  00:17       6.091     0.434
  J692                    0.64   1877.91      0  00:33       3.510     0.148
  J693                    0.61   1311.75      0  00:31       1.870     0.157
  J695                    0.09    226.93      0  00:30       0.007     0.001
  J696                    0.32   1215.58      0  00:31       0.093     0.017
  J697                    0.64   1065.43      0  00:36       1.944     0.592
  J698                    0.82   2203.38      0  00:30       4.838     0.632
  J699                    0.53    282.52      0  00:23       0.058     0.002
  J700                    0.73    362.23      0  00:45       0.596     0.042
  J701                    0.52    477.70      0  00:40       0.641     0.058
  J702                    0.80   2865.14      0  00:35       6.268     0.755
  J703                    0.01    523.29      0  00:11       0.000     0.000
  J706                    0.55    399.66      0  00:35       0.579     0.036
  J708                    0.83    779.23      0  00:30       1.053     0.304
  J717                    0.55   4670.91      0  00:59       6.286     0.039
  J718                    0.01    243.33      0  00:29       0.000     0.000
  J719                    0.61    247.76      0  00:20       0.070     0.020
  J720                    0.88   1658.60      0  00:21       2.426     4.722
  J721                    0.65   1186.41      0  00:30       2.191     0.308
  J722                    0.66   2016.09      0  00:42       3.482     1.293
  J724                    0.62   2027.42      0  00:30       2.789     0.250
  J728                    0.79   5351.73      0  00:30       8.442     0.967
  J729                    0.75    861.16      0  00:36       1.058     0.585
  J730                    0.81   2071.44      0  00:36       4.390     1.371
  J733                    0.44    384.78      0  00:33       0.171     0.022
  J734                    0.77   3146.52      0  00:35       6.374     0.749
  J735                    0.80   3442.31      0  00:45       6.954     0.349
  J736                    0.81   1997.93      0  00:30       4.503     0.437
  J741                    0.08    925.46      0  00:18       0.054     0.000
  J742                    0.70   2906.88      0  00:35       5.634     0.714
  J743                    0.86   1403.96      0  00:28       3.422     2.557
  J744                    0.77   2962.10      0  00:34       7.112     1.385
  J745                    0.77   1507.18      0  00:13       2.714     1.399
  J746                    0.77   1066.52      0  00:14       0.183     1.716
  J747                    0.67    683.03      0  00:30       0.657     0.109
  J748                    0.71    835.41      0  00:20       1.496     1.530
  J749                    0.67   1093.83      0  00:35       1.634     0.137
  J750                    0.71   1266.33      0  00:35       2.530     1.221
  J751                    0.95   7773.91      0  00:59      15.856     0.192
  J752                    0.93   4784.98      0  00:49      10.593     0.628
  J753                    0.77   3729.75      0  00:45       8.378     0.445
  
  
  ***********************
  Outfall Loading Summary
  ***********************
  
  -----------------------------------------------------------
                         Flow       Avg       Max       Total
                         Freq      Flow      Flow      Volume
  Outfall Node           Pcnt       LPS       LPS    10^6 ltr
  -----------------------------------------------------------
  out1                   0.00      0.00      0.00       0.000
  out2                   0.00      0.00      0.00       0.000
  out3                  99.97    780.80   1345.25       2.792
  out4                  99.97   2827.32   4007.05      10.109
  out5                  98.59    777.48   1348.12       2.741
  out6                  99.83    709.08   1197.20       2.532
  out7                  89.12   1055.74   1651.07       3.365
  out8                  99.92    786.46   1384.07       2.810
  out9                  99.97   4514.18   7256.36      16.139
  out10                 99.97   3555.47   5444.12      12.712
  out11                 99.97   3608.97   5026.01      12.904
  out12                 99.97   2365.24   3533.22       8.457
  out13                 99.66    873.76   1464.58       3.114
  out14                 97.89   1981.84   2845.22       6.938
  out15                 96.49    885.30   1513.17       3.055
  out16                 95.89   1693.75   2807.60       5.808
  out17                 99.54    765.80   1381.32       2.726
  out18                 99.76   1844.30   2873.75       6.580
  out19                 94.80    129.41    231.22       0.439
  out20                 99.97   2260.83   3428.09       8.083
  out21                 99.97   1920.77   3336.40       6.867
  out22                 99.97   2774.87   4702.74       9.921
  out23                 99.93   1597.08   2906.79       5.708
  out24                 99.97   3230.65   5020.91      11.551
  out25                 99.97   1792.82   3046.94       6.410
  out26                 99.94   2204.01   3429.44       7.878
  out27                 94.16   1850.92   2948.85       6.233
  out28                 94.93   2157.37   3357.34       7.324
  out29                 99.27   1688.25   2377.55       5.994
  out30                 99.97   1068.77   1735.39       3.821
  out31                 99.89    165.39    304.40       0.591
  out32                 99.97   1401.24   2280.38       5.010
  out33                 99.97   1340.39   2231.49       4.792
  out34                  0.00      0.00      0.00       0.000
  out35                  0.00      0.00      0.00       0.000
  out36                 86.48   1363.55   1798.14       4.217
  out37                 99.79   1469.74   2124.20       5.245
  out38                 86.05   1208.19   1843.16       3.718
  out39                 99.97   1291.65   2073.38       4.618
  out40                 99.97   3741.55   5805.11      13.377
  out41                 99.97   2712.39   3927.27       9.698
  out42                 99.97   2056.19   3408.09       7.352
  out43                 99.97   2202.13   3592.70       7.873
  out44                 99.80   1059.37   1919.47       3.781
  out45                 99.58   3602.04   4852.62      12.828
  out46                 99.94   1159.80   1721.12       4.146
  out47                  0.00      0.00      0.00       0.000
  out48                 99.93   2212.02   3251.17       7.906
  out49                  0.00      0.00      0.00       0.000
  out50                  0.00      0.00      0.00       0.000
  out51                  0.00      0.00      0.00       0.000
  out52                 98.94    422.65    743.27       1.495
  out53                 99.97   2178.93   3059.35       7.791
  out54                 99.97   1392.32   2068.25       4.978
  out55                 99.99   3315.02   4653.23      11.854
  out56                 99.11     50.07     98.35       0.177
  out57                 99.97    556.93    864.73       1.991
  out58                 99.97   1906.56   3187.00       6.816
  out59                 99.89    351.90    583.14       1.257
  out60                 99.82    455.65    836.75       1.627
  out61                 98.92   1219.48   1865.13       4.314
  out62                 99.16     45.31     92.24       0.161
  out63                 98.42     99.08    172.80       0.349
  out64                 99.97   1128.67   1680.57       4.035
  out65                 99.51    760.97   1103.43       2.708
  out66                 99.97   1527.81   2550.90       5.463
  out67                 99.97   1156.07   1995.32       4.133
  out68                 99.97   1902.12   2716.46       6.801
  out69                 99.97   4155.52   7130.08      14.857
  out70                 99.97   2733.95   4966.65       9.774
  out71                 99.97    805.60   1387.91       2.880
  out72                 99.97   2937.52   4467.06      10.502
  out73                 99.99   7934.30  12393.81      28.371
  out74                 99.94   2162.72   2790.16       7.730
  out75                 99.97    883.09   1534.54       3.157
  out76                 99.97   1497.39   2293.84       5.354
  out77                 99.78   1332.59   2060.72       4.755
  out78                 99.97   2860.70   4499.78      10.228
  out79                 99.92    783.04   1438.53       2.798
  out80                 99.97   4961.27   8353.08      17.739
  out81                 99.97   1013.00   1471.72       3.622
  out82                 99.97   1807.81   3030.65       6.463
  out83                 99.97   1803.05   2842.64       6.446
  out84                 99.97   2741.33   3396.54       9.801
  out85                 99.97   1362.72   2374.75       4.872
  out86                 99.59    783.62   1374.13       2.791
  out87                 99.97   1015.67   1731.99       3.631
  out88                 99.97   6756.80   9349.07      24.158
  out89                  0.00      0.00      0.00       0.000
  out90                 99.93   2267.18   3059.74       8.103
  out91                 99.97   2747.50   3563.85       9.824
  sea                    0.00      0.00      0.00       0.000
  mount                  0.00      0.00      0.00       0.000
  sea1                  99.99   1319.08   2140.67       4.717
  sea2                  99.99   1178.62   2145.14       4.214
  sea3                  99.99   3163.27   6039.66      11.311
  sea4                  99.99    443.50    772.54       1.586
  sea5                  99.99    317.31    556.68       1.135
  sea6                  99.99    806.49   1507.66       2.884
  sea7                  99.99    530.72    985.56       1.898
  sea8                  99.99    378.76    673.38       1.354
  sea9                  99.99   1047.07   1824.35       3.744
  sea10                 99.99   1760.39   2869.47       6.295
  sea11                 99.97    257.10    452.47       0.919
  sea12                 99.99    595.49   1034.41       2.129
  sea13                 99.99   1109.22   2009.62       3.966
  sea14                 99.96     11.97     24.24       0.043
  sea15                 99.99    432.09    730.04       1.545
  sea16                 99.99   1111.25   1886.28       3.974
  sea17                 99.99   1997.93   3713.25       7.144
  sea18                 99.99    385.57    658.10       1.379
  sea19                 99.99   6546.20  13238.54      23.406
  sea20                 99.99    422.41    738.54       1.510
  sea21                 99.99    564.93    951.53       2.020
  sea22                 99.99   1918.21   2922.91       6.859
  sea23                 99.99   1834.97   3724.75       6.561
  sea24                 99.99    672.17   1175.92       2.403
  sea25                 99.97    239.50    419.86       0.856
  sea26                 99.99    484.40    839.28       1.732
  sea27                 99.99    504.92    819.30       1.806
  sea28                 99.99    613.93   1004.80       2.195
  sea29                 99.97    210.05    402.47       0.751
  sea30                 99.99    431.09    739.13       1.542
  sea31                 99.97    264.31    506.88       0.945
  sea32                 99.99    259.66    467.64       0.929
  sea33                 99.99    412.63    702.17       1.476
  sea34                 99.99    206.79    357.37       0.740
  sea35                 99.99    929.21   1587.91       3.323
  sea36                 99.97    240.89    424.37       0.861
  sea37                 99.97    256.91    447.09       0.919
  sea38                 99.97    280.97    509.83       1.005
  sea39                 99.97     29.95     59.94       0.107
  sea40                 99.97     75.83    139.79       0.271
  sea41                 99.99  11993.09  19866.30      42.884
  sea42                 99.99    399.74    691.39       1.429
  sea43                 99.99   2561.42   4859.49       9.159
  sea44                 99.97    261.53    456.74       0.935
  sea45                 99.99    570.42    856.29       2.040
  sea46                 99.97     25.47     45.25       0.091
  sea47                 99.99    799.57   1701.57       2.859
  sea48                 99.22      0.56      1.16       0.002
  sea49                 99.99   1039.95   1824.39       3.719
  sea50                 99.97     30.52     64.73       0.109
  sea51                 99.97    140.65    252.77       0.503
  sea52                 99.97     38.41     73.84       0.137
  sea53                 99.99   1229.52   2070.03       4.396
  sea54                 99.99   3254.80   6145.14      11.638
  sea55                 99.99    263.92    482.39       0.944
  sea56                 99.99    943.01   1532.31       3.372
  sea57                 99.99    781.02   1265.70       2.793
  sea58                 99.99    160.22    298.51       0.573
  sea59                 99.99    205.92    350.88       0.736
  sea60                 99.99    368.60    643.08       1.318
  sea61                 99.99    512.51    887.68       1.833
  sea62                 99.99    661.09   1019.76       2.364
  mount1                99.99   1878.02   3293.97       6.715
  mount2                99.99    425.97    759.58       1.523
  mount3                99.99   1526.02   2374.85       5.457
  mount4                99.99    287.88    527.77       1.029
  mount5                99.99    528.89    942.20       1.891
  mount6                99.99   2697.82   5352.70       9.646
  mount7                99.99    478.72    948.43       1.712
  mount8                99.99   2349.08   3534.35       8.400
  mount9                99.99    250.15    466.28       0.895
  mount10               99.99   1238.76   2184.36       4.429
  mount11               99.99   3326.83   5117.30      11.896
  mount12               99.99   2319.40   4237.02       8.293
  -----------------------------------------------------------
  System                92.94 230298.02 345897.62     820.147
  
  
  ********************
  Link Flow Summary
  ********************
  
  -----------------------------------------------------------------------------
                                 Maximum  Time of Max   Maximum    Max/    Max/
                                  |Flow|   Occurrence   |Veloc|    Full    Full
  Link                 Type          LPS  days hr:min     m/sec    Flow   Depth
  -----------------------------------------------------------------------------
  C1                   CONDUIT    202.21     0  00:35      0.24    0.03    0.56
  C2                   CONDUIT   2271.96     0  00:19      4.58    1.04    1.00
  C3                   CONDUIT   1618.88     0  00:13      3.52    0.99    1.00
  C4                   CONDUIT    370.94     0  00:46      1.02    0.27    0.75
  C5                   CONDUIT   1386.72     0  00:13      2.82    1.05    1.00
  C6                   CONDUIT   1586.35     0  00:13      3.22    1.69    1.00
  C7                   CONDUIT   1563.52     0  00:13      3.12    1.28    1.00
  C8                   CONDUIT   1648.86     0  00:14      3.41    1.61    1.00
  C9                   CONDUIT   1331.73     0  00:15      2.73    1.02    1.00
  C10                  CONDUIT   1139.11     0  00:13      2.27    1.04    1.00
  C11                  CONDUIT   1253.73     0  00:59      2.49    1.14    1.00
  C12                  CONDUIT   1076.26     0  00:13      2.14    1.45    1.00
  C13                  CONDUIT   1202.49     0  00:28      2.39    1.05    1.00
  C14                  CONDUIT   1112.21     0  00:50      2.21    0.79    1.00
  C15                  CONDUIT    433.55     0  00:32      1.06    0.88    1.00
  C16                  CONDUIT   1290.76     0  00:59      2.57    2.60    1.00
  C17                  CONDUIT   2035.24     0  00:59      4.05    1.44    1.00
  C18                  CONDUIT   1762.20     0  00:12      3.51    1.44    1.00
  C19                  CONDUIT   1334.07     0  00:15      2.65    2.05    1.00
  C20                  CONDUIT   1293.12     0  00:17      2.57    1.39    1.00
  C21                  CONDUIT    714.11     0  00:15      1.49    1.37    1.00
  C22                  CONDUIT    657.45     0  00:15      1.40    1.30    1.00
  C23                  CONDUIT   1661.73     0  00:26      3.56    0.95    1.00
  C24                  CONDUIT   1701.10     0  00:22      3.41    1.73    1.00
  C25                  CONDUIT   1311.07     0  00:23      2.61    1.03    1.00
  C26                  CONDUIT   1613.51     0  00:59      3.21    1.11    1.00
  C27                  CONDUIT   1592.30     0  00:59      3.17    1.05    1.00
  C28                  CONDUIT   1596.11     0  00:28      3.18    1.00    1.00
  C29                  CONDUIT   1536.18     0  00:35      3.06    0.91    1.00
  C30                  CONDUIT   1198.78     0  00:59      2.26    0.40    1.00
  C31                  CONDUIT   1175.32     0  00:34      2.47    1.38    1.00
  C32                  CONDUIT   1305.39     0  00:18      2.60    1.01    1.00
  C33                  CONDUIT    961.00     0  00:24      1.91    0.97    1.00
  C34                  CONDUIT    281.99     0  00:42      1.52    0.28    0.40
  C35                  CONDUIT    643.18     0  00:42      1.08    0.18    0.64
  C36                  CONDUIT   1159.88     0  00:47      3.22    0.90    0.68
  C37                  CONDUIT   2293.84     0  00:47      5.72    0.90    0.74
  C38                  CONDUIT   1333.79     0  00:41      3.07    0.70    0.81
  C39                  CONDUIT   3357.34     0  00:35      3.09    1.16    0.92
  C40                  CONDUIT   2948.85     0  00:30      3.24    0.58    0.75
  C41                  CONDUIT   2650.98     0  00:30      5.27    1.62    1.00
  C42                  CONDUIT   3011.59     0  00:59      7.43    2.55    0.75
  C43                  CONDUIT   3429.44     0  00:40     10.32    0.24    0.34
  C44                  CONDUIT   3046.94     0  00:31      8.76    0.26    0.35
  C45                  CONDUIT   1409.79     0  00:31      4.40    0.78    0.61
  C46                  CONDUIT   1049.36     0  00:44      3.13    1.14    0.63
  C47                  CONDUIT    565.93     0  00:36      2.90    0.62    0.41
  C48                  CONDUIT   1534.54     0  00:40     19.85    0.04    0.15
  C49                  CONDUIT   2280.38     0  00:45     15.83    0.12    0.24
  C50                  CONDUIT   1735.39     0  00:33     16.34    0.14    0.26
  C51                  CONDUIT    304.40     0  00:30      4.02    0.09    0.21
  C52                  CONDUIT    703.77     0  00:59      2.09    2.23    0.65
  C53                  CONDUIT     34.79     0  00:21      0.46    0.05    0.27
  C54                  CONDUIT   3408.09     0  00:30     20.06    0.16    0.27
  C55                  CONDUIT    787.75     0  00:59      2.31    2.03    0.67
  C56                  CONDUIT    814.88     0  00:17      2.00    0.94    1.00
  C57                  CONDUIT    650.36     0  00:15      1.53    1.19    1.00
  C58                  CONDUIT    559.76     0  00:18      1.16    0.76    1.00
  C59                  CONDUIT    760.23     0  00:15      1.63    1.07    1.00
  C60                  CONDUIT   1439.40     0  00:59      2.86    1.67    1.00
  C61                  CONDUIT   1073.75     0  00:16      2.14    1.16    1.00
  C62                  CONDUIT   1778.60     0  00:12      3.54    1.24    1.00
  C63                  CONDUIT   1996.67     0  00:59      3.97    1.60    1.00
  C64                  CONDUIT   1499.13     0  00:33      3.14    1.07    1.00
  C65                  CONDUIT   1657.01     0  00:32      3.50    1.02    1.00
  C66                  CONDUIT   1299.12     0  00:34      2.75    1.08    1.00
  C67                  CONDUIT   1424.32     0  00:59      2.83    1.09    1.00
  C68                  CONDUIT   1287.92     0  00:29      2.93    1.06    1.00
  C69                  CONDUIT   3428.09     0  00:45      6.82    1.23    1.00
  C70                  CONDUIT   2374.75     0  00:40      7.13    0.72    0.63
  C71                  CONDUIT    613.43     0  00:39      2.08    0.51    0.57
  C72                  CONDUIT    611.99     0  00:29      1.45    0.70    0.97
  C73                  CONDUIT    444.25     0  00:32      1.62    0.50    0.56
  C74                  CONDUIT   1876.43     0  00:35      2.97    0.12    0.36
  C75                  CONDUIT   1817.02     0  00:55      2.94    0.76    0.74
  C76                  CONDUIT   1542.74     0  00:53      3.07    1.57    1.00
  C77                  CONDUIT    893.13     0  00:59      1.78    0.82    1.00
  C78                  CONDUIT   1025.96     0  00:29      2.04    1.46    1.00
  C79                  CONDUIT   1190.42     0  00:59      2.37   12.77    1.00
  C80                  CONDUIT    574.10     0  00:46      1.14    0.90    1.00
  C81                  CONDUIT    619.06     0  00:19      1.23    0.84    1.00
  C82                  CONDUIT    609.01     0  00:13      1.29    0.82    1.00
  C83                  CONDUIT    670.19     0  00:15      1.50    0.81    1.00
  C84                  CONDUIT   1304.41     0  00:36      2.60    1.48    1.00
  C85                  CONDUIT   1242.61     0  00:29      2.47    0.87    1.00
  C86                  CONDUIT    935.51     0  00:17      1.99    2.22    1.00
  C87                  CONDUIT    749.85     0  00:20      1.49    1.10    1.00
  C88                  CONDUIT    224.35     0  00:30      0.68    0.14    0.63
  C89                  CONDUIT    609.19     0  00:15      1.21    1.17    1.00
  C90                  CONDUIT    744.37     0  00:37      1.48    0.78    1.00
  C91                  CONDUIT    762.94     0  00:24      1.52    1.22    1.00
  C92                  CONDUIT   1015.13     0  00:22      2.16    0.97    1.00
  C93                  CONDUIT    903.01     0  00:14      1.96    0.85    1.00
  C94                  CONDUIT   1262.74     0  00:24      2.69    1.68    1.00
  C95                  CONDUIT   1193.48     0  00:24      2.58    1.79    1.00
  C96                  CONDUIT   1287.41     0  00:24      2.56    2.45    1.00
  C97                  CONDUIT   1306.99     0  00:38      2.77    1.50    1.00
  C98                  CONDUIT   1015.96     0  00:35      2.02    1.16    1.00
  C99                  CONDUIT   1258.48     0  00:39      2.50    0.69    1.00
  C100                 CONDUIT   1407.75     0  00:29      2.80    1.06    1.00
  C101                 CONDUIT    175.94     0  00:33      0.82    0.18    0.56
  C102                 CONDUIT    451.28     0  00:57      0.90    0.44    1.00
  C103                 CONDUIT    698.08     0  00:38      1.51    0.69    0.96
  C104                 CONDUIT    289.80     0  00:08      0.58    0.53    1.00
  C105                 CONDUIT   1424.72     0  00:59      2.83    1.55    1.00
  C106                 CONDUIT    661.44     0  00:59      1.32    1.39    1.00
  C107                 CONDUIT   1321.43     0  00:25      2.63    1.03    1.00
  C108                 CONDUIT   1296.31     0  00:22      2.58    1.02    1.00
  C109                 CONDUIT    894.41     0  00:24      1.97    0.83    1.00
  C110                 CONDUIT    729.74     0  00:21      1.85    0.66    1.00
  C111                 CONDUIT   1009.37     0  00:59      2.01    1.74    1.00
  C112                 CONDUIT   1145.05     0  00:24      2.28    2.23    1.00
  C113                 CONDUIT   1798.14     0  00:40      3.61    1.87    0.97
  C114                 CONDUIT   2060.72     0  00:40      4.10    1.87    1.00
  C115                 CONDUIT   2073.38     0  00:45     10.32    0.12    0.23
  C116                 CONDUIT   2124.20     0  00:45      2.33    0.46    0.46
  C117                 CONDUIT    928.24     0  00:59      2.62    1.31    0.68
  C118                 CONDUIT   1279.88     0  00:59      2.58    1.69    0.97
  C119                 CONDUIT   2286.47     0  00:59      4.55    2.73    1.00
  C120                 CONDUIT   1443.93     0  00:30      2.87    1.73    1.00
  C121                 CONDUIT    683.73     0  00:44      1.36    0.33    1.00
  C122                 CONDUIT    909.72     0  00:40      1.81    1.46    1.00
  C123                 CONDUIT   1045.01     0  00:40      2.08    0.97    1.00
  C124                 CONDUIT   1523.50     0  00:33      3.03    0.81    1.00
  C125                 CONDUIT    652.05     0  00:23      1.30    0.91    1.00
  C126                 CONDUIT   1823.85     0  00:23      0.91    0.18    1.00
  C127                 CONDUIT   1134.70     0  00:30      2.26    1.33    1.00
  C128                 CONDUIT   1335.37     0  00:31      2.66    1.83    1.00
  C129                 CONDUIT   1650.36     0  00:34      0.82    0.15    1.00
  C130                 CONDUIT    995.41     0  00:13      2.02    1.92    1.00
  C131                 CONDUIT   1322.65     0  00:49      2.63    1.10    1.00
  C132                 CONDUIT   1255.22     0  00:21      2.71    0.54    1.00
  C133                 CONDUIT    613.87     0  00:59      1.23    0.51    1.00
  C134                 CONDUIT   1482.73     0  00:23      2.95    1.09    1.00
  C135                 CONDUIT   1664.95     0  00:26      3.31    1.18    1.00
  C136                 CONDUIT   1343.78     0  00:26      2.67    1.35    1.00
  C137                 CONDUIT   1116.04     0  00:26      2.22    1.21    1.00
  C138                 CONDUIT   1184.84     0  00:15      2.36    0.90    1.00
  C139                 CONDUIT    771.87     0  00:20      2.10    0.67    1.00
  C140                 CONDUIT   1483.66     0  00:57      2.95    1.08    1.00
  C141                 CONDUIT    738.12     0  00:34      1.80    0.54    0.76
  C142                 CONDUIT    823.84     0  00:24      1.77    0.90    1.00
  C143                 CONDUIT    664.61     0  00:30      1.32    0.75    1.00
  C144                 CONDUIT    740.66     0  00:11      1.53    0.54    1.00
  C145                 CONDUIT   1455.82     0  00:55      3.15   11.79    1.00
  C146                 CONDUIT   1586.04     0  00:29      3.16    1.06    1.00
  C147                 CONDUIT    700.15     0  00:34      1.39    0.62    1.00
  C148                 CONDUIT   1125.79     0  00:28      2.24    1.16    1.00
  C149                 CONDUIT    757.03     0  00:34      1.51    0.95    1.00
  C150                 CONDUIT    884.98     0  00:15      1.79    1.10    1.00
  C151                 CONDUIT   2302.10     0  00:17      1.68    0.49    1.00
  C152                 CONDUIT   1427.26     0  00:23      3.07    0.78    1.00
  C153                 CONDUIT   1207.98     0  00:24      2.73    0.77    1.00
  C154                 CONDUIT    716.25     0  00:36      1.49    0.67    0.92
  C155                 CONDUIT    992.29     0  00:32      1.97    0.93    1.00
  C156                 CONDUIT   1732.87     0  00:30      4.10    0.22    0.34
  C157                 CONDUIT   5805.11     0  00:31     11.50    0.28    0.36
  C158                 CONDUIT   4315.90     0  00:31      4.71    2.98    0.59
  C159                 CONDUIT   2248.10     0  00:46      4.47    1.27    1.00
  C160                 CONDUIT   4678.59     0  00:27      2.07    0.34    1.00
  C161                 CONDUIT   1203.15     0  00:20      2.44    1.67    1.00
  C162                 CONDUIT   1016.90     0  00:26      2.02    1.55    1.00
  C163                 CONDUIT   1377.70     0  00:45      2.74    1.05    1.00
  C164                 CONDUIT    825.13     0  00:32      1.96    0.61    0.78
  C165                 CONDUIT   1576.59     0  00:35      3.55    0.76    0.83
  C166                 CONDUIT    314.07     0  00:35      1.20    0.30    0.52
  C167                 CONDUIT   1372.09     0  00:24      2.76    1.35    1.00
  C168                 CONDUIT   1992.23     0  00:25      3.98    0.95    1.00
  C169                 CONDUIT    477.91     0  00:30      2.00    0.36    0.49
  C170                 CONDUIT   1158.58     0  00:11      2.31    0.87    1.00
  C171                 CONDUIT    871.63     0  00:17      2.14    0.65    1.00
  C172                 CONDUIT   1056.88     0  00:12      2.14    0.83    1.00
  C173                 CONDUIT    789.51     0  00:22      1.57    0.88    1.00
  C174                 CONDUIT    680.29     0  00:18      1.35    0.91    1.00
  C175                 CONDUIT    309.24     0  00:31      1.62    0.28    0.48
  C176                 CONDUIT    806.64     0  00:15      2.16    0.82    1.00
  C177                 CONDUIT    601.31     0  00:24      1.31    0.55    1.00
  C178                 CONDUIT   1197.04     0  00:20      2.38    1.09    1.00
  C179                 CONDUIT   1158.38     0  00:24      2.30    1.18    1.00
  C180                 CONDUIT   1061.78     0  00:14      2.11    0.94    1.00
  C181                 CONDUIT   1109.47     0  00:50      2.21    0.45    1.00
  C182                 CONDUIT   1171.48     0  00:20      2.33    1.28    1.00
  C183                 CONDUIT    774.76     0  00:19      1.54    2.25    1.00
  C184                 CONDUIT   1096.43     0  00:59      2.18    1.21    1.00
  C185                 CONDUIT   7130.08     0  00:45     21.08    0.74    0.64
  C186                 CONDUIT   1771.85     0  00:40      4.13    1.32    0.82
  C187                 CONDUIT   4966.65     0  00:50     10.40    1.05    1.00
  C188                 CONDUIT    877.76     0  00:32      1.75    1.69    1.00
  C189                 CONDUIT   1288.19     0  00:50      2.77    2.50    1.00
  C190                 CONDUIT   2377.55     0  00:35      5.12    1.05    0.94
  C191                 CONDUIT   2193.39     0  00:53      4.53    3.83    0.94
  C192                 CONDUIT    909.42     0  00:23      1.81    1.02    1.00
  C193                 CONDUIT    968.99     0  00:32      2.31    2.83    1.00
  C194                 CONDUIT   1748.10     0  00:59      3.48    1.05    1.00
  C195                 CONDUIT   1135.56     0  00:40      2.34    0.61    1.00
  C196                 CONDUIT   3067.23     0  00:33      6.10    0.74    1.00
  C197                 CONDUIT   1910.21     0  00:48      4.63    1.13    1.00
  C198                 CONDUIT    755.00     0  00:19      1.62    0.88    1.00
  C199                 CONDUIT    678.17     0  00:59      1.35    1.00    1.00
  C200                 CONDUIT   1156.29     0  00:59      2.47    1.43    1.00
  C201                 CONDUIT   3210.94     0  00:49      4.33    0.39    0.94
  C202                 CONDUIT   1201.22     0  00:59      2.39    1.09    1.00
  C203                 CONDUIT   1518.60     0  00:25      3.02    0.99    1.00
  C204                 CONDUIT   1595.36     0  00:23      3.26    2.08    1.00
  C205                 CONDUIT   1607.74     0  00:34      3.26    1.00    1.00
  C206                 CONDUIT   1601.10     0  00:50      4.07    1.01    0.87
  C207                 CONDUIT   1626.75     0  00:16      3.42    1.02    1.00
  C208                 CONDUIT   1508.35     0  00:59      3.12    1.02    1.00
  C209                 CONDUIT   1097.34     0  00:17      2.19    1.18    1.00
  C210                 CONDUIT   1546.74     0  00:27      3.38    1.00    1.00
  C211                 CONDUIT   1177.03     0  00:23      2.59    1.20    1.00
  C212                 CONDUIT   1913.35     0  00:23      3.85    1.00    1.00
  C213                 CONDUIT   3237.00     0  00:30      4.12    0.99    1.00
  C214                 CONDUIT   1906.22     0  00:33      3.82    1.01    1.00
  C215                 CONDUIT    480.36     0  00:45      1.33    0.26    0.67
  C216                 CONDUIT   1745.73     0  00:50      3.47    0.98    1.00
  C217                 CONDUIT    164.58     0  00:40      0.68    0.11    0.54
  C218                 CONDUIT   1099.79     0  00:37      2.28    0.77    0.92
  C219                 CONDUIT   1585.44     0  00:54      3.15    1.02    1.00
  C220                 CONDUIT    245.56     0  00:59      0.49    0.20    1.00
  C221                 CONDUIT    506.28     0  00:39      1.35    0.44    0.81
  C222                 CONDUIT    899.43     0  00:25      1.79    0.78    1.00
  C223                 CONDUIT   1385.25     0  00:31      2.76    0.94    1.00
  C224                 CONDUIT   1464.27     0  00:23      2.91    1.00    1.00
  C225                 CONDUIT   1110.20     0  00:20      2.24    3.69    1.00
  C226                 CONDUIT   3089.61     0  00:31      4.87    1.03    0.43
  C227                 CONDUIT   4499.78     0  00:39     22.24    0.08    0.19
  C228                 CONDUIT    188.32     0  00:35      0.65    0.16    0.24
  C229                 CONDUIT   2201.89     0  00:19      4.38    1.27    1.00
  C230                 CONDUIT   2845.07     0  00:24      1.42    0.27    1.00
  C231                 CONDUIT   3075.62     0  00:34      3.68    0.52    0.54
  C232                 CONDUIT   1443.87     0  00:59      3.56    1.11    0.80
  C233                 CONDUIT   2009.02     0  00:36      2.73    0.16    0.63
  C234                 CONDUIT   3657.46     0  00:42      1.48    0.28    1.00
  C235                 CONDUIT    901.74     0  00:14      1.79    2.24    1.00
  C236                 CONDUIT   5071.64     0  00:37      3.60    0.41    0.72
  C237                 CONDUIT   6258.19     0  00:31      2.54    0.63    1.00
  C238                 CONDUIT   1375.19     0  00:33      2.74    2.22    1.00
  C239                 CONDUIT   2148.02     0  00:33      4.32    2.28    1.00
  C240                 CONDUIT   3336.40     0  00:33      6.64    1.17    1.00
  C241                 CONDUIT    312.35     0  00:33      1.78    0.51    0.38
  C242                 CONDUIT    423.93     0  00:32      2.09    0.73    0.42
  C243                 CONDUIT   2231.49     0  00:35     27.00    0.04    0.16
  C244                 CONDUIT   1731.99     0  00:40     22.53    0.04    0.15
  C245                 CONDUIT    676.68     0  00:20      1.64    0.80    1.00
  C246                 CONDUIT   1437.67     0  00:18      2.86    1.35    1.00
  C247                 CONDUIT    466.37     0  00:36      3.10    0.37    0.34
  C248                 CONDUIT    435.40     0  00:33      2.92    0.34    0.34
  C249                 CONDUIT   2024.80     0  00:59      4.03    1.10    1.00
  C250                 CONDUIT   2902.74     0  00:13      3.70    1.10    1.00
  C251                 CONDUIT   2210.44     0  00:59      4.95    1.15    0.84
  C252                 CONDUIT   2790.16     0  00:33      7.69    0.80    0.68
  C253                 CONDUIT    231.22     0  00:30      1.45    0.16    0.36
  C254                 CONDUIT   2807.60     0  00:35      3.62    1.59    0.96
  C255                 CONDUIT   1381.32     0  00:36      2.82    1.98    0.94
  C256                 CONDUIT   2873.75     0  00:40      5.72    2.70    1.00
  C257                 CONDUIT    430.78     0  00:35      1.14    0.34    0.70
  C258                 CONDUIT   1713.09     0  00:59      3.41    1.39    1.00
  C259                 CONDUIT    669.85     0  00:35      1.56    0.66    0.80
  C260                 CONDUIT   1161.01     0  00:59      2.31    1.15    1.00
  C261                 CONDUIT   1513.17     0  00:36      2.35    1.10    0.76
  C262                 CONDUIT   2845.22     0  00:30      3.67    2.60    0.96
  C263                 CONDUIT   1464.58     0  00:31      2.42    1.08    0.72
  C264                 CONDUIT   1374.13     0  00:31      2.33    1.35    0.70
  C265                 CONDUIT    708.72     0  00:32      1.47    1.08    0.92
  C266                 CONDUIT    809.29     0  00:31      1.63    1.28    0.96
  C267                 CONDUIT    314.86     0  00:22      0.72    0.43    1.00
  C268                 CONDUIT   1002.79     0  00:14      1.99    2.10    1.00
  C269                 CONDUIT    838.62     0  00:17      1.67    1.53    1.00
  C270                 CONDUIT   1521.21     0  00:17      3.07    0.63    1.00
  C271                 CONDUIT    800.69     0  00:24      1.59    4.42    1.00
  C272                 CONDUIT   1075.51     0  00:30      2.14    1.78    1.00
  C273                 CONDUIT    641.28     0  00:17      1.28    1.03    1.00
  C274                 CONDUIT   1194.32     0  00:24      2.38    1.09    1.00
  C275                 CONDUIT   1213.82     0  00:16      2.41    1.27    1.00
  C276                 CONDUIT   1398.25     0  00:25      2.80    0.94    1.00
  C277                 CONDUIT     96.10     0  00:31      0.45    0.10    0.44
  C278                 CONDUIT   1253.26     0  00:31      2.78    0.79    0.84
  C279                 CONDUIT   1393.62     0  00:27      2.81    0.98    1.00
  C280                 CONDUIT    714.63     0  00:31      1.55    0.88    0.87
  C281                 CONDUIT    902.43     0  00:49      1.80    1.15    1.00
  C282                 CONDUIT    931.44     0  00:49      1.85    1.29    1.00
  C283                 CONDUIT   2335.07     0  00:30      3.64    2.16    0.76
  C284                 CONDUIT   4702.74     0  00:30     11.20    0.55    0.53
  C285                 CONDUIT   1423.66     0  00:30      2.77    2.04    0.63
  C286                 CONDUIT   5020.91     0  00:31     10.39    0.66    0.59
  C287                 CONDUIT   2667.18     0  00:36      4.05    1.71    0.80
  C288                 CONDUIT   1747.83     0  00:36      2.62    1.73    0.79
  C289                 CONDUIT    661.94     0  00:30      1.32    1.86    1.00
  C290                 CONDUIT    351.37     0  00:31      1.12    0.31    0.60
  C291                 CONDUIT   1522.92     0  00:31      3.78    0.99    0.75
  C292                 CONDUIT    811.29     0  00:30      2.32    0.72    0.66
  C293                 CONDUIT   2906.79     0  00:31      7.90    0.82    0.69
  C294                 CONDUIT    198.63     0  00:30      0.40    0.53    1.00
  C295                 CONDUIT    198.34     0  00:10      0.47    0.94    1.00
  C296                 CONDUIT    599.07     0  00:35      1.19    0.89    1.00
  C297                 CONDUIT    198.27     0  00:47      0.87    0.30    0.48
  C298                 CONDUIT   1246.08     0  00:35      2.48    0.89    1.00
  C299                 CONDUIT   5516.79     0  00:59      8.99    5.01    0.75
  C300                 CONDUIT    952.54     0  00:35      2.98    0.68    0.61
  C301                 CONDUIT   9349.07     0  00:31     24.58    0.49    0.49
  C302                 CONDUIT     39.82     0  00:32      0.13    0.08    0.60
  C303                 CONDUIT    813.33     0  00:56      1.84    1.14    0.95
  C304                 CONDUIT    415.07     0  00:27      1.16    0.75    1.00
  C305                 CONDUIT   2841.11     0  00:30      2.51    0.89    1.00
  C306                 CONDUIT    397.98     0  00:33      1.08    0.54    0.76
  C307                 CONDUIT    514.35     0  00:19      1.14    0.69    1.00
  C308                 CONDUIT   1843.16     0  00:36      2.31    0.65    0.67
  C309                 CONDUIT   1021.06     0  00:32      2.03    0.92    1.00
  C310                 CONDUIT   1127.98     0  00:59      3.19    1.82    0.68
  C311                 CONDUIT   1680.57     0  00:30      8.32    0.12    0.23
  C312                 CONDUIT     87.05     0  00:30      0.79    0.24    0.27
  C313                 CONDUIT    172.80     0  00:30      2.56    0.08    0.19
  C314                 CONDUIT   1067.36     0  00:42      1.67    0.11    0.79
  C315                 CONDUIT   1702.49     0  00:59      4.06    1.42    0.78
  C316                 CONDUIT   1084.02     0  00:23      2.16    1.16    1.00
  C317                 CONDUIT   1066.47     0  00:26      2.31    0.85    1.00
  C318                 CONDUIT   1042.99     0  00:31      2.96    0.45    0.72
  C319                 CONDUIT   1103.03     0  00:30      2.75    0.69    0.74
  C320                 CONDUIT    164.27     0  00:30      0.85    0.14    0.41
  C321                 CONDUIT    608.57     0  00:30      1.65    0.46    0.69
  C322                 CONDUIT    720.34     0  00:30      1.43    0.55    1.00
  C323                 CONDUIT    721.99     0  00:33      1.44    0.79    1.00
  C324                 CONDUIT   1013.04     0  00:41      2.08    1.09    1.00
  C325                 CONDUIT    945.69     0  00:52      1.88    1.16    1.00
  C326                 CONDUIT   1112.32     0  00:29      2.21    1.40    1.00
  C327                 CONDUIT   1864.55     0  00:29      3.71    0.89    1.00
  C328                 CONDUIT   1958.75     0  00:30      3.90    0.94    1.00
  C329                 CONDUIT    988.47     0  00:28      2.02    1.47    1.00
  C330                 CONDUIT   1119.60     0  00:30      2.27    1.71    1.00
  C331                 CONDUIT    608.30     0  00:40      2.42    0.30    0.50
  C332                 CONDUIT   1042.84     0  00:50      2.56    0.52    0.76
  C333                 CONDUIT   1048.30     0  00:40      3.20    0.71    0.66
  C334                 CONDUIT   1477.91     0  00:26      2.98    1.00    1.00
  C335                 CONDUIT   1097.89     0  00:46      2.39    0.80    0.86
  C336                 CONDUIT   1324.91     0  00:11      2.76    1.00    1.00
  C337                 CONDUIT    894.53     0  00:25      1.78    1.25    1.00
  C338                 CONDUIT   1118.85     0  00:18      2.39    1.49    1.00
  C339                 CONDUIT   1936.12     0  00:59      3.85    1.09    1.00
  C340                 CONDUIT   2093.26     0  00:24      4.16    1.01    1.00
  C341                 CONDUIT   1038.30     0  00:59      2.07    0.98    1.00
  C342                 CONDUIT   1391.08     0  00:21      2.77    1.21    1.00
  C343                 CONDUIT   1019.26     0  00:31      2.42    0.61    0.78
  C344                 CONDUIT   1787.01     0  00:32      3.63    1.06    0.95
  C345                 CONDUIT   1982.34     0  00:31      2.17    0.77    1.00
  C346                 CONDUIT   1023.06     0  00:19      0.98    0.26    1.00
  C347                 CONDUIT    730.00     0  00:24      1.45    0.87    1.00
  C348                 CONDUIT    732.86     0  00:45      1.48    0.88    1.00
  C349                 CONDUIT    385.13     0  00:25      0.77    0.56    1.00
  C350                 CONDUIT    366.42     0  00:19      1.00    0.52    1.00
  C351                 CONDUIT   1837.86     0  00:30      1.63    1.11    1.00
  C352                 CONDUIT   1050.25     0  00:59      1.34    1.15    1.00
  C353                 CONDUIT    415.43     0  00:22      1.14    0.62    1.00
  C354                 CONDUIT    870.54     0  00:26      1.73    1.33    1.00
  C355                 CONDUIT    313.20     0  00:31      0.81    0.31    0.98
  C356                 CONDUIT    540.73     0  00:27      1.08    0.54    1.00
  C357                 CONDUIT    897.76     0  00:26      1.79    1.05    1.00
  C358                 CONDUIT    720.52     0  00:28      0.92    0.17    1.00
  C359                 CONDUIT    848.66     0  00:14      1.69    2.03    1.00
  C360                 CONDUIT    641.16     0  00:14      1.54    0.88    1.00
  C361                 CONDUIT    736.11     0  00:18      1.46    0.68    1.00
  C362                 CONDUIT    692.42     0  00:26      1.38    2.31    1.00
  C363                 CONDUIT    384.92     0  00:35      1.46    0.32    0.52
  C364                 CONDUIT   1197.20     0  00:33      3.42    0.77    0.66
  C365                 CONDUIT   1348.12     0  00:31      2.82    1.23    0.90
  C366                 CONDUIT    358.56     0  00:30      1.03    0.29    0.65
  C367                 CONDUIT    523.74     0  00:31      1.04    0.60    1.00
  C368                 CONDUIT    108.54     0  00:28      0.31    0.12    0.80
  C369                 CONDUIT    879.78     0  00:36      1.75    1.02    1.00
  C370                 CONDUIT   2089.09     0  00:35      4.91    3.57    0.79
  C371                 CONDUIT   4007.05     0  00:35      8.34    0.18    0.29
  C372                 CONDUIT   1345.25     0  00:37      7.52    0.03    0.12
  C373                 CONDUIT   1387.91     0  00:37      7.76    0.03    0.12
  C374                 CONDUIT   1917.95     0  00:45      4.75    1.58    0.51
  C375                 CONDUIT    488.46     0  00:40      2.64    0.46    0.40
  C376                 CONDUIT    773.80     0  00:32      1.76    0.73    0.82
  C377                 CONDUIT   1653.86     0  00:59      3.29    1.11    1.00
  C378                 CONDUIT   1530.64     0  00:41      3.96    1.01    0.79
  C379                 CONDUIT   1127.81     0  00:27      2.24    0.92    1.00
  C380                 CONDUIT    155.65     0  00:34      0.47    0.13    0.62
  C381                 CONDUIT    911.86     0  00:31      2.10    0.69    0.81
  C382                 CONDUIT   1614.99     0  00:19      3.21    0.96    1.00
  C383                 CONDUIT   1322.35     0  00:18      2.68    0.90    1.00
  C384                 CONDUIT    934.66     0  00:20      1.95    2.10    1.00
  C385                 CONDUIT    860.95     0  00:31      1.88    1.79    1.00
  C386                 CONDUIT    752.86     0  00:15      1.50    1.14    1.00
  C387                 CONDUIT   1084.40     0  00:18      2.21    1.43    1.00
  C388                 CONDUIT    857.48     0  00:27      1.71    0.90    1.00
  C389                 CONDUIT   2393.25     0  00:18      3.05    1.14    1.00
  C390                 CONDUIT    656.16     0  00:23      1.31    0.81    1.00
  C391                 CONDUIT    522.31     0  00:29      1.04    0.57    1.00
  C392                 CONDUIT   1006.58     0  00:36      2.39    1.06    0.83
  C393                 CONDUIT   1140.17     0  00:34      2.30    0.56    0.77
  C394                 CONDUIT   1574.17     0  00:59      3.13    1.19    1.00
  C395                 CONDUIT   3396.31     0  00:31      3.50    0.92    0.83
  C396                 CONDUIT   5001.63     0  00:41      4.73    1.06    0.96
  C397                 CONDUIT   7256.36     0  00:46      6.48    1.13    1.00
  C398                 CONDUIT   2510.68     0  00:35      5.20    0.57    0.45
  C399                 CONDUIT   4467.06     0  00:50     14.70    0.21    0.31
  C400                 CONDUIT   2038.38     0  00:59      4.22    1.52    0.94
  C401                 CONDUIT   1530.83     0  00:19      3.05    1.14    1.00
  C402                 CONDUIT   1213.57     0  00:18      2.58    1.08    1.00
  C403                 CONDUIT    553.21     0  00:40      1.49    0.32    0.69
  C404                 CONDUIT   1199.24     0  00:31      2.52    0.70    0.90
  C405                 CONDUIT   1314.17     0  00:17      1.96    1.34    1.00
  C406                 CONDUIT   1602.80     0  00:28      3.23    0.98    1.00
  C407                 CONDUIT   1629.77     0  00:31      3.29    0.99    1.00
  C408                 CONDUIT    859.01     0  00:23      1.76    0.92    1.00
  C409                 CONDUIT    585.28     0  00:17      1.18    2.36    1.00
  C410                 CONDUIT    628.90     0  00:22      1.27    2.21    1.00
  C411                 CONDUIT    560.85     0  00:58      1.12    1.31    1.00
  C412                 CONDUIT    705.35     0  00:28      1.40    1.64    1.00
  C413                 CONDUIT   1158.49     0  00:56      2.37    0.99    1.00
  C414                 CONDUIT    971.29     0  00:55      2.47    1.30    0.79
  C415                 CONDUIT    746.68     0  00:17      1.49    1.07    1.00
  C416                 CONDUIT   2842.64     0  00:46      6.18    0.20    0.31
  C417                 CONDUIT   1402.75     0  00:32      3.09    0.76    0.85
  C418                 CONDUIT    940.60     0  00:40      2.32    0.51    0.75
  C419                 CONDUIT   2731.28     0  00:17      2.41    1.96    1.00
  C420                 CONDUIT    429.81     0  00:30      1.55    0.38    0.56
  C421                 CONDUIT    200.66     0  00:30      1.21    0.17    0.38
  C422                 CONDUIT    638.84     0  00:31      2.17    0.47    0.58
  C423                 CONDUIT    372.49     0  00:37      1.27    0.27    0.68
  C424                 CONDUIT   1314.13     0  00:52      2.69    1.12    0.97
  C425                 CONDUIT   1138.22     0  00:28      2.39    0.96    1.00
  C426                 CONDUIT    531.36     0  00:28      1.09    0.39    1.00
  C427                 CONDUIT    505.04     0  00:35      1.41    0.29    0.69
  C428                 CONDUIT    300.49     0  00:33      0.89    0.17    0.64
  C429                 CONDUIT    336.00     0  00:32      1.67    0.46    0.42
  C430                 CONDUIT    267.10     0  00:32      1.36    0.31    0.41
  C431                 CONDUIT     58.24     0  00:24      0.56    0.09    0.36
  C432                 CONDUIT    372.22     0  00:33      1.42    0.43    0.55
  C433                 CONDUIT    347.10     0  00:32      0.89    0.41    0.72
  C434                 CONDUIT    446.26     0  00:23      0.89    1.00    1.00
  C435                 CONDUIT    468.05     0  00:22      1.17    1.01    1.00
  C436                 CONDUIT    738.70     0  00:35      3.16    0.47    0.48
  C437                 CONDUIT     27.39     0  00:33      0.24    0.02    0.54
  C438                 CONDUIT     54.01     0  00:28      0.16    0.13    0.96
  C439                 CONDUIT    514.74     0  00:35      1.27    0.63    0.84
  C440                 CONDUIT    352.92     0  00:30      0.72    2.54    1.00
  C441                 CONDUIT    263.40     0  00:32      0.52    0.85    1.00
  C442                 CONDUIT    507.54     0  00:30      1.01    0.94    1.00
  C443                 CONDUIT    756.58     0  00:36      1.91    0.45    0.73
  C444                 CONDUIT   1045.39     0  00:42      2.08    0.63    1.00
  C445                 CONDUIT    563.62     0  00:11      1.55    0.45    1.00
  C446                 CONDUIT    345.13     0  00:34      0.84    0.42    0.76
  C447                 CONDUIT   1995.32     0  00:35      6.27    0.38    0.43
  C448                 CONDUIT    618.08     0  00:37      1.08    0.26    1.00
  C449                 CONDUIT    609.78     0  00:16      1.79    0.68    1.00
  C450                 CONDUIT    737.57     0  00:17      1.47    1.61    1.00
  C451                 CONDUIT    536.44     0  00:24      1.27    0.68    1.00
  C452                 CONDUIT    429.24     0  00:23      0.85    0.53    1.00
  C453                 CONDUIT    849.27     0  00:29      1.73    1.00    1.00
  C454                 CONDUIT    409.34     0  00:32      1.03    0.46    0.74
  C455                 CONDUIT    918.92     0  00:31      1.99    0.98    1.00
  C456                 CONDUIT    792.10     0  00:23      1.61    1.05    1.00
  C457                 CONDUIT    772.99     0  00:30      1.65    1.06    1.00
  C458                 CONDUIT    875.99     0  00:27      1.78    1.04    1.00
  C459                 CONDUIT    407.19     0  00:13      1.00    1.09    1.00
  C460                 CONDUIT    641.45     0  00:12      1.46    0.58    1.00
  C461                 CONDUIT    634.93     0  00:12      1.26    0.58    1.00
  C462                 CONDUIT    621.47     0  00:15      1.24    0.62    1.00
  C463                 CONDUIT    734.98     0  00:10      1.46    0.60    1.00
  C464                 CONDUIT   2730.22     0  00:32      2.66    0.57    0.65
  C465                 CONDUIT   4813.46     0  00:31      5.17    0.89    0.58
  C466                 CONDUIT   8353.08     0  00:31     14.09    0.35    0.41
  C467                 CONDUIT   1958.99     0  00:31      3.90    0.22    0.37
  C468                 CONDUIT   1489.90     0  00:31      3.52    0.71    0.78
  C469                 CONDUIT   1092.45     0  00:30      2.17    2.89    1.00
  C470                 CONDUIT    783.38     0  00:21      1.61    1.02    1.00
  C471                 CONDUIT    343.76     0  00:32      0.86    0.46    0.74
  C472                 CONDUIT   2550.90     0  00:33      6.76    0.84    0.70
  C473                 CONDUIT    911.84     0  00:34      2.45    0.81    0.69
  C474                 CONDUIT    743.27     0  00:32      1.67    2.26    0.83
  C475                 CONDUIT   1103.43     0  00:28      2.32    1.49    0.90
  C476                 CONDUIT   2967.63     0  00:51      5.90    1.38    1.00
  C477                 CONDUIT   2143.95     0  00:28      4.27    1.01    1.00
  C478                 CONDUIT   1911.57     0  00:31      3.80    0.96    1.00
  C479                 CONDUIT   1338.40     0  00:31      2.92    0.95    1.00
  C480                 CONDUIT    622.04     0  00:34      1.24    1.34    1.00
  C481                 CONDUIT    390.67     0  00:30      1.37    0.47    0.56
  C482                 CONDUIT   1026.22     0  00:31      2.93    0.72    0.66
  C483                 CONDUIT   1683.34     0  00:31      3.78    0.82    0.84
  C484                 CONDUIT   2164.79     0  00:29      4.35    0.98    1.00
  C485                 CONDUIT   2266.20     0  00:55      6.71    1.25    0.64
  C486                 CONDUIT   2716.46     0  00:30     24.52    0.15    0.27
  C487                 CONDUIT   2959.65     0  00:27      3.85    0.88    1.00
  C488                 CONDUIT    244.82     0  00:30      0.99    0.18    0.64
  C489                 CONDUIT   1953.43     0  00:30      4.86    1.35    0.77
  C490                 CONDUIT   3592.70     0  00:30     10.20    0.26    0.35
  C491                 CONDUIT   1348.67     0  00:28      3.56    6.73    0.74
  C492                 CONDUIT   1438.53     0  00:56      4.52    0.68    0.61
  C493                 CONDUIT   3927.27     0  00:30      7.81    1.36    1.00
  C494                 CONDUIT   1244.63     0  00:24      2.66    1.81    1.00
  C495                 CONDUIT    416.81     0  00:59      0.96    0.75    0.80
  C496                 CONDUIT   1199.02     0  00:09      2.39    3.26    1.00
  C497                 CONDUIT   1565.15     0  00:59      3.11    3.20    1.00
  C498                 CONDUIT   2401.33     0  00:40      4.78    1.94    1.00
  C499                 CONDUIT   1284.92     0  00:13      2.56    1.16    1.00
  C500                 CONDUIT   1143.35     0  00:10      2.46    0.90    1.00
  C501                 CONDUIT   1106.31     0  00:12      2.00    0.71    1.00
  C502                 CONDUIT   1832.10     0  00:30      3.93    0.89    0.87
  C503                 CONDUIT   1381.09     0  00:18      2.75    0.96    1.00
  C504                 CONDUIT   1425.13     0  00:14      2.84    1.03    1.00
  C505                 CONDUIT   1749.53     0  00:29      3.48    1.21    1.00
  C506                 CONDUIT   1777.24     0  00:23      3.54    1.25    1.00
  C507                 CONDUIT   1160.56     0  00:15      2.62    1.57    1.00
  C508                 CONDUIT    958.64     0  00:16      1.91    1.10    1.00
  C509                 CONDUIT    924.93     0  00:14      1.92    6.41    1.00
  C510                 CONDUIT   1105.28     0  00:30      2.20    2.28    1.00
  C511                 CONDUIT    720.79     0  00:10      1.87    0.98    1.00
  C512                 CONDUIT   1838.24     0  00:34      3.66    0.90    1.00
  C513                 CONDUIT   1295.87     0  00:32      2.71    0.84    0.91
  C514                 CONDUIT    989.19     0  00:40      2.66    0.64    0.79
  C515                 CONDUIT   1518.14     0  00:31      3.35    0.80    0.84
  C516                 CONDUIT    925.95     0  00:31      3.57    0.49    0.53
  C517                 CONDUIT   1960.87     0  00:23      4.01    1.00    1.00
  C518                 CONDUIT   1047.57     0  00:32      2.49    0.55    0.78
  C519                 CONDUIT   2031.47     0  00:21      4.16    1.06    1.00
  C520                 CONDUIT   1417.77     0  00:21      2.82    0.73    1.00
  C521                 CONDUIT   2287.51     0  00:57      4.70    1.23    1.00
  C522                 CONDUIT   3251.17     0  00:29      6.47    1.14    1.00
  C523                 CONDUIT   3059.74     0  00:35      7.35    0.33    0.40
  C524                 CONDUIT   1865.13     0  00:59      8.54    0.41    0.45
  C525                 CONDUIT     92.24     0  00:30      4.04    0.02    0.09
  C526                 CONDUIT   1442.85     0  00:59      3.70    5.76    0.72
  C527                 CONDUIT    344.27     0  00:10      0.89    0.27    1.00
  C528                 CONDUIT    385.96     0  00:59      1.27    0.25    0.72
  C529                 CONDUIT    221.34     0  00:30      1.48    0.35    0.34
  C530                 CONDUIT    836.75     0  00:30      6.78    0.19    0.29
  C531                 CONDUIT    378.11     0  00:35      1.46    0.76    0.51
  C532                 CONDUIT    583.14     0  00:31      4.66    0.19    0.30
  C533                 CONDUIT     41.99     0  00:23      0.38    0.09    0.38
  C534                 CONDUIT    411.98     0  00:30      1.88    0.44    0.46
  C535                 CONDUIT   3187.00     0  00:45     13.56    0.45    0.47
  C536                 CONDUIT    864.73     0  00:40      8.11    0.15    0.26
  C537                 CONDUIT     98.35     0  00:30      3.56    0.02    0.10
  C538                 CONDUIT   4653.23     0  00:26      9.80    1.07    1.00
  C539                 CONDUIT     67.65     0  00:31      0.35    0.04    0.57
  C540                 CONDUIT    814.00     0  00:32      2.05    0.46    0.74
  C541                 CONDUIT    824.26     0  00:35      2.04    3.71    0.76
  C542                 CONDUIT   1563.25     0  00:32      3.50    0.77    0.83
  C543                 CONDUIT   1966.45     0  00:28      3.91    1.77    1.00
  C544                 CONDUIT   1237.94     0  00:18      2.46    1.12    1.00
  C545                 CONDUIT    614.58     0  00:28      1.61    0.48    1.00
  C546                 CONDUIT    677.64     0  00:30      2.15    0.51    0.65
  C547                 CONDUIT   1221.86     0  00:29      2.43    0.93    1.00
  C548                 CONDUIT    981.38     0  00:34      2.06    0.78    0.90
  C549                 CONDUIT    718.45     0  00:31      1.93    0.51    0.75
  C550                 CONDUIT   1088.09     0  00:35      2.53    0.80    0.86
  C551                 CONDUIT   1989.35     0  00:30      4.00    0.95    1.00
  C552                 CONDUIT   2159.90     0  00:27      4.30    1.38    1.00
  C553                 CONDUIT   2309.68     0  00:31      4.59    1.05    1.00
  C554                 CONDUIT   2604.62     0  00:20      5.25    1.03    1.00
  C555                 CONDUIT   3215.64     0  00:59      6.40    1.26    1.00
  C556                 CONDUIT   3396.54     0  00:59      6.77    1.13    1.00
  C557                 CONDUIT    283.13     0  00:49      0.56    1.19    1.00
  C558                 CONDUIT    534.99     0  00:59      1.06    0.88    1.00
  C559                 CONDUIT   1038.25     0  00:15      2.07    4.98    1.00
  C560                 CONDUIT    901.26     0  00:47      1.79    6.12    1.00
  C561                 CONDUIT    869.84     0  00:16      1.73    1.47    1.00
  C562                 CONDUIT    695.24     0  00:13      1.45    1.81    1.00
  C563                 CONDUIT   1021.80     0  00:14      2.11    1.61    1.00
  C564                 CONDUIT    767.07     0  00:22      1.66    1.11    1.00
  C565                 CONDUIT    769.61     0  00:15      1.53    1.64    1.00
  C566                 CONDUIT   1274.95     0  00:27      2.54    5.44    1.00
  C567                 CONDUIT    960.77     0  00:23      1.91    3.48    1.00
  C568                 CONDUIT   1011.04     0  00:28      2.01    1.33    1.00
  C569                 CONDUIT    721.67     0  00:24      1.44    0.94    1.00
  C570                 CONDUIT    840.90     0  00:11      1.87    1.18    1.00
  C571                 CONDUIT    777.99     0  00:29      1.57    1.26    1.00
  C572                 CONDUIT    709.52     0  00:10      1.41    1.65    1.00
  C573                 CONDUIT    656.74     0  00:10      1.31    1.09    1.00
  C574                 CONDUIT    734.01     0  00:12      1.64    1.03    1.00
  C575                 CONDUIT    608.63     0  00:10      1.49    1.03    1.00
  C576                 CONDUIT    474.19     0  00:25      1.19    0.82    1.00
  C577                 CONDUIT    511.69     0  00:59      1.02    1.33    1.00
  C578                 CONDUIT    810.18     0  00:20      1.61    1.29    1.00
  C579                 CONDUIT    485.94     0  00:25      0.97    1.06    1.00
  C580                 CONDUIT    853.65     0  00:11      1.71    1.62    1.00
  C581                 CONDUIT    841.88     0  00:11      1.68    2.13    1.00
  C582                 CONDUIT    905.58     0  00:59      1.80    1.29    1.00
  C583                 CONDUIT    838.01     0  00:59      1.67    1.82    1.00
  C584                 CONDUIT    801.21     0  00:28      1.59    1.75    1.00
  C585                 CONDUIT   1009.10     0  00:28      2.01    1.04    1.00
  C586                 CONDUIT    914.60     0  00:14      1.82    1.25    1.00
  C587                 CONDUIT    906.06     0  00:14      1.80    1.22    1.00
  C588                 CONDUIT    757.08     0  00:15      1.56    1.00    1.00
  C589                 CONDUIT    765.41     0  00:18      1.52    1.05    1.00
  C590                 CONDUIT    958.18     0  00:14      1.91    1.55    1.00
  C591                 CONDUIT   1068.13     0  00:13      2.12    1.60    1.00
  C592                 CONDUIT    684.46     0  00:09      1.41    2.11    1.00
  C593                 CONDUIT    917.06     0  00:11      1.82    2.33    1.00
  C594                 CONDUIT    836.29     0  00:09      1.68    0.98    1.00
  C595                 CONDUIT    585.50     0  00:26      1.16    1.05    1.00
  C596                 CONDUIT    646.88     0  00:12      1.29    1.87    1.00
  C597                 CONDUIT    446.44     0  00:19      0.89    1.32    1.00
  C598                 CONDUIT    735.00     0  00:10      1.58    2.15    1.00
  C599                 CONDUIT    920.70     0  00:18      1.83    1.17    1.00
  C600                 CONDUIT    588.53     0  00:19      1.17    0.85    1.00
  C601                 CONDUIT   1580.02     0  00:10      3.79    1.63    1.00
  C602                 CONDUIT    925.79     0  00:37      1.84    1.09    1.00
  C603                 CONDUIT   1912.40     0  00:30      1.69    0.75    1.00
  C604                 CONDUIT    952.46     0  00:11      1.89    1.88    1.00
  C605                 CONDUIT    804.83     0  00:17      1.66    1.07    1.00
  C606                 CONDUIT    872.54     0  00:09      1.74    2.06    1.00
  C607                 CONDUIT    901.10     0  00:09      1.90    1.18    1.00
  C608                 CONDUIT   2063.50     0  00:31      4.87    2.75    0.79
  C609                 CONDUIT   3533.22     0  00:30     11.81    0.63    0.58
  C610                 CONDUIT    751.10     0  00:22      1.49    0.86    1.00
  C611                 CONDUIT    234.97     0  00:23      0.58    0.07    1.00
  C612                 CONDUIT    724.57     0  00:26      1.44    1.97    1.00
  C613                 CONDUIT    836.06     0  00:11      1.66    1.12    1.00
  C614                 CONDUIT   1451.04     0  00:30      3.64    1.91    0.75
  C615                 CONDUIT   5026.01     0  00:30     16.81    0.35    0.41
  C616                 CONDUIT   1424.50     0  00:59      3.69    1.77    0.75
  C617                 CONDUIT    917.90     0  00:59      1.83    1.19    1.00
  C618                 CONDUIT    991.37     0  00:11      1.97    1.11    1.00
  C619                 CONDUIT    786.82     0  00:12      1.57    0.95    1.00
  C620                 CONDUIT    673.10     0  00:32      1.34    0.54    1.00
  C621                 CONDUIT    716.86     0  00:23      1.43    0.97    1.00
  C622                 CONDUIT   1271.26     0  00:16      2.53    1.18    1.00
  C623                 CONDUIT   1291.16     0  00:59      2.57    1.71    1.00
  C624                 CONDUIT    384.18     0  00:27      0.53    0.50    0.91
  C625                 CONDUIT   2414.53     0  00:30      4.84    1.62    0.63
  C626                 CONDUIT   5444.12     0  00:30     21.66    0.28    0.36
  C627                 CONDUIT    292.92     0  00:30      0.61    0.22    1.00
  C628                 CONDUIT   1190.58     0  00:38      2.41    1.06    1.00
  C629                 CONDUIT   4591.54     0  00:58      5.19    0.99    0.73
  C630                 CONDUIT  12393.81     0  00:55     17.61    0.67    0.60
  C631                 CONDUIT   3375.95     0  00:51      3.34    0.70    0.84
  C632                 CONDUIT   1235.75     0  00:37      2.54    1.10    1.00
  C633                 CONDUIT   3030.65     0  00:40      8.53    0.09    0.20
  C634                 CONDUIT   2465.46     0  00:39      5.47    0.15    0.23
  C635                 CONDUIT   1576.83     0  00:39      3.65    1.10    0.80
  C636                 CONDUIT   1384.07     0  00:40      9.72    0.23    0.33
  C637                 CONDUIT    858.79     0  00:45      3.24    1.36    0.53
  C638                 CONDUIT    194.86     0  00:39      0.74    0.11    0.86
  C639                 CONDUIT    356.83     0  00:35      1.01    0.20    0.66
  C640                 CONDUIT    429.90     0  00:35      0.98    0.22    0.54
  C641                 CONDUIT   1651.07     0  00:35      2.57    0.22    0.43
  C642                 CONDUIT    721.72     0  00:30      1.12    0.80    0.77
  C643                 CONDUIT    311.63     0  00:30      0.76    0.17    0.52
  C644                 CONDUIT    851.18     0  00:42      1.69    0.82    1.00
  C645                 CONDUIT    560.95     0  00:35      1.79    0.54    0.75
  C646                 CONDUIT   1474.86     0  00:24      3.00    1.09    1.00
  C647                 CONDUIT   1408.96     0  00:16      3.34    1.04    1.00
  C648                 CONDUIT   1634.77     0  00:23      2.08    0.73    1.00
  C649                 CONDUIT   4023.68     0  00:22      2.41    0.45    1.00
  C650                 CONDUIT   4161.86     0  00:30      2.24    0.48    1.00
  C651                 CONDUIT    859.75     0  00:18      1.01    0.92    1.00
  C652                 CONDUIT    542.33     0  00:15      1.08    1.56    1.00
  C653                 CONDUIT    684.18     0  00:22      1.36    1.59    1.00
  C654                 CONDUIT    894.03     0  00:22      1.78    1.33    1.00
  C655                 CONDUIT    641.51     0  00:11      1.28    1.26    1.00
  C656                 CONDUIT    953.36     0  00:29      1.90    1.51    1.00
  C657                 CONDUIT   1196.15     0  00:20      2.38    0.96    1.00
  C658                 CONDUIT    815.50     0  00:16      2.23    0.67    1.00
  C659                 CONDUIT   1215.74     0  00:24      2.42    0.97    1.00
  C660                 CONDUIT   1253.56     0  00:59      3.19    1.22    0.75
  C661                 CONDUIT   3059.35     0  00:30      7.43    0.10    0.22
  C662                 CONDUIT   1471.72     0  00:30      4.13    0.09    0.20
  C663                 CONDUIT   1386.37     0  00:59      3.67    2.70    0.72
  C664                 CONDUIT   1166.12     0  00:18      2.32    0.99    1.00
  C665                 CONDUIT    872.92     0  00:30      2.27    0.08    0.21
  C666                 CONDUIT    229.47     0  00:30      1.28    0.20    0.39
  C667                 CONDUIT    518.26     0  00:32      2.15    0.41    0.49
  C668                 CONDUIT    529.99     0  00:31      1.74    0.47    0.59
  C669                 CONDUIT   1367.63     0  00:32      3.38    0.82    0.75
  C670                 CONDUIT   1734.49     0  00:32      4.86    0.95    0.67
  C671                 CONDUIT   1919.47     0  00:32      6.07    0.37    0.42
  C672                 CONDUIT   4852.62     0  00:59      6.18    1.38    1.00
  C673                 CONDUIT    189.34     0  00:36      0.46    0.41    1.00
  C674                 CONDUIT    958.45     0  00:29      1.22    2.36    1.00
  C675                 CONDUIT   4810.38     0  00:49      6.12    4.73    1.00
  C676                 CONDUIT   1610.27     0  00:36      3.20    0.97    1.00
  C677                 CONDUIT   1275.19     0  00:35      2.85    0.76    1.00
  C678                 CONDUIT    254.15     0  00:31      1.06    0.22    0.65
  C679                 CONDUIT    416.49     0  00:33      0.84    0.38    0.96
  C680                 CONDUIT   3807.62     0  00:21      7.57    1.23    1.00
  C681                 CONDUIT   1909.93     0  00:59      3.80    4.04    1.00
  C682                 CONDUIT   2156.21     0  00:59      4.29    0.93    1.00
  C683                 CONDUIT   1496.60     0  00:20      4.05    0.56    1.00
  C684                 CONDUIT   2080.93     0  00:46      4.14    0.90    1.00
  C685                 CONDUIT   2356.45     0  00:24      4.69    1.00    1.00
  C686                 CONDUIT   2019.30     0  00:24      4.21    1.07    1.00
  C687                 CONDUIT   1783.63     0  00:43      3.71    0.78    1.00
  C688                 CONDUIT   1393.33     0  00:24      2.83    1.63    1.00
  C689                 CONDUIT    955.05     0  00:23      1.90    1.05    1.00
  C690                 CONDUIT   1460.14     0  00:43      3.33    1.09    1.00
  C691                 CONDUIT   1740.16     0  00:23      3.91    1.10    1.00
  C692                 CONDUIT   1299.88     0  00:22      2.60    1.46    1.00
  C693                 CONDUIT    841.74     0  00:25      1.67    0.98    1.00
  C694                 CONDUIT   3563.85     0  00:35     16.74    0.40    0.44
  C695                 CONDUIT   2089.85     0  00:07      4.16    1.27    1.00
  C696                 CONDUIT   2126.11     0  00:07      4.40    1.61    1.00
  C697                 CONDUIT   2043.17     0  00:45      5.51    1.02    0.72
  C698                 CONDUIT   1040.60     0  00:51      2.78    1.03    0.74
  C699                 CONDUIT   1052.74     0  00:45      2.80    1.03    0.73
  C700                 CONDUIT   1721.12     0  00:35      7.45    0.45    0.47
  C701                 CONDUIT   2068.25     0  00:35      8.90    0.45    0.47
  C702                 CONDUIT   1429.74     0  00:22      2.84    0.92    1.00
  C703                 CONDUIT   1736.72     0  00:20      3.46    1.01    1.00
  C704                 CONDUIT   1885.73     0  00:17      3.75    1.14    1.00
  C705                 CONDUIT   2271.26     0  00:59      5.37    1.45    0.80
  
  
  ***************************
  Flow Classification Summary
  ***************************
  
  -------------------------------------------------------------------------------------
                      Adjusted    ---------- Fraction of Time in Flow Class ---------- 
                       /Actual         Up    Down  Sub   Sup   Up    Down  Norm  Inlet 
  Conduit               Length    Dry  Dry   Dry   Crit  Crit  Crit  Crit  Ltd   Ctrl  
  -------------------------------------------------------------------------------------
  C1                      1.00   0.00  0.00  0.00  1.00  0.00  0.00  0.00  1.00  0.00
  C2                      1.00   0.00  0.00  0.00  0.68  0.32  0.00  0.00  0.13  0.00
  C3                      1.00   0.00  0.00  0.00  0.78  0.22  0.00  0.00  0.00  0.00
  C4                      1.00   0.00  0.00  0.00  1.00  0.00  0.00  0.00  0.86  0.00
  C5                      1.00   0.00  0.00  0.00  0.84  0.16  0.00  0.00  0.04  0.00
  C6                      1.00   0.00  0.00  0.00  0.87  0.13  0.00  0.00  0.02  0.00
  C7                      1.00   0.00  0.00  0.00  0.80  0.20  0.00  0.00  0.00  0.00
  C8                      1.00   0.00  0.00  0.00  0.78  0.21  0.00  0.00  0.01  0.00
  C9                      1.00   0.00  0.00  0.00  0.83  0.17  0.00  0.00  0.06  0.00
  C10                     1.00   0.00  0.00  0.00  1.00  0.00  0.00  0.00  0.11  0.00
  C11                     1.00   0.00  0.00  0.00  0.92  0.08  0.00  0.00  0.17  0.00
  C12                     1.00   0.00  0.00  0.00  1.00  0.00  0.00  0.00  0.08  0.00
  C13                     1.00   0.00  0.00  0.00  0.93  0.07  0.00  0.00  0.08  0.00
  C14                     1.00   0.00  0.00  0.00  0.84  0.16  0.00  0.00  0.38  0.00
  C15                     1.00   0.00  0.00  0.00  1.00  0.00  0.00  0.00  0.23  0.00
  C16                     1.00   0.00  0.00  0.00  1.00  0.00  0.00  0.00  0.12  0.00
  C17                     1.00   0.00  0.00  0.00  0.80  0.20  0.00  0.00  0.01  0.00
  C18                     1.00   0.00  0.00  0.00  0.90  0.10  0.00  0.00  0.00  0.00
  C19                     1.00   0.00  0.00  0.00  0.88  0.12  0.00  0.00  0.00  0.00
  C20                     1.00   0.00  0.00  0.00  0.95  0.05  0.00  0.00  0.00  0.00
  C21                     1.00   0.00  0.00  0.00  1.00  0.00  0.00  0.00  0.18  0.00
  C22                     1.00   0.00  0.00  0.00  1.00  0.00  0.00  0.00  0.19  0.00
  C23                     1.00   0.00  0.00  0.00  0.67  0.33  0.00  0.00  0.05  0.00
  C24                     1.00   0.00  0.00  0.00  0.68  0.32  0.00  0.00  0.03  0.00
  C25                     1.00   0.00  0.00  0.00  0.82  0.18  0.00  0.00  0.21  0.00
  C26                     1.00   0.00  0.00  0.00  0.65  0.35  0.00  0.00  0.00  0.00
  C27                     1.00   0.00  0.00  0.00  0.65  0.35  0.00  0.00  0.18  0.00
  C28                     1.00   0.00  0.00  0.00  0.83  0.17  0.00  0.00  0.38  0.00
  C29                     1.00   0.00  0.00  0.00  0.56  0.44  0.00  0.00  0.37  0.00
  C30                     1.00   0.00  0.00  0.00  0.51  0.49  0.00  0.00  0.46  0.00
  C31                     1.00   0.00  0.00  0.00  0.64  0.36  0.00  0.00  0.00  0.00
  C32                     1.00   0.00  0.00  0.00  0.89  0.11  0.00  0.00  0.11  0.00
  C33                     1.00   0.00  0.00  0.00  0.94  0.06  0.00  0.00  0.10  0.00
  C34                     1.00   0.00  0.00  0.00  0.91  0.09  0.00  0.00  1.00  0.00
  C35                     1.00   0.00  0.00  0.00  1.00  0.00  0.00  0.00  1.00  0.00
  C36                     1.00   0.00  0.00  0.00  0.01  0.99  0.00  0.00  0.50  0.00
  C37                     1.00   0.00  0.00  0.00  0.01  0.99  0.00  0.00  0.08  0.00
  C38                     1.00   0.00  0.00  0.00  0.43  0.57  0.00  0.00  1.00  0.00
  C39                     1.00   0.00  0.06  0.00  0.94  0.00  0.00  0.00  0.00  0.00
  C40                     1.00   0.00  0.06  0.00  0.29  0.65  0.00  0.00  0.00  0.00
  C41                     1.00   0.00  0.00  0.00  0.96  0.04  0.00  0.00  0.24  0.00
  C42                     1.00   0.00  0.00  0.00  0.01  0.99  0.00  0.00  0.06  0.00
  C43                     1.00   0.00  0.00  0.00  0.00  0.99  0.00  0.00  0.00  0.00
  C44                     1.00   0.00  0.00  0.00  0.01  0.99  0.00  0.00  0.00  0.00
  C45                     1.00   0.00  0.00  0.00  0.01  0.99  0.00  0.00  0.00  0.00
  C46                     1.00   0.00  0.00  0.00  0.05  0.95  0.00  0.00  0.02  0.00
  C47                     1.00   0.00  0.00  0.00  0.05  0.95  0.00  0.00  0.02  0.00
  C48                     1.00   0.00  0.00  0.00  0.00  0.99  0.00  0.00  0.00  0.00
  C49                     1.00   0.00  0.00  0.00  0.01  0.99  0.00  0.00  0.00  0.00
  C50                     1.00   0.00  0.00  0.00  0.01  0.99  0.00  0.00  0.00  0.00
  C51                     1.00   0.00  0.00  0.00  0.00  0.99  0.00  0.00  0.02  0.00
  C52                     1.00   0.00  0.00  0.00  0.91  0.09  0.00  0.00  0.00  0.00
  C53                     1.00   0.00  0.00  0.00  1.00  0.00  0.00  0.00  0.36  0.00
  C54                     1.00   0.00  0.00  0.00  0.01  0.99  0.00  0.00  0.08  0.00
  C55                     1.00   0.00  0.00  0.00  0.37  0.63  0.00  0.00  0.01  0.00
  C56                     1.00   0.00  0.00  0.00  1.00  0.00  0.00  0.00  0.27  0.00
  C57                     1.00   0.00  0.00  0.00  1.00  0.00  0.00  0.00  0.23  0.00
  C58                     1.00   0.00  0.00  0.00  1.00  0.00  0.00  0.00  0.14  0.00
  C59                     1.00   0.00  0.00  0.00  1.00  0.00  0.00  0.00  0.01  0.00
  C60                     1.00   0.00  0.00  0.00  0.88  0.12  0.00  0.00  0.04  0.00
  C61                     1.00   0.00  0.00  0.00  0.86  0.14  0.00  0.00  0.03  0.00
  C62                     1.00   0.00  0.00  0.00  0.80  0.20  0.00  0.00  0.00  0.00
  C63                     1.00   0.00  0.00  0.00  0.82  0.18  0.00  0.00  0.01  0.00
  C64                     1.00   0.00  0.00  0.00  0.59  0.41  0.00  0.00  0.27  0.00
  C65                     1.00   0.00  0.00  0.00  0.46  0.54  0.00  0.00  0.00  0.00
  C66                     1.00   0.00  0.00  0.00  0.48  0.52  0.00  0.00  0.00  0.00
  C67                     1.00   0.00  0.00  0.00  0.85  0.15  0.00  0.00  0.10  0.00
  C68                     1.00   0.00  0.00  0.00  0.62  0.38  0.00  0.00  0.00  0.00
  C69                     1.00   0.00  0.00  0.00  0.51  0.49  0.00  0.00  0.00  0.00
  C70                     1.00   0.00  0.00  0.00  0.01  0.99  0.00  0.00  0.00  0.00
  C71                     1.00   0.00  0.00  0.00  0.35  0.65  0.00  0.00  1.00  0.00
  C72                     1.00   0.00  0.00  0.00  0.94  0.05  0.00  0.00  0.35  0.00
  C73                     1.00   0.00  0.00  0.00  0.88  0.12  0.00  0.00  0.62  0.00
  C74                     1.00   0.00  0.00  0.00  0.00  0.99  0.00  0.00  0.00  0.00
  C75                     1.00   0.00  0.00  0.00  0.55  0.45  0.00  0.00  0.13  0.00
  C76                     1.00   0.00  0.00  0.00  1.00  0.00  0.00  0.00  0.21  0.00
  C77                     1.00   0.00  0.00  0.00  1.00  0.00  0.00  0.00  0.16  0.00
  C78                     1.00   0.00  0.00  0.00  1.00  0.00  0.00  0.00  0.18  0.00
  C79                     1.00   0.00  0.00  0.00  1.00  0.00  0.00  0.00  0.00  0.00
  C80                     1.00   0.00  0.00  0.00  1.00  0.00  0.00  0.00  0.08  0.00
  C81                     1.00   0.00  0.00  0.00  1.00  0.00  0.00  0.00  0.18  0.00
  C82                     1.00   0.00  0.00  0.00  1.00  0.00  0.00  0.00  0.19  0.00
  C83                     1.00   0.00  0.00  0.00  1.00  0.00  0.00  0.00  0.24  0.00
  C84                     1.00   0.00  0.00  0.00  0.54  0.46  0.00  0.00  0.03  0.00
  C85                     1.00   0.00  0.00  0.00  0.86  0.14  0.00  0.00  0.30  0.00
  C86                     1.00   0.00  0.00  0.00  1.00  0.00  0.00  0.00  0.00  0.00
  C87                     1.00   0.00  0.00  0.00  1.00  0.00  0.00  0.00  0.09  0.00
  C88                     1.00   0.00  0.00  0.00  1.00  0.00  0.00  0.00  1.00  0.00
  C89                     1.00   0.00  0.00  0.00  1.00  0.00  0.00  0.00  0.07  0.00
  C90                     1.00   0.00  0.00  0.00  1.00  0.00  0.00  0.00  0.21  0.00
  C91                     1.00   0.00  0.00  0.00  1.00  0.00  0.00  0.00  0.39  0.00
  C92                     1.00   0.00  0.00  0.00  0.71  0.29  0.00  0.00  0.07  0.00
  C93                     1.00   0.00  0.00  0.00  0.85  0.15  0.00  0.00  0.02  0.00
  C94                     1.00   0.00  0.00  0.00  0.76  0.23  0.00  0.00  0.00  0.00
  C95                     1.00   0.00  0.00  0.00  0.80  0.20  0.00  0.00  0.00  0.00
  C96                     1.00   0.00  0.00  0.00  1.00  0.00  0.00  0.00  0.00  0.00
  C97                     1.00   0.00  0.00  0.00  0.81  0.19  0.00  0.00  0.23  0.00
  C98                     1.00   0.00  0.00  0.00  0.92  0.08  0.00  0.00  0.08  0.00
  C99                     1.00   0.00  0.00  0.00  1.00  0.00  0.00  0.00  0.09  0.00
  C100                    1.00   0.00  0.00  0.00  1.00  0.00  0.00  0.00  0.31  0.00
  C101                    1.00   0.00  0.00  0.00  1.00  0.00  0.00  0.00  1.00  0.00
  C102                    1.00   0.00  0.00  0.00  1.00  0.00  0.00  0.00  0.30  0.00
  C103                    1.00   0.00  0.00  0.00  1.00  0.00  0.00  0.00  0.48  0.00
  C104                    1.00   0.00  0.00  0.00  1.00  0.00  0.00  0.00  0.07  0.00
  C105                    1.00   0.00  0.00  0.00  1.00  0.00  0.00  0.00  0.05  0.00
  C106                    1.00   0.00  0.00  0.00  1.00  0.00  0.00  0.00  0.07  0.00
  C107                    1.00   0.00  0.00  0.00  0.69  0.31  0.00  0.00  0.10  0.00
  C108                    1.00   0.00  0.00  0.00  0.82  0.18  0.00  0.00  0.13  0.00
  C109                    1.00   0.00  0.00  0.00  0.97  0.03  0.00  0.00  0.31  0.00
  C110                    1.00   0.00  0.00  0.00  1.00  0.00  0.00  0.00  0.36  0.00
  C111                    1.00   0.00  0.00  0.00  1.00  0.00  0.00  0.00  0.27  0.00
  C112                    1.00   0.00  0.00  0.00  1.00  0.00  0.00  0.00  0.25  0.00
  C113                    1.00   0.00  0.14  0.00  0.86  0.00  0.00  0.00  0.00  0.00
  C114                    1.00   0.00  0.00  0.00  0.61  0.39  0.00  0.00  0.00  0.00
  C115                    1.00   0.00  0.00  0.00  0.00  0.99  0.00  0.00  0.01  0.00
  C116                    1.00   0.00  0.00  0.00  0.96  0.03  0.00  0.00  0.00  0.00
  C117                    1.00   0.00  0.00  0.00  0.04  0.96  0.00  0.00  0.00  0.00
  C118                    1.00   0.00  0.00  0.00  0.89  0.11  0.00  0.00  0.03  0.00
  C119                    1.00   0.00  0.00  0.00  0.86  0.14  0.00  0.00  0.00  0.00
  C120                    1.00   0.00  0.00  0.00  1.00  0.00  0.00  0.00  0.13  0.00
  C121                    1.00   0.00  0.00  0.00  0.84  0.15  0.00  0.00  0.16  0.00
  C122                    1.00   0.00  0.00  0.00  1.00  0.00  0.00  0.00  0.21  0.00
  C123                    1.00   0.00  0.00  0.00  0.90  0.10  0.00  0.00  0.07  0.00
  C124                    1.00   0.00  0.00  0.00  0.91  0.09  0.00  0.00  0.10  0.00
  C125                    1.00   0.00  0.00  0.00  1.00  0.00  0.00  0.00  0.11  0.00
  C126                    1.00   0.00  0.00  0.00  1.00  0.00  0.00  0.00  0.08  0.00
  C127                    1.00   0.00  0.00  0.00  0.96  0.04  0.00  0.00  0.04  0.00
  C128                    1.00   0.00  0.00  0.00  1.00  0.00  0.00  0.00  0.13  0.00
  C129                    1.00   0.00  0.00  0.00  1.00  0.00  0.00  0.00  0.15  0.00
  C130                    1.00   0.00  0.00  0.00  1.00  0.00  0.00  0.00  0.15  0.00
  C131                    1.00   0.00  0.00  0.00  1.00  0.00  0.00  0.00  0.17  0.00
  C132                    1.00   0.00  0.00  0.00  0.84  0.16  0.00  0.00  0.11  0.00
  C133                    1.00   0.00  0.00  0.00  0.93  0.06  0.00  0.00  0.07  0.00
  C134                    1.00   0.00  0.00  0.00  0.87  0.13  0.00  0.00  0.19  0.00
  C135                    1.00   0.00  0.00  0.00  0.80  0.20  0.00  0.00  0.08  0.00
  C136                    1.00   0.00  0.00  0.00  0.80  0.20  0.00  0.00  0.12  0.00
  C137                    1.00   0.00  0.00  0.00  1.00  0.00  0.00  0.00  0.35  0.00
  C138                    1.00   0.00  0.00  0.00  0.84  0.16  0.00  0.00  0.02  0.00
  C139                    1.00   0.00  0.00  0.00  0.78  0.22  0.00  0.00  0.04  0.00
  C140                    1.00   0.00  0.00  0.00  0.78  0.22  0.00  0.00  0.03  0.00
  C141                    1.00   0.00  0.00  0.00  1.00  0.00  0.00  0.00  1.00  0.00
  C142                    1.00   0.00  0.00  0.00  0.75  0.25  0.00  0.00  0.10  0.00
  C143                    1.00   0.00  0.00  0.00  1.00  0.00  0.00  0.00  0.31  0.00
  C144                    1.00   0.00  0.00  0.00  1.00  0.00  0.00  0.00  0.11  0.00
  C145                    1.00   0.00  0.01  0.00  0.98  0.01  0.00  0.00  0.01  0.00
  C146                    1.00   0.00  0.00  0.00  0.91  0.09  0.00  0.00  0.35  0.00
  C147                    1.00   0.00  0.00  0.00  1.00  0.00  0.00  0.00  0.30  0.00
  C148                    1.00   0.00  0.00  0.00  1.00  0.00  0.00  0.00  0.14  0.00
  C149                    1.00   0.00  0.00  0.00  1.00  0.00  0.00  0.00  0.42  0.00
  C150                    1.00   0.00  0.00  0.00  0.92  0.08  0.00  0.00  0.00  0.00
  C151                    1.00   0.00  0.00  0.00  1.00  0.00  0.00  0.00  0.15  0.00
  C152                    1.00   0.00  0.00  0.00  0.73  0.27  0.00  0.00  0.10  0.00
  C153                    1.00   0.00  0.00  0.00  0.76  0.24  0.00  0.00  0.09  0.00
  C154                    1.00   0.00  0.00  0.00  1.00  0.00  0.00  0.00  0.43  0.00
  C155                    1.00   0.00  0.00  0.00  0.85  0.15  0.00  0.00  0.22  0.00
  C156                    1.00   0.00  0.00  0.00  0.08  0.92  0.00  0.00  0.75  0.00
  C157                    1.00   0.00  0.00  0.00  0.00  0.99  0.00  0.00  0.10  0.00
  C158                    1.00   0.00  0.00  0.00  0.18  0.82  0.00  0.00  0.04  0.00
  C159                    1.00   0.00  0.00  0.00  0.76  0.24  0.00  0.00  0.31  0.00
  C160                    1.00   0.00  0.00  0.00  0.85  0.15  0.00  0.00  0.10  0.00
  C161                    1.00   0.00  0.00  0.00  0.96  0.04  0.00  0.00  0.00  0.00
  C162                    1.00   0.00  0.00  0.00  1.00  0.00  0.00  0.00  0.03  0.00
  C163                    1.00   0.00  0.00  0.00  1.00  0.00  0.00  0.00  0.40  0.00
  C164                    1.00   0.00  0.00  0.00  0.79  0.21  0.00  0.00  0.92  0.00
  C165                    1.00   0.00  0.00  0.00  0.01  0.99  0.00  0.00  0.69  0.00
  C166                    1.00   0.00  0.00  0.00  1.00  0.00  0.00  0.00  1.00  0.00
  C167                    1.00   0.00  0.00  0.00  0.65  0.35  0.00  0.00  0.00  0.00
  C168                    1.00   0.00  0.00  0.00  0.68  0.32  0.00  0.00  0.24  0.00
  C169                    1.00   0.00  0.00  0.00  0.01  0.99  0.00  0.00  0.82  0.00
  C170                    1.00   0.00  0.00  0.00  0.94  0.06  0.00  0.00  0.12  0.00
  C171                    1.00   0.00  0.00  0.00  0.97  0.02  0.00  0.00  0.24  0.00
  C172                    1.00   0.00  0.00  0.00  0.97  0.03  0.00  0.00  0.16  0.00
  C173                    1.00   0.00  0.00  0.00  1.00  0.00  0.00  0.00  0.17  0.00
  C174                    1.00   0.00  0.00  0.00  1.00  0.00  0.00  0.00  0.19  0.00
  C175                    1.00   0.00  0.00  0.00  0.50  0.50  0.00  0.00  0.72  0.00
  C176                    1.00   0.00  0.00  0.00  0.92  0.08  0.00  0.00  0.15  0.00
  C177                    1.00   0.00  0.00  0.00  1.00  0.00  0.00  0.00  0.32  0.00
  C178                    1.00   0.00  0.00  0.00  0.78  0.22  0.00  0.00  0.03  0.00
  C179                    1.00   0.00  0.00  0.00  1.00  0.00  0.00  0.00  0.15  0.00
  C180                    1.00   0.00  0.00  0.00  0.94  0.06  0.00  0.00  0.02  0.00
  C181                    1.00   0.00  0.00  0.00  0.86  0.14  0.00  0.00  0.14  0.00
  C182                    1.00   0.00  0.00  0.00  0.83  0.17  0.00  0.00  0.01  0.00
  C183                    1.00   0.00  0.00  0.00  1.00  0.00  0.00  0.00  0.01  0.00
  C184                    1.00   0.00  0.00  0.00  1.00  0.00  0.00  0.00  0.16  0.00
  C185                    1.00   0.00  0.00  0.00  0.01  0.99  0.00  0.00  0.54  0.00
  C186                    1.00   0.00  0.00  0.00  0.04  0.96  0.00  0.00  0.09  0.00
  C187                    1.00   0.00  0.00  0.00  0.11  0.89  0.00  0.00  0.00  0.00
  C188                    1.00   0.00  0.00  0.00  1.00  0.00  0.00  0.00  0.16  0.00
  C189                    1.00   0.00  0.00  0.00  0.62  0.38  0.00  0.00  0.00  0.00
  C190                    1.00   0.00  0.00  0.00  0.00  0.99  0.00  0.00  0.00  0.00
  C191                    1.00   0.00  0.00  0.00  0.03  0.97  0.00  0.00  0.00  0.00
  C192                    1.00   0.00  0.00  0.00  1.00  0.00  0.00  0.00  0.27  0.00
  C193                    1.00   0.00  0.00  0.00  0.98  0.02  0.00  0.00  0.00  0.00
  C194                    1.00   0.00  0.00  0.00  0.90  0.10  0.00  0.00  0.13  0.00
  C195                    1.00   0.00  0.00  0.00  0.85  0.15  0.00  0.00  0.30  0.00
  C196                    1.00   0.00  0.00  0.00  0.63  0.37  0.00  0.00  0.16  0.00
  C197                    1.00   0.00  0.00  0.00  0.29  0.71  0.00  0.00  0.00  0.00
  C198                    1.00   0.00  0.00  0.00  0.93  0.07  0.00  0.00  0.05  0.00
  C199                    1.00   0.00  0.00  0.00  1.00  0.00  0.00  0.00  0.26  0.00
  C200                    1.00   0.00  0.00  0.00  1.00  0.00  0.00  0.00  0.23  0.00
  C201                    1.00   0.00  0.00  0.00  0.33  0.67  0.00  0.00  0.23  0.00
  C202                    1.00   0.00  0.00  0.00  1.00  0.00  0.00  0.00  0.26  0.00
  C203                    1.00   0.00  0.00  0.00  0.69  0.31  0.00  0.00  0.09  0.00
  C204                    1.00   0.00  0.00  0.00  0.94  0.06  0.00  0.00  0.18  0.00
  C205                    1.00   0.00  0.00  0.00  0.60  0.40  0.00  0.00  0.37  0.00
  C206                    1.00   0.00  0.00  0.00  0.02  0.98  0.00  0.00  0.09  0.00
  C207                    1.00   0.00  0.00  0.00  0.75  0.25  0.00  0.00  0.01  0.00
  C208                    1.00   0.00  0.00  0.00  0.74  0.26  0.00  0.00  0.01  0.00
  C209                    1.00   0.00  0.00  0.00  0.84  0.16  0.00  0.00  0.01  0.00
  C210                    1.00   0.00  0.00  0.00  0.70  0.30  0.00  0.00  0.14  0.00
  C211                    1.00   0.00  0.00  0.00  0.79  0.21  0.00  0.00  0.00  0.00
  C212                    1.00   0.00  0.00  0.00  0.69  0.31  0.00  0.00  0.25  0.00
  C213                    1.00   0.00  0.00  0.00  0.78  0.22  0.00  0.00  0.21  0.00
  C214                    1.00   0.00  0.00  0.00  0.56  0.44  0.00  0.00  0.28  0.00
  C215                    1.00   0.00  0.00  0.00  0.90  0.09  0.00  0.00  0.97  0.00
  C216                    1.00   0.00  0.00  0.00  0.92  0.08  0.00  0.00  0.43  0.00
  C217                    1.00   0.00  0.00  0.00  1.00  0.00  0.00  0.00  1.00  0.00
  C218                    1.00   0.00  0.00  0.00  0.85  0.15  0.00  0.00  0.34  0.00
  C219                    1.00   0.00  0.00  0.00  0.70  0.30  0.00  0.00  0.11  0.00
  C220                    1.00   0.00  0.00  0.00  1.00  0.00  0.00  0.00  0.52  0.00
  C221                    1.00   0.00  0.00  0.00  1.00  0.00  0.00  0.00  0.50  0.00
  C222                    1.00   0.00  0.00  0.00  1.00  0.00  0.00  0.00  0.37  0.00
  C223                    1.00   0.00  0.00  0.00  0.82  0.18  0.00  0.00  0.28  0.00
  C224                    1.00   0.00  0.00  0.00  0.74  0.26  0.00  0.00  0.28  0.00
  C225                    1.00   0.00  0.00  0.00  1.00  0.00  0.00  0.00  0.16  0.00
  C226                    1.00   0.00  0.00  0.00  0.05  0.95  0.00  0.00  0.15  0.00
  C227                    1.00   0.00  0.00  0.00  0.01  0.99  0.00  0.00  0.29  0.00
  C228                    1.00   0.00  0.00  0.00  1.00  0.00  0.00  0.00  0.05  0.00
  C229                    1.00   0.00  0.00  0.00  0.74  0.26  0.00  0.00  0.06  0.00
  C230                    1.00   0.00  0.00  0.00  1.00  0.00  0.00  0.00  0.22  0.00
  C231                    1.00   0.00  0.00  0.00  0.01  0.99  0.00  0.00  0.72  0.00
  C232                    1.00   0.00  0.00  0.00  0.01  0.99  0.00  0.00  0.00  0.00
  C233                    1.00   0.00  0.00  0.00  0.83  0.17  0.00  0.00  0.91  0.00
  C234                    1.00   0.00  0.00  0.00  1.00  0.00  0.00  0.00  0.24  0.00
  C235                    1.00   0.00  0.00  0.00  1.00  0.00  0.00  0.00  0.00  0.00
  C236                    1.00   0.00  0.00  0.00  0.73  0.26  0.00  0.00  0.83  0.00
  C237                    1.00   0.00  0.00  0.00  0.72  0.28  0.00  0.00  0.06  0.00
  C238                    1.00   0.00  0.00  0.00  1.00  0.00  0.00  0.00  0.18  0.00
  C239                    1.00   0.00  0.00  0.00  0.55  0.45  0.00  0.00  0.03  0.00
  C240                    1.00   0.00  0.00  0.00  0.44  0.56  0.00  0.00  0.07  0.00
  C241                    1.00   0.00  0.00  0.00  0.36  0.64  0.00  0.00  0.08  0.00
  C242                    1.00   0.00  0.00  0.00  0.10  0.90  0.00  0.00  0.00  0.00
  C243                    1.00   0.00  0.00  0.00  0.01  0.99  0.00  0.00  0.00  0.00
  C244                    1.00   0.00  0.00  0.00  0.00  0.99  0.00  0.00  0.00  0.00
  C245                    1.00   0.00  0.00  0.00  1.00  0.00  0.00  0.00  0.08  0.00
  C246                    1.00   0.00  0.00  0.00  0.96  0.04  0.00  0.00  0.06  0.00
  C247                    1.00   0.00  0.00  0.00  0.02  0.98  0.00  0.00  0.01  0.00
  C248                    1.00   0.00  0.00  0.00  0.04  0.95  0.00  0.00  0.04  0.00
  C249                    1.00   0.00  0.00  0.00  0.87  0.13  0.00  0.00  0.51  0.00
  C250                    1.00   0.00  0.00  0.00  0.81  0.19  0.00  0.00  0.00  0.00
  C251                    1.00   0.00  0.00  0.00  0.07  0.93  0.00  0.00  0.08  0.00
  C252                    1.00   0.00  0.00  0.00  0.01  0.99  0.00  0.00  0.00  0.00
  C253                    1.00   0.00  0.05  0.00  0.90  0.05  0.00  0.00  0.00  0.00
  C254                    1.00   0.00  0.04  0.00  0.95  0.00  0.00  0.00  0.00  0.00
  C255                    1.00   0.00  0.00  0.00  0.99  0.01  0.00  0.00  0.00  0.00
  C256                    1.00   0.00  0.00  0.00  0.67  0.33  0.00  0.00  0.00  0.00
  C257                    1.00   0.00  0.00  0.00  1.00  0.00  0.00  0.00  1.00  0.00
  C258                    1.00   0.00  0.00  0.00  0.66  0.34  0.00  0.00  0.23  0.00
  C259                    1.00   0.00  0.00  0.00  1.00  0.00  0.00  0.00  1.00  0.00
  C260                    1.00   0.00  0.00  0.00  0.92  0.08  0.00  0.00  0.24  0.00
  C261                    1.00   0.00  0.04  0.00  0.96  0.00  0.00  0.00  0.00  0.00
  C262                    1.00   0.00  0.03  0.00  0.97  0.00  0.00  0.00  0.00  0.00
  C263                    1.00   0.00  0.00  0.00  0.98  0.02  0.00  0.00  0.00  0.00
  C264                    1.00   0.00  0.00  0.00  0.99  0.00  0.00  0.00  0.00  0.00
  C265                    1.00   0.00  0.00  0.00  1.00  0.00  0.00  0.00  0.82  0.00
  C266                    1.00   0.00  0.00  0.00  1.00  0.00  0.00  0.00  0.43  0.00
  C267                    1.00   0.00  0.00  0.00  1.00  0.00  0.00  0.00  0.21  0.00
  C268                    1.00   0.00  0.00  0.00  1.00  0.00  0.00  0.00  0.00  0.00
  C269                    1.00   0.00  0.00  0.00  1.00  0.00  0.00  0.00  0.25  0.00
  C270                    1.00   0.00  0.00  0.00  0.99  0.00  0.00  0.00  0.18  0.00
  C271                    1.00   0.00  0.00  0.00  1.00  0.00  0.00  0.00  0.05  0.00
  C272                    1.00   0.00  0.00  0.00  1.00  0.00  0.00  0.00  0.14  0.00
  C273                    1.00   0.00  0.00  0.00  1.00  0.00  0.00  0.00  0.26  0.00
  C274                    1.00   0.00  0.00  0.00  0.90  0.10  0.00  0.00  0.10  0.00
  C275                    1.00   0.00  0.00  0.00  0.87  0.13  0.00  0.00  0.04  0.00
  C276                    1.00   0.00  0.00  0.00  0.97  0.03  0.00  0.00  0.31  0.00
  C277                    1.00   0.00  0.00  0.00  1.00  0.00  0.00  0.00  1.00  0.00
  C278                    1.00   0.00  0.00  0.00  0.90  0.10  0.00  0.00  0.85  0.00
  C279                    1.00   0.00  0.00  0.00  0.92  0.07  0.00  0.00  0.32  0.00
  C280                    1.00   0.00  0.00  0.00  1.00  0.00  0.00  0.00  0.85  0.00
  C281                    1.00   0.00  0.00  0.00  0.86  0.14  0.00  0.00  0.01  0.00
  C282                    1.00   0.00  0.00  0.00  1.00  0.00  0.00  0.00  0.40  0.00
  C283                    1.00   0.00  0.00  0.00  0.16  0.84  0.00  0.00  0.00  0.00
  C284                    1.00   0.00  0.00  0.00  0.01  0.99  0.00  0.00  0.11  0.00
  C285                    1.00   0.00  0.00  0.00  0.04  0.96  0.00  0.00  0.00  0.00
  C286                    1.00   0.00  0.00  0.00  0.01  0.99  0.00  0.00  0.07  0.00
  C287                    1.00   0.00  0.00  0.00  0.29  0.71  0.00  0.00  0.09  0.00
  C288                    1.00   0.00  0.00  0.00  1.00  0.00  0.00  0.00  0.12  0.00
  C289                    1.00   0.00  0.00  0.00  1.00  0.00  0.00  0.00  0.00  0.00
  C290                    1.00   0.00  0.00  0.00  1.00  0.00  0.00  0.00  1.00  0.00
  C291                    1.00   0.00  0.00  0.00  0.01  0.99  0.00  0.00  0.69  0.00
  C292                    1.00   0.00  0.00  0.00  0.01  0.99  0.00  0.00  0.50  0.00
  C293                    1.00   0.00  0.00  0.00  0.00  0.99  0.00  0.00  0.30  0.00
  C294                    1.00   0.00  0.00  0.00  1.00  0.00  0.00  0.00  0.01  0.00
  C295                    1.00   0.00  0.00  0.00  1.00  0.00  0.00  0.00  0.01  0.00
  C296                    1.00   0.00  0.00  0.00  1.00  0.00  0.00  0.00  0.41  0.00
  C297                    1.00   0.00  0.00  0.00  1.00  0.00  0.00  0.00  1.00  0.00
  C298                    1.00   0.00  0.00  0.00  1.00  0.00  0.00  0.00  0.42  0.00
  C299                    1.00   0.00  0.00  0.00  0.03  0.97  0.00  0.00  0.01  0.00
  C300                    1.00   0.00  0.00  0.00  0.13  0.87  0.00  0.00  0.96  0.00
  C301                    1.00   0.00  0.00  0.00  0.01  0.99  0.00  0.00  0.78  0.00
  C302                    1.00   0.00  0.00  0.00  1.00  0.00  0.00  0.00  1.00  0.00
  C303                    1.00   0.00  0.00  0.00  0.86  0.14  0.00  0.00  0.01  0.00
  C304                    1.00   0.00  0.00  0.00  0.98  0.02  0.00  0.00  0.09  0.00
  C305                    1.00   0.00  0.00  0.00  0.81  0.19  0.00  0.00  0.00  0.00
  C306                    1.00   0.00  0.00  0.00  0.88  0.11  0.00  0.00  0.70  0.00
  C307                    1.00   0.00  0.00  0.00  1.00  0.00  0.00  0.00  0.27  0.00
  C308                    1.00   0.00  0.14  0.00  0.86  0.00  0.00  0.00  0.00  0.00
  C309                    1.00   0.00  0.00  0.00  0.93  0.07  0.00  0.00  0.35  0.00
  C310                    1.00   0.00  0.00  0.00  0.11  0.89  0.00  0.00  0.01  0.00
  C311                    1.00   0.00  0.00  0.00  0.00  0.99  0.00  0.00  0.00  0.00
  C312                    1.00   0.00  0.00  0.00  1.00  0.00  0.00  0.00  0.05  0.00
  C313                    1.00   0.00  0.00  0.00  0.01  0.99  0.00  0.00  0.01  0.00
  C314                    1.00   0.00  0.00  0.00  0.86  0.14  0.00  0.00  0.40  0.00
  C315                    1.00   0.00  0.00  0.00  0.01  0.99  0.00  0.00  0.00  0.00
  C316                    1.00   0.00  0.00  0.00  1.00  0.00  0.00  0.00  0.26  0.00
  C317                    1.00   0.00  0.00  0.00  0.65  0.35  0.00  0.00  0.13  0.00
  C318                    1.00   0.00  0.00  0.00  0.48  0.51  0.00  0.00  0.52  0.00
  C319                    1.00   0.00  0.00  0.00  0.32  0.68  0.00  0.00  0.10  0.00
  C320                    1.00   0.00  0.00  0.00  0.99  0.00  0.00  0.00  0.18  0.00
  C321                    1.00   0.00  0.00  0.00  0.96  0.04  0.00  0.00  0.96  0.00
  C322                    1.00   0.00  0.00  0.00  0.98  0.02  0.00  0.00  0.13  0.00
  C323                    1.00   0.00  0.00  0.00  0.84  0.15  0.00  0.00  0.16  0.00
  C324                    1.00   0.00  0.00  0.00  0.61  0.39  0.00  0.00  0.22  0.00
  C325                    1.00   0.00  0.00  0.00  1.00  0.00  0.00  0.00  0.22  0.00
  C326                    1.00   0.00  0.00  0.00  1.00  0.00  0.00  0.00  0.16  0.00
  C327                    1.00   0.00  0.00  0.00  0.74  0.26  0.00  0.00  0.28  0.00
  C328                    1.00   0.00  0.00  0.00  0.73  0.27  0.00  0.00  0.34  0.00
  C329                    1.00   0.00  0.00  0.00  1.00  0.00  0.00  0.00  0.00  0.00
  C330                    1.00   0.00  0.00  0.00  1.00  0.00  0.00  0.00  0.00  0.00
  C331                    1.00   0.00  0.00  0.00  0.12  0.88  0.00  0.00  0.90  0.00
  C332                    1.00   0.00  0.00  0.00  0.58  0.42  0.00  0.00  1.00  0.00
  C333                    1.00   0.00  0.00  0.00  0.01  0.99  0.00  0.00  0.40  0.00
  C334                    1.00   0.00  0.00  0.00  0.86  0.14  0.00  0.00  0.26  0.00
  C335                    1.00   0.00  0.00  0.00  1.00  0.00  0.00  0.00  0.60  0.00
  C336                    1.00   0.00  0.00  0.00  0.83  0.17  0.00  0.00  0.01  0.00
  C337                    1.00   0.00  0.00  0.00  1.00  0.00  0.00  0.00  0.21  0.00
  C338                    1.00   0.00  0.00  0.00  0.88  0.12  0.00  0.00  0.00  0.00
  C339                    1.00   0.00  0.00  0.00  0.60  0.40  0.00  0.00  0.29  0.00
  C340                    1.00   0.00  0.00  0.00  0.76  0.24  0.00  0.00  0.30  0.00
  C341                    1.00   0.00  0.00  0.00  0.75  0.25  0.00  0.00  0.15  0.00
  C342                    1.00   0.00  0.00  0.00  0.95  0.05  0.00  0.00  0.22  0.00
  C343                    1.00   0.00  0.00  0.00  0.84  0.16  0.00  0.00  0.91  0.00
  C344                    1.00   0.00  0.00  0.00  0.19  0.81  0.00  0.00  0.73  0.00
  C345                    1.00   0.00  0.00  0.00  0.92  0.08  0.00  0.00  0.09  0.00
  C346                    1.00   0.00  0.00  0.00  1.00  0.00  0.00  0.00  0.21  0.00
  C347                    1.00   0.00  0.00  0.00  1.00  0.00  0.00  0.00  0.20  0.00
  C348                    1.00   0.00  0.00  0.00  1.00  0.00  0.00  0.00  0.51  0.00
  C349                    1.00   0.00  0.00  0.00  1.00  0.00  0.00  0.00  0.19  0.00
  C350                    1.00   0.00  0.00  0.00  1.00  0.00  0.00  0.00  0.27  0.00
  C351                    1.00   0.00  0.00  0.00  1.00  0.00  0.00  0.00  0.20  0.00
  C352                    1.00   0.00  0.00  0.00  1.00  0.00  0.00  0.00  0.23  0.00
  C353                    1.00   0.00  0.00  0.00  1.00  0.00  0.00  0.00  0.08  0.00
  C354                    1.00   0.00  0.00  0.00  1.00  0.00  0.00  0.00  0.28  0.00
  C355                    1.00   0.00  0.00  0.00  0.98  0.02  0.00  0.00  0.27  0.00
  C356                    1.00   0.00  0.00  0.00  1.00  0.00  0.00  0.00  0.34  0.00
  C357                    1.00   0.00  0.00  0.00  1.00  0.00  0.00  0.00  0.19  0.00
  C358                    1.00   0.00  0.00  0.00  0.95  0.04  0.00  0.00  0.16  0.00
  C359                    1.00   0.00  0.00  0.00  1.00  0.00  0.00  0.00  0.01  0.00
  C360                    1.00   0.00  0.00  0.00  1.00  0.00  0.00  0.00  0.23  0.00
  C361                    1.00   0.00  0.00  0.00  0.83  0.16  0.00  0.00  0.03  0.00
  C362                    1.00   0.00  0.00  0.00  1.00  0.00  0.00  0.00  0.10  0.00
  C363                    1.00   0.00  0.00  0.00  1.00  0.00  0.00  0.00  1.00  0.00
  C364                    1.00   0.00  0.00  0.00  0.00  0.99  0.00  0.00  0.28  0.00
  C365                    1.00   0.00  0.02  0.00  0.51  0.47  0.00  0.00  0.00  0.00
  C366                    1.00   0.00  0.00  0.00  1.00  0.00  0.00  0.00  1.00  0.00
  C367                    1.00   0.00  0.00  0.00  1.00  0.00  0.00  0.00  0.18  0.00
  C368                    1.00   0.00  0.00  0.00  1.00  0.00  0.00  0.00  0.32  0.00
  C369                    1.00   0.00  0.00  0.00  1.00  0.00  0.00  0.00  0.40  0.00
  C370                    1.00   0.00  0.00  0.00  0.18  0.82  0.00  0.00  0.09  0.00
  C371                    1.00   0.00  0.00  0.00  0.00  0.99  0.00  0.00  0.00  0.00
  C372                    1.00   0.00  0.00  0.00  0.00  0.99  0.00  0.00  0.04  0.00
  C373                    1.00   0.00  0.00  0.00  0.00  0.99  0.00  0.00  0.04  0.00
  C374                    1.00   0.00  0.00  0.00  0.06  0.94  0.00  0.00  0.08  0.00
  C375                    1.00   0.00  0.00  0.00  0.03  0.97  0.00  0.00  0.01  0.00
  C376                    1.00   0.00  0.00  0.00  0.72  0.28  0.00  0.00  0.74  0.00
  C377                    1.00   0.00  0.00  0.00  0.66  0.34  0.00  0.00  0.09  0.00
  C378                    1.00   0.00  0.00  0.00  0.01  0.99  0.00  0.00  0.00  0.00
  C379                    1.00   0.00  0.00  0.00  0.71  0.29  0.00  0.00  0.18  0.00
  C380                    1.00   0.00  0.01  0.00  0.99  0.00  0.00  0.00  0.99  0.00
  C381                    1.00   0.00  0.00  0.00  0.98  0.02  0.00  0.00  0.97  0.00
  C382                    1.00   0.00  0.00  0.00  0.71  0.29  0.00  0.00  0.00  0.00
  C383                    1.00   0.00  0.00  0.00  0.83  0.17  0.00  0.00  0.10  0.00
  C384                    1.00   0.00  0.00  0.00  1.00  0.00  0.00  0.00  0.20  0.00
  C385                    1.00   0.00  0.00  0.00  0.86  0.14  0.00  0.00  0.00  0.00
  C386                    1.00   0.00  0.00  0.00  1.00  0.00  0.00  0.00  0.04  0.00
  C387                    1.00   0.00  0.00  0.00  1.00  0.00  0.00  0.00  0.00  0.00
  C388                    1.00   0.00  0.00  0.00  0.89  0.11  0.00  0.00  0.17  0.00
  C389                    1.00   0.00  0.00  0.00  0.73  0.27  0.00  0.00  0.00  0.00
  C390                    1.00   0.00  0.00  0.00  1.00  0.00  0.00  0.00  0.22  0.00
  C391                    1.00   0.00  0.00  0.00  1.00  0.00  0.00  0.00  0.40  0.00
  C392                    1.00   0.00  0.00  0.00  0.63  0.37  0.00  0.00  0.00  0.00
  C393                    1.00   0.00  0.00  0.00  0.69  0.30  0.00  0.00  0.77  0.00
  C394                    1.00   0.00  0.00  0.00  0.84  0.15  0.00  0.00  0.45  0.00
  C395                    1.00   0.00  0.00  0.00  0.11  0.89  0.00  0.00  0.17  0.00
  C396                    1.00   0.00  0.00  0.00  0.24  0.76  0.00  0.00  0.17  0.00
  C397                    1.00   0.00  0.00  0.00  0.47  0.53  0.00  0.00  0.00  0.00
  C398                    1.00   0.00  0.00  0.00  0.04  0.96  0.00  0.00  0.05  0.00
  C399                    1.00   0.00  0.00  0.00  0.01  0.99  0.00  0.00  0.00  0.00
  C400                    1.00   0.00  0.00  0.00  0.01  0.99  0.00  0.00  0.00  0.00
  C401                    1.00   0.00  0.00  0.00  0.72  0.28  0.00  0.00  0.00  0.00
  C402                    1.00   0.00  0.00  0.00  0.84  0.16  0.00  0.00  0.12  0.00
  C403                    1.00   0.00  0.00  0.00  0.88  0.12  0.00  0.00  0.92  0.00
  C404                    1.00   0.00  0.00  0.00  0.82  0.18  0.00  0.00  0.28  0.00
  C405                    1.00   0.00  0.00  0.00  0.91  0.09  0.00  0.00  0.00  0.00
  C406                    1.00   0.00  0.00  0.00  0.85  0.15  0.00  0.00  0.36  0.00
  C407                    1.00   0.00  0.00  0.00  0.74  0.26  0.00  0.00  0.33  0.00
  C408                    1.00   0.00  0.00  0.00  0.93  0.07  0.00  0.00  0.17  0.00
  C409                    1.00   0.00  0.00  0.00  1.00  0.00  0.00  0.00  0.11  0.00
  C410                    1.00   0.00  0.00  0.00  1.00  0.00  0.00  0.00  0.16  0.00
  C411                    1.00   0.00  0.01  0.00  0.99  0.00  0.00  0.00  0.29  0.00
  C412                    1.00   0.00  0.00  0.00  1.00  0.00  0.00  0.00  0.13  0.00
  C413                    1.00   0.00  0.00  0.00  0.87  0.13  0.00  0.00  0.13  0.00
  C414                    1.00   0.00  0.00  0.00  0.58  0.42  0.00  0.00  0.00  0.00
  C415                    1.00   0.00  0.00  0.00  0.99  0.01  0.00  0.00  0.11  0.00
  C416                    1.00   0.00  0.00  0.00  0.01  0.99  0.00  0.00  0.00  0.00
  C417                    1.00   0.00  0.00  0.00  0.37  0.63  0.00  0.00  0.33  0.00
  C418                    1.00   0.00  0.00  0.00  1.00  0.00  0.00  0.00  1.00  0.00
  C419                    1.00   0.00  0.00  0.00  1.00  0.00  0.00  0.00  0.03  0.00
  C420                    1.00   0.00  0.00  0.00  0.76  0.23  0.00  0.00  0.91  0.00
  C421                    1.00   0.00  0.00  0.00  0.72  0.28  0.00  0.00  0.97  0.00
  C422                    1.00   0.00  0.00  0.00  0.01  0.99  0.00  0.00  0.78  0.00
  C423                    1.00   0.00  0.00  0.00  0.79  0.21  0.00  0.00  0.83  0.00
  C424                    1.00   0.00  0.01  0.00  0.79  0.21  0.00  0.00  0.29  0.00
  C425                    1.00   0.00  0.00  0.00  0.56  0.43  0.00  0.00  0.00  0.00
  C426                    1.00   0.00  0.00  0.00  0.96  0.03  0.00  0.00  0.14  0.00
  C427                    1.00   0.00  0.00  0.00  0.92  0.07  0.00  0.00  1.00  0.00
  C428                    1.00   0.00  0.00  0.00  0.94  0.06  0.00  0.00  0.97  0.00
  C429                    1.00   0.00  0.00  0.00  0.08  0.91  0.00  0.00  0.00  0.00
  C430                    1.00   0.00  0.00  0.00  0.82  0.18  0.00  0.00  0.75  0.00
  C431                    1.00   0.00  0.00  0.00  0.98  0.02  0.00  0.00  0.25  0.00
  C432                    1.00   0.00  0.00  0.00  0.84  0.16  0.00  0.00  0.80  0.00
  C433                    1.00   0.00  0.00  0.00  1.00  0.00  0.00  0.00  1.00  0.00
  C434                    1.00   0.00  0.00  0.00  1.00  0.00  0.00  0.00  0.34  0.00
  C435                    1.00   0.00  0.00  0.00  1.00  0.00  0.00  0.00  0.32  0.00
  C436                    1.00   0.00  0.00  0.00  0.00  0.99  0.00  0.00  0.31  0.00
  C437                    1.00   0.00  0.00  0.00  0.99  0.00  0.00  0.00  0.99  0.00
  C438                    1.00   0.00  0.00  0.00  1.00  0.00  0.00  0.00  0.46  0.00
  C439                    1.00   0.00  0.00  0.00  0.77  0.22  0.00  0.00  0.22  0.00
  C440                    1.00   0.00  0.00  0.00  1.00  0.00  0.00  0.00  0.05  0.00
  C441                    1.00   0.00  0.00  0.00  1.00  0.00  0.00  0.00  0.22  0.00
  C442                    1.00   0.00  0.00  0.00  1.00  0.00  0.00  0.00  0.07  0.00
  C443                    1.00   0.00  0.00  0.00  0.99  0.00  0.00  0.00  0.99  0.00
  C444                    1.00   0.00  0.00  0.00  0.98  0.02  0.00  0.00  0.45  0.00
  C445                    1.00   0.00  0.00  0.00  0.89  0.11  0.00  0.00  0.07  0.00
  C446                    1.00   0.00  0.00  0.00  1.00  0.00  0.00  0.00  0.17  0.00
  C447                    1.00   0.00  0.00  0.00  0.01  0.99  0.00  0.00  0.18  0.00
  C448                    1.00   0.00  0.00  0.00  0.88  0.12  0.00  0.00  0.06  0.00
  C449                    1.00   0.00  0.00  0.00  0.91  0.09  0.00  0.00  0.14  0.00
  C450                    1.00   0.00  0.00  0.00  1.00  0.00  0.00  0.00  0.00  0.00
  C451                    1.00   0.00  0.00  0.00  0.93  0.07  0.00  0.00  0.11  0.00
  C452                    1.00   0.00  0.00  0.00  1.00  0.00  0.00  0.00  0.21  0.00
  C453                    1.00   0.00  0.00  0.00  0.86  0.13  0.00  0.00  0.29  0.00
  C454                    1.00   0.00  0.00  0.00  1.00  0.00  0.00  0.00  1.00  0.00
  C455                    1.00   0.00  0.00  0.00  0.63  0.37  0.00  0.00  0.00  0.00
  C456                    1.00   0.00  0.00  0.00  1.00  0.00  0.00  0.00  0.25  0.00
  C457                    1.00   0.00  0.00  0.00  1.00  0.00  0.00  0.00  0.32  0.00
  C458                    1.00   0.00  0.00  0.00  0.97  0.03  0.00  0.00  0.28  0.00
  C459                    1.00   0.00  0.00  0.00  1.00  0.00  0.00  0.00  0.02  0.00
  C460                    1.00   0.00  0.00  0.00  1.00  0.00  0.00  0.00  0.17  0.00
  C461                    1.00   0.00  0.00  0.00  0.94  0.06  0.00  0.00  0.01  0.00
  C462                    1.00   0.00  0.00  0.00  0.92  0.07  0.00  0.00  0.06  0.00
  C463                    1.00   0.00  0.00  0.00  1.00  0.00  0.00  0.00  0.06  0.00
  C464                    1.00   0.00  0.00  0.00  0.59  0.41  0.00  0.00  0.90  0.00
  C465                    1.00   0.00  0.00  0.00  0.02  0.98  0.00  0.00  0.01  0.00
  C466                    1.00   0.00  0.00  0.00  0.01  0.99  0.00  0.00  0.00  0.00
  C467                    1.00   0.00  0.00  0.00  0.22  0.78  0.00  0.00  0.27  0.00
  C468                    1.00   0.00  0.00  0.00  0.19  0.81  0.00  0.00  0.14  0.00
  C469                    1.00   0.00  0.00  0.00  1.00  0.00  0.00  0.00  0.00  0.00
  C470                    1.00   0.00  0.00  0.00  1.00  0.00  0.00  0.00  0.20  0.00
  C471                    1.00   0.00  0.00  0.00  0.94  0.06  0.00  0.00  0.88  0.00
  C472                    1.00   0.00  0.00  0.00  0.01  0.99  0.00  0.00  0.31  0.00
  C473                    1.00   0.00  0.00  0.00  0.18  0.82  0.00  0.00  0.65  0.00
  C474                    1.00   0.00  0.00  0.00  1.00  0.00  0.00  0.00  0.00  0.00
  C475                    1.00   0.00  0.00  0.00  0.99  0.01  0.00  0.00  0.00  0.00
  C476                    1.00   0.00  0.00  0.00  0.58  0.42  0.00  0.00  0.00  0.00
  C477                    1.00   0.00  0.00  0.00  0.57  0.42  0.00  0.00  0.40  0.00
  C478                    1.00   0.00  0.00  0.00  0.53  0.47  0.00  0.00  0.30  0.00
  C479                    1.00   0.00  0.00  0.00  0.36  0.64  0.00  0.00  0.27  0.00
  C480                    1.00   0.00  0.00  0.00  1.00  0.00  0.00  0.00  0.02  0.00
  C481                    1.00   0.00  0.00  0.00  1.00  0.00  0.00  0.00  0.84  0.00
  C482                    1.00   0.00  0.00  0.00  0.02  0.97  0.00  0.00  0.52  0.00
  C483                    1.00   0.00  0.00  0.00  0.01  0.99  0.00  0.00  0.86  0.00
  C484                    1.00   0.00  0.00  0.00  0.44  0.56  0.00  0.00  0.46  0.00
  C485                    1.00   0.00  0.00  0.00  0.01  0.99  0.00  0.00  0.00  0.00
  C486                    1.00   0.00  0.00  0.00  0.00  0.99  0.00  0.00  0.00  0.00
  C487                    1.00   0.00  0.00  0.00  0.60  0.40  0.00  0.00  0.11  0.00
  C488                    1.00   0.00  0.00  0.00  1.00  0.00  0.00  0.00  1.00  0.00
  C489                    1.00   0.00  0.00  0.00  0.01  0.99  0.00  0.00  0.00  0.00
  C490                    1.00   0.00  0.00  0.00  0.00  0.99  0.00  0.00  0.14  0.00
  C491                    1.00   0.00  0.00  0.00  0.18  0.82  0.00  0.00  0.01  0.00
  C492                    1.00   0.00  0.00  0.00  0.01  0.99  0.00  0.00  0.00  0.00
  C493                    1.00   0.00  0.00  0.00  0.60  0.40  0.00  0.00  0.01  0.00
  C494                    1.00   0.00  0.00  0.00  0.95  0.05  0.00  0.00  0.05  0.00
  C495                    1.00   0.00  0.00  0.00  1.00  0.00  0.00  0.00  0.24  0.00
  C496                    1.00   0.00  0.00  0.00  1.00  0.00  0.00  0.00  0.00  0.00
  C497                    1.00   0.00  0.00  0.00  1.00  0.00  0.00  0.00  0.02  0.00
  C498                    1.00   0.00  0.00  0.00  0.87  0.13  0.00  0.00  0.00  0.00
  C499                    1.00   0.00  0.00  0.00  0.85  0.15  0.00  0.00  0.00  0.00
  C500                    1.00   0.00  0.00  0.00  0.84  0.16  0.00  0.00  0.00  0.00
  C501                    1.00   0.00  0.00  0.00  0.93  0.07  0.00  0.00  0.00  0.00
  C502                    1.00   0.00  0.00  0.00  0.27  0.73  0.00  0.00  0.89  0.00
  C503                    1.00   0.00  0.00  0.00  0.92  0.08  0.00  0.00  0.19  0.00
  C504                    1.00   0.00  0.00  0.00  0.89  0.11  0.00  0.00  0.05  0.00
  C505                    1.00   0.00  0.00  0.00  0.72  0.28  0.00  0.00  0.01  0.00
  C506                    1.00   0.00  0.00  0.00  0.82  0.17  0.00  0.00  0.12  0.00
  C507                    1.00   0.00  0.00  0.00  1.00  0.00  0.00  0.00  0.16  0.00
  C508                    1.00   0.00  0.00  0.00  1.00  0.00  0.00  0.00  0.26  0.00
  C509                    1.00   0.00  0.00  0.00  1.00  0.00  0.00  0.00  0.05  0.00
  C510                    1.00   0.00  0.00  0.00  1.00  0.00  0.00  0.00  0.12  0.00
  C511                    1.00   0.00  0.00  0.00  1.00  0.00  0.00  0.00  0.15  0.00
  C512                    1.00   0.00  0.00  0.00  0.84  0.16  0.00  0.00  0.40  0.00
  C513                    1.00   0.00  0.00  0.00  0.84  0.15  0.00  0.00  0.34  0.00
  C514                    1.00   0.00  0.00  0.00  0.47  0.53  0.00  0.00  0.61  0.00
  C515                    1.00   0.00  0.00  0.00  0.06  0.94  0.00  0.00  0.83  0.00
  C516                    1.00   0.00  0.00  0.00  0.01  0.99  0.00  0.00  0.80  0.00
  C517                    1.00   0.00  0.00  0.00  0.64  0.36  0.00  0.00  0.17  0.00
  C518                    1.00   0.00  0.00  0.00  0.82  0.18  0.00  0.00  0.59  0.00
  C519                    1.00   0.00  0.00  0.00  0.66  0.34  0.00  0.00  0.00  0.00
  C520                    1.00   0.00  0.00  0.00  0.94  0.06  0.00  0.00  0.17  0.00
  C521                    1.00   0.00  0.00  0.00  0.50  0.49  0.00  0.00  0.05  0.00
  C522                    1.00   0.00  0.00  0.00  0.46  0.54  0.00  0.00  0.06  0.00
  C523                    1.00   0.00  0.00  0.00  0.00  0.99  0.00  0.00  0.02  0.00
  C524                    1.00   0.00  0.00  0.00  0.01  0.99  0.00  0.00  0.01  0.00
  C525                    1.00   0.00  0.00  0.00  0.01  0.99  0.00  0.00  0.10  0.00
  C526                    1.00   0.00  0.00  0.00  0.24  0.76  0.00  0.00  0.01  0.00
  C527                    1.00   0.00  0.00  0.00  1.00  0.00  0.00  0.00  0.15  0.00
  C528                    1.00   0.00  0.00  0.00  0.88  0.12  0.00  0.00  0.10  0.00
  C529                    1.00   0.00  0.00  0.00  0.39  0.61  0.00  0.00  0.04  0.00
  C530                    1.00   0.00  0.00  0.00  0.00  0.99  0.00  0.00  0.00  0.00
  C531                    1.00   0.00  0.00  0.00  1.00  0.00  0.00  0.00  0.06  0.00
  C532                    1.00   0.00  0.00  0.00  0.00  0.99  0.00  0.00  0.27  0.00
  C533                    1.00   0.00  0.00  0.00  1.00  0.00  0.00  0.00  0.30  0.00
  C534                    1.00   0.00  0.00  0.00  0.44  0.55  0.00  0.00  0.44  0.00
  C535                    1.00   0.00  0.00  0.00  0.01  0.99  0.00  0.00  0.00  0.00
  C536                    1.00   0.00  0.00  0.00  0.00  0.99  0.00  0.00  0.00  0.00
  C537                    1.00   0.00  0.00  0.00  0.01  0.99  0.00  0.00  0.02  0.00
  C538                    1.00   0.00  0.00  0.00  0.56  0.44  0.00  0.00  0.01  0.00
  C539                    1.00   0.00  0.00  0.00  1.00  0.00  0.00  0.00  1.00  0.00
  C540                    1.00   0.00  0.00  0.00  0.92  0.08  0.00  0.00  0.95  0.00
  C541                    1.00   0.00  0.00  0.00  1.00  0.00  0.00  0.00  0.01  0.00
  C542                    1.00   0.00  0.00  0.00  0.24  0.75  0.00  0.00  0.98  0.00
  C543                    1.00   0.00  0.00  0.00  1.00  0.00  0.00  0.00  0.04  0.00
  C544                    1.00   0.00  0.00  0.00  0.97  0.03  0.00  0.00  0.18  0.00
  C545                    1.00   0.00  0.00  0.00  0.82  0.18  0.00  0.00  0.35  0.00
  C546                    1.00   0.00  0.00  0.00  0.26  0.74  0.00  0.00  0.83  0.00
  C547                    1.00   0.00  0.00  0.00  0.97  0.03  0.00  0.00  0.35  0.00
  C548                    1.00   0.00  0.00  0.00  1.00  0.00  0.00  0.00  0.51  0.00
  C549                    1.00   0.00  0.00  0.00  0.50  0.49  0.00  0.00  1.00  0.00
  C550                    1.00   0.00  0.00  0.00  0.50  0.50  0.00  0.00  0.44  0.00
  C551                    1.00   0.00  0.00  0.00  0.40  0.60  0.00  0.00  0.35  0.00
  C552                    1.00   0.00  0.00  0.00  0.69  0.31  0.00  0.00  0.01  0.00
  C553                    1.00   0.00  0.00  0.00  0.45  0.55  0.00  0.00  0.40  0.00
  C554                    1.00   0.00  0.00  0.00  0.67  0.33  0.00  0.00  0.15  0.00
  C555                    1.00   0.00  0.00  0.00  0.70  0.30  0.00  0.00  0.05  0.00
  C556                    1.00   0.00  0.00  0.00  0.70  0.30  0.00  0.00  0.01  0.00
  C557                    1.00   0.00  0.00  0.00  1.00  0.00  0.00  0.00  0.00  0.00
  C558                    1.00   0.00  0.00  0.00  1.00  0.00  0.00  0.00  0.17  0.00
  C559                    1.00   0.00  0.00  0.00  1.00  0.00  0.00  0.00  0.03  0.00
  C560                    1.00   0.00  0.00  0.00  0.97  0.03  0.00  0.00  0.00  0.00
  C561                    1.00   0.00  0.00  0.00  1.00  0.00  0.00  0.00  0.08  0.00
  C562                    1.00   0.00  0.00  0.00  1.00  0.00  0.00  0.00  0.14  0.00
  C563                    1.00   0.00  0.00  0.00  1.00  0.00  0.00  0.00  0.22  0.00
  C564                    1.00   0.00  0.00  0.00  1.00  0.00  0.00  0.00  0.05  0.00
  C565                    1.00   0.00  0.00  0.00  1.00  0.00  0.00  0.00  0.10  0.00
  C566                    1.00   0.00  0.00  0.00  1.00  0.00  0.00  0.00  0.00  0.00
  C567                    1.00   0.00  0.00  0.00  1.00  0.00  0.00  0.00  0.01  0.00
  C568                    1.00   0.00  0.00  0.00  1.00  0.00  0.00  0.00  0.10  0.00
  C569                    1.00   0.00  0.00  0.00  0.98  0.02  0.00  0.00  0.04  0.00
  C570                    1.00   0.00  0.00  0.00  1.00  0.00  0.00  0.00  0.17  0.00
  C571                    1.00   0.00  0.00  0.00  1.00  0.00  0.00  0.00  0.10  0.00
  C572                    1.00   0.00  0.00  0.00  1.00  0.00  0.00  0.00  0.01  0.00
  C573                    1.00   0.00  0.00  0.00  1.00  0.00  0.00  0.00  0.15  0.00
  C574                    1.00   0.00  0.00  0.00  1.00  0.00  0.00  0.00  0.16  0.00
  C575                    1.00   0.00  0.00  0.00  1.00  0.00  0.00  0.00  0.14  0.00
  C576                    1.00   0.00  0.00  0.00  1.00  0.00  0.00  0.00  0.15  0.00
  C577                    1.00   0.00  0.00  0.00  1.00  0.00  0.00  0.00  0.12  0.00
  C578                    1.00   0.00  0.00  0.00  1.00  0.00  0.00  0.00  0.04  0.00
  C579                    1.00   0.00  0.00  0.00  1.00  0.00  0.00  0.00  0.14  0.00
  C580                    1.00   0.00  0.00  0.00  1.00  0.00  0.00  0.00  0.00  0.00
  C581                    1.00   0.00  0.00  0.00  1.00  0.00  0.00  0.00  0.02  0.00
  C582                    1.00   0.00  0.00  0.00  1.00  0.00  0.00  0.00  0.12  0.00
  C583                    1.00   0.00  0.00  0.00  1.00  0.00  0.00  0.00  0.00  0.00
  C584                    1.00   0.00  0.00  0.00  1.00  0.00  0.00  0.00  0.09  0.00
  C585                    1.00   0.00  0.00  0.00  1.00  0.00  0.00  0.00  0.17  0.00
  C586                    1.00   0.00  0.00  0.00  0.91  0.09  0.00  0.00  0.01  0.00
  C587                    1.00   0.00  0.00  0.00  1.00  0.00  0.00  0.00  0.09  0.00
  C588                    1.00   0.00  0.00  0.00  1.00  0.00  0.00  0.00  0.10  0.00
  C589                    1.00   0.00  0.00  0.00  1.00  0.00  0.00  0.00  0.06  0.00
  C590                    1.00   0.00  0.00  0.00  1.00  0.00  0.00  0.00  0.03  0.00
  C591                    1.00   0.00  0.00  0.00  0.90  0.10  0.00  0.00  0.01  0.00
  C592                    1.00   0.00  0.00  0.00  1.00  0.00  0.00  0.00  0.06  0.00
  C593                    1.00   0.00  0.00  0.00  1.00  0.00  0.00  0.00  0.03  0.00
  C594                    1.00   0.00  0.00  0.00  1.00  0.00  0.00  0.00  0.13  0.00
  C595                    1.00   0.00  0.00  0.00  1.00  0.00  0.00  0.00  0.21  0.00
  C596                    1.00   0.00  0.00  0.00  1.00  0.00  0.00  0.00  0.05  0.00
  C597                    1.00   0.00  0.00  0.00  1.00  0.00  0.00  0.00  0.01  0.00
  C598                    1.00   0.00  0.00  0.00  1.00  0.00  0.00  0.00  0.03  0.00
  C599                    1.00   0.00  0.00  0.00  0.90  0.10  0.00  0.00  0.02  0.00
  C600                    1.00   0.00  0.00  0.00  1.00  0.00  0.00  0.00  0.18  0.00
  C601                    1.00   0.00  0.00  0.00  0.90  0.10  0.00  0.00  0.02  0.00
  C602                    1.00   0.00  0.00  0.00  1.00  0.00  0.00  0.00  0.12  0.00
  C603                    1.00   0.00  0.00  0.00  1.00  0.00  0.00  0.00  0.02  0.00
  C604                    1.00   0.00  0.00  0.00  1.00  0.00  0.00  0.00  0.10  0.00
  C605                    1.00   0.00  0.00  0.00  1.00  0.00  0.00  0.00  0.14  0.00
  C606                    1.00   0.00  0.00  0.00  1.00  0.00  0.00  0.00  0.01  0.00
  C607                    1.00   0.00  0.00  0.00  1.00  0.00  0.00  0.00  0.07  0.00
  C608                    1.00   0.00  0.00  0.00  0.16  0.84  0.00  0.00  0.13  0.00
  C609                    1.00   0.00  0.00  0.00  0.01  0.99  0.00  0.00  0.17  0.00
  C610                    1.00   0.00  0.00  0.00  0.96  0.04  0.00  0.00  0.27  0.00
  C611                    1.00   0.00  0.00  0.00  0.97  0.02  0.00  0.00  0.36  0.00
  C612                    1.00   0.00  0.00  0.00  1.00  0.00  0.00  0.00  0.08  0.00
  C613                    1.00   0.00  0.00  0.00  1.00  0.00  0.00  0.00  0.10  0.00
  C614                    1.00   0.00  0.00  0.00  0.06  0.94  0.00  0.00  0.02  0.00
  C615                    1.00   0.00  0.00  0.00  0.01  0.99  0.00  0.00  0.56  0.00
  C616                    1.00   0.00  0.00  0.00  0.05  0.95  0.00  0.00  0.01  0.00
  C617                    1.00   0.00  0.00  0.00  1.00  0.00  0.00  0.00  0.01  0.00
  C618                    1.00   0.00  0.00  0.00  0.96  0.04  0.00  0.00  0.00  0.00
  C619                    1.00   0.00  0.00  0.00  1.00  0.00  0.00  0.00  0.13  0.00
  C620                    1.00   0.00  0.00  0.00  0.95  0.05  0.00  0.00  0.00  0.00
  C621                    1.00   0.00  0.00  0.00  1.00  0.00  0.00  0.00  0.21  0.00
  C622                    1.00   0.00  0.00  0.00  0.95  0.05  0.00  0.00  0.01  0.00
  C623                    1.00   0.00  0.00  0.00  1.00  0.00  0.00  0.00  0.00  0.00
  C624                    1.00   0.00  0.00  0.00  1.00  0.00  0.00  0.00  0.01  0.00
  C625                    1.00   0.00  0.00  0.00  0.05  0.95  0.00  0.00  0.06  0.00
  C626                    1.00   0.00  0.00  0.00  0.01  0.99  0.00  0.00  0.50  0.00
  C627                    1.00   0.00  0.00  0.00  1.00  0.00  0.00  0.00  0.13  0.00
  C628                    1.00   0.00  0.00  0.00  1.00  0.00  0.00  0.00  0.63  0.00
  C629                    1.00   0.00  0.00  0.00  0.07  0.93  0.00  0.00  0.13  0.00
  C630                    1.00   0.00  0.00  0.00  0.01  0.99  0.00  0.00  0.56  0.00
  C631                    1.00   0.00  0.00  0.00  0.75  0.25  0.00  0.00  0.50  0.00
  C632                    1.00   0.00  0.00  0.00  0.55  0.45  0.00  0.00  0.15  0.00
  C633                    1.00   0.00  0.00  0.00  0.00  0.99  0.00  0.00  0.01  0.00
  C634                    1.00   0.00  0.00  0.00  0.01  0.99  0.00  0.00  0.00  0.00
  C635                    1.00   0.00  0.00  0.00  0.06  0.93  0.00  0.00  0.09  0.00
  C636                    1.00   0.00  0.00  0.00  0.00  0.99  0.00  0.00  0.00  0.00
  C637                    1.00   0.00  0.00  0.00  0.27  0.73  0.00  0.00  0.12  0.00
  C638                    1.00   0.00  0.00  0.00  0.95  0.04  0.00  0.00  0.22  0.00
  C639                    1.00   0.00  0.00  0.00  0.98  0.02  0.00  0.00  0.19  0.00
  C640                    1.00   0.00  0.00  0.00  1.00  0.00  0.00  0.00  0.97  0.00
  C641                    1.00   0.00  0.11  0.00  0.27  0.62  0.00  0.00  0.00  0.00
  C642                    1.00   0.00  0.00  0.00  1.00  0.00  0.00  0.00  0.00  0.00
  C643                    1.00   0.00  0.00  0.00  1.00  0.00  0.00  0.00  1.00  0.00
  C644                    1.00   0.00  0.00  0.00  1.00  0.00  0.00  0.00  0.48  0.00
  C645                    1.00   0.00  0.00  0.00  0.55  0.44  0.00  0.00  0.59  0.00
  C646                    1.00   0.00  0.00  0.00  0.68  0.32  0.00  0.00  0.02  0.00
  C647                    1.00   0.00  0.00  0.00  0.74  0.26  0.00  0.00  0.00  0.00
  C648                    1.00   0.00  0.00  0.00  1.00  0.00  0.00  0.00  0.17  0.00
  C649                    1.00   0.00  0.00  0.00  0.72  0.28  0.00  0.00  0.00  0.00
  C650                    1.00   0.00  0.00  0.00  0.79  0.21  0.00  0.00  0.00  0.00
  C651                    1.00   0.00  0.00  0.00  1.00  0.00  0.00  0.00  0.01  0.00
  C652                    1.00   0.00  0.00  0.00  1.00  0.00  0.00  0.00  0.00  0.00
  C653                    1.00   0.00  0.00  0.00  1.00  0.00  0.00  0.00  0.10  0.00
  C654                    1.00   0.00  0.00  0.00  1.00  0.00  0.00  0.00  0.12  0.00
  C655                    1.00   0.00  0.00  0.00  1.00  0.00  0.00  0.00  0.04  0.00
  C656                    1.00   0.00  0.00  0.00  1.00  0.00  0.00  0.00  0.10  0.00
  C657                    1.00   0.00  0.00  0.00  1.00  0.00  0.00  0.00  0.22  0.00
  C658                    1.00   0.00  0.00  0.00  0.81  0.19  0.00  0.00  0.05  0.00
  C659                    1.00   0.00  0.00  0.00  0.91  0.09  0.00  0.00  0.20  0.00
  C660                    1.00   0.00  0.00  0.00  0.03  0.97  0.00  0.00  0.00  0.00
  C661                    1.00   0.00  0.00  0.00  0.01  0.99  0.00  0.00  0.00  0.00
  C662                    1.00   0.00  0.00  0.00  0.01  0.99  0.00  0.00  0.02  0.00
  C663                    1.00   0.00  0.00  0.00  0.17  0.83  0.00  0.00  0.00  0.00
  C664                    1.00   0.00  0.00  0.00  1.00  0.00  0.00  0.00  0.24  0.00
  C665                    1.00   0.00  0.00  0.00  0.02  0.98  0.00  0.00  0.00  0.00
  C666                    1.00   0.00  0.00  0.00  0.91  0.09  0.00  0.00  0.18  0.00
  C667                    1.00   0.00  0.00  0.00  0.06  0.94  0.00  0.00  0.78  0.00
  C668                    1.00   0.00  0.00  0.00  0.94  0.06  0.00  0.00  0.93  0.00
  C669                    1.00   0.00  0.00  0.00  0.01  0.99  0.00  0.00  0.83  0.00
  C670                    1.00   0.00  0.00  0.00  0.01  0.99  0.00  0.00  0.00  0.00
  C671                    1.00   0.00  0.00  0.00  0.00  0.99  0.00  0.00  0.34  0.00
  C672                    1.00   0.00  0.00  0.00  0.72  0.28  0.00  0.00  0.01  0.00
  C673                    1.00   0.00  0.00  0.00  1.00  0.00  0.00  0.00  0.02  0.00
  C674                    1.00   0.00  0.00  0.00  1.00  0.00  0.00  0.00  0.01  0.00
  C675                    1.00   0.00  0.00  0.00  0.79  0.21  0.00  0.00  0.04  0.00
  C676                    1.00   0.00  0.00  0.00  0.93  0.07  0.00  0.00  0.29  0.00
  C677                    1.00   0.00  0.00  0.00  0.55  0.45  0.00  0.00  0.26  0.00
  C678                    1.00   0.00  0.00  0.00  1.00  0.00  0.00  0.00  0.99  0.00
  C679                    1.00   0.00  0.00  0.00  1.00  0.00  0.00  0.00  0.34  0.00
  C680                    1.00   0.00  0.00  0.00  0.73  0.27  0.00  0.00  0.11  0.00
  C681                    1.00   0.00  0.00  0.00  0.87  0.12  0.00  0.00  0.04  0.00
  C682                    1.00   0.00  0.00  0.00  0.66  0.33  0.00  0.00  0.20  0.00
  C683                    1.00   0.00  0.00  0.00  0.65  0.35  0.00  0.00  0.25  0.00
  C684                    1.00   0.00  0.00  0.00  0.67  0.33  0.00  0.00  0.14  0.00
  C685                    1.00   0.00  0.00  0.00  0.61  0.39  0.00  0.00  0.28  0.00
  C686                    1.00   0.00  0.00  0.00  0.60  0.40  0.00  0.00  0.00  0.00
  C687                    1.00   0.00  0.00  0.00  0.34  0.65  0.00  0.00  0.31  0.00
  C688                    1.00   0.00  0.00  0.00  0.69  0.31  0.00  0.00  0.01  0.00
  C689                    1.00   0.00  0.00  0.00  0.96  0.04  0.00  0.00  0.20  0.00
  C690                    1.00   0.00  0.00  0.00  0.46  0.54  0.00  0.00  0.00  0.00
  C691                    1.00   0.00  0.00  0.00  0.64  0.36  0.00  0.00  0.00  0.00
  C692                    1.00   0.00  0.00  0.00  0.93  0.07  0.00  0.00  0.01  0.00
  C693                    1.00   0.00  0.00  0.00  1.00  0.00  0.00  0.00  0.32  0.00
  C694                    1.00   0.00  0.00  0.00  0.01  0.99  0.00  0.00  0.00  0.00
  C695                    1.00   0.00  0.00  0.00  0.90  0.10  0.00  0.00  0.00  0.00
  C696                    1.00   0.00  0.00  0.00  0.89  0.10  0.00  0.00  0.00  0.00
  C697                    1.00   0.00  0.00  0.00  0.01  0.99  0.00  0.00  0.01  0.00
  C698                    1.00   0.00  0.00  0.00  0.01  0.99  0.00  0.00  0.00  0.00
  C699                    1.00   0.00  0.00  0.00  0.01  0.99  0.00  0.00  0.00  0.00
  C700                    1.00   0.00  0.00  0.00  0.00  0.99  0.00  0.00  0.00  0.00
  C701                    1.00   0.00  0.00  0.00  0.01  0.99  0.00  0.00  0.00  0.00
  C702                    1.00   0.00  0.00  0.00  0.73  0.27  0.00  0.00  0.12  0.00
  C703                    1.00   0.00  0.00  0.00  0.75  0.25  0.00  0.00  0.09  0.00
  C704                    1.00   0.00  0.00  0.00  0.76  0.24  0.00  0.00  0.00  0.00
  C705                    1.00   0.00  0.00  0.00  0.01  0.99  0.00  0.00  0.00  0.00
  
  
  *************************
  Conduit Surcharge Summary
  *************************
  
  ----------------------------------------------------------------------------
                                                           Hours        Hours 
                         --------- Hours Full --------   Above Full   Capacity
  Conduit                Both Ends  Upstream  Dnstream   Normal Flow   Limited
  ----------------------------------------------------------------------------
  C1                          0.01      0.01      0.52      0.01         0.01
  C2                          0.67      0.67      0.76      0.02         0.01
  C3                          0.76      0.76      0.76      0.01         0.01
  C4                          0.01      0.01      0.76      0.01         0.01
  C5                          0.76      0.76      0.78      0.48         0.48
  C6                          0.77      0.78      0.77      0.75         0.71
  C7                          0.76      0.77      0.76      0.77         0.75
  C8                          0.76      0.76      0.76      0.39         0.36
  C9                          0.76      0.76      0.76      0.04         0.05
  C10                         0.80      0.80      0.88      0.25         0.26
  C11                         0.76      0.76      0.80      0.75         0.76
  C12                         0.78      0.78      0.79      0.37         0.39
  C13                         0.74      0.74      0.78      0.02         0.23
  C14                         0.18      0.18      0.74      0.01         0.01
  C15                         0.18      0.18      0.77      0.01         0.01
  C16                         0.75      0.75      0.83      0.71         0.71
  C17                         0.75      0.75      0.79      0.69         0.71
  C18                         0.79      0.79      0.79      0.79         0.78
  C19                         0.78      0.79      0.78      0.81         0.77
  C20                         0.78      0.78      0.79      0.27         0.30
  C21                         0.61      0.61      0.79      0.02         0.29
  C22                         0.71      0.71      0.78      0.02         0.01
  C23                         0.65      0.65      0.67      0.01         0.01
  C24                         0.65      0.69      0.65      0.75         0.65
  C25                         0.64      0.64      0.69      0.36         0.37
  C26                         0.64      0.64      0.64      0.63         0.64
  C27                         0.62      0.62      0.64      0.39         0.39
  C28                         0.54      0.54      0.62      0.01         0.02
  C29                         0.48      0.48      0.54      0.01         0.06
  C30                         0.28      0.42      0.30      0.01         0.02
  C31                         0.25      0.60      0.25      0.62         0.13
  C32                         0.71      0.71      0.85      0.07         0.07
  C33                         0.69      0.69      0.81      0.01         0.01
  C35                         0.01      0.01      0.05      0.01         0.01
  C38                         0.01      0.01      0.65      0.01         0.01
  C39                         0.01      0.01      0.31      0.41         0.01
  C41                         0.61      0.61      0.81      0.61         0.61
  C42                         0.01      0.59      0.01      0.63         0.01
  C46                         0.01      0.43      0.01      0.48         0.01
  C52                         0.01      0.66      0.01      0.67         0.01
  C55                         0.01      0.64      0.01      0.65         0.01
  C56                         0.65      0.65      0.72      0.01         0.05
  C57                         0.71      0.72      0.73      0.01         0.01
  C58                         0.74      0.75      0.76      0.01         0.01
  C59                         0.75      0.76      0.76      0.01         0.01
  C60                         0.73      0.73      0.79      0.69         0.71
  C61                         0.76      0.76      0.79      0.06         0.08
  C62                         0.79      0.79      0.79      0.03         0.01
  C63                         0.79      0.80      0.79      0.78         0.76
  C64                         0.43      0.43      0.44      0.02         0.01
  C65                         0.44      0.44      0.45      0.42         0.44
  C66                         0.43      0.43      0.43      0.05         0.01
  C67                         0.71      0.71      0.80      0.35         0.35
  C68                         0.50      0.61      0.50      0.07         0.01
  C69                         0.50      0.50      0.53      0.53         0.50
  C72                         0.01      0.01      0.50      0.01         0.01
  C75                         0.01      0.01      0.57      0.01         0.01
  C76                         0.64      0.64      0.80      0.59         0.59
  C77                         0.64      0.64      0.83      0.01         0.01
  C78                         0.67      0.67      0.81      0.52         0.59
  C79                         0.83      0.84      0.83      0.83         0.01
  C80                         0.81      0.81      0.84      0.01         0.01
  C81                         0.74      0.74      0.81      0.01         0.01
  C82                         0.71      0.71      0.81      0.01         0.01
  C83                         0.46      0.46      0.74      0.01         0.01
  C84                         0.30      0.37      0.30      0.46         0.29
  C85                         0.30      0.30      0.71      0.01         0.01
  C86                         0.65      0.71      0.65      0.70         0.42
  C87                         0.65      0.68      0.66      0.03         0.02
  C88                         0.01      0.01      0.68      0.01         0.01
  C89                         0.58      0.58      0.81      0.01         0.53
  C90                         0.58      0.58      0.79      0.01         0.01
  C91                         0.59      0.59      0.61      0.01         0.01
  C92                         0.61      0.61      0.62      0.01         0.01
  C93                         0.79      0.79      0.81      0.01         0.01
  C94                         0.48      0.65      0.48      0.70         0.47
  C95                         0.54      0.66      0.54      0.73         0.54
  C96                         0.44      0.54      0.48      0.02         0.14
  C97                         0.44      0.54      0.48      0.13         0.22
  C98                         0.37      0.48      0.61      0.21         0.25
  C99                         0.61      0.61      0.90      0.01         0.01
  C100                        0.48      0.48      0.83      0.12         0.30
  C102                        0.43      0.43      0.83      0.01         0.01
  C103                        0.01      0.01      0.85      0.01         0.01
  C104                        0.85      0.85      0.86      0.01         0.01
  C105                        0.89      0.89      0.92      0.44         0.01
  C106                        0.82      0.82      0.89      0.35         0.03
  C107                        0.60      0.60      0.65      0.59         0.60
  C108                        0.63      0.63      0.76      0.22         0.25
  C109                        0.48      0.48      0.60      0.01         0.01
  C110                        0.54      0.54      0.63      0.01         0.01
  C111                        0.65      0.65      0.72      0.65         0.65
  C112                        0.59      0.60      0.59      0.62         0.59
  C113                        0.01      0.01      0.72      0.65         0.01
  C114                        0.48      0.59      0.48      0.60         0.48
  C117                        0.01      0.59      0.01      0.59         0.01
  C118                        0.01      0.74      0.01      0.79         0.01
  C119                        0.74      0.79      0.74      0.76         0.61
  C120                        0.75      0.75      0.76      0.64         0.65
  C121                        0.70      0.70      0.75      0.01         0.01
  C122                        0.74      0.75      0.75      0.53         0.01
  C123                        0.75      0.75      0.83      0.01         0.01
  C124                        0.79      0.79      0.83      0.01         0.01
  C125                        0.83      0.83      0.87      0.01         0.03
  C126                        0.79      0.79      0.81      0.01         0.01
  C127                        0.83      0.83      0.87      0.54         0.55
  C128                        0.81      0.81      0.83      0.62         0.01
  C129                        0.75      0.75      0.78      0.01         0.01
  C130                        0.75      0.75      0.81      0.78         0.01
  C131                        0.75      0.75      0.81      0.52         0.53
  C132                        0.80      0.82      0.81      0.01         0.01
  C133                        0.80      0.81      0.84      0.01         0.01
  C134                        0.63      0.63      0.76      0.63         0.63
  C135                        0.64      0.64      0.77      0.61         0.62
  C136                        0.62      0.62      0.63      0.64         0.62
  C137                        0.57      0.57      0.64      0.54         0.56
  C138                        0.76      0.76      0.81      0.01         0.01
  C139                        0.70      0.70      0.75      0.01         0.01
  C140                        0.74      0.74      0.76      0.69         0.70
  C141                        0.01      0.01      0.70      0.01         0.01
  C142                        0.57      0.57      0.60      0.01         0.01
  C143                        0.52      0.52      0.77      0.01         0.01
  C144                        0.80      0.80      0.80      0.01         0.01
  C145                        0.61      0.62      0.70      0.62         0.53
  C146                        0.53      0.53      0.80      0.52         0.52
  C147                        0.62      0.64      0.65      0.01         0.01
  C148                        0.75      0.82      0.76      0.55         0.02
  C149                        0.39      0.39      0.57      0.01         0.01
  C150                        0.75      0.75      0.75      0.01         0.01
  C151                        0.71      0.71      0.71      0.01         0.17
  C152                        0.64      0.64      0.75      0.01         0.01
  C153                        0.61      0.61      0.74      0.01         0.01
  C154                        0.01      0.01      0.64      0.01         0.01
  C155                        0.18      0.18      0.61      0.01         0.01
  C158                        0.01      0.01      0.01      0.69         0.01
  C159                        0.64      0.64      0.70      0.67         0.62
  C160                        0.51      0.51      0.52      0.01         0.01
  C161                        0.64      0.71      0.64      0.21         0.14
  C162                        0.57      0.57      0.60      0.06         0.07
  C163                        0.51      0.51      0.71      0.50         0.51
  C164                        0.01      0.01      0.57      0.01         0.01
  C165                        0.01      0.01      0.51      0.01         0.01
  C167                        0.58      0.63      0.58      0.07         0.01
  C168                        0.58      0.58      0.82      0.01         0.01
  C170                        0.74      0.74      0.82      0.01         0.01
  C171                        0.61      0.61      0.73      0.01         0.01
  C172                        0.62      0.62      0.80      0.01         0.01
  C173                        0.68      0.68      0.73      0.01         0.01
  C174                        0.74      0.74      0.80      0.01         0.01
  C176                        0.72      0.72      0.74      0.01         0.01
  C177                        0.21      0.21      0.68      0.01         0.08
  C178                        0.69      0.69      0.71      0.68         0.69
  C179                        0.68      0.68      0.79      0.67         0.67
  C180                        0.79      0.79      0.81      0.01         0.01
  C181                        0.77      0.77      0.79      0.01         0.01
  C182                        0.71      0.71      0.77      0.70         0.71
  C183                        0.68      0.68      0.68      0.33         0.32
  C184                        0.71      0.71      0.71      0.56         0.57
  C186                        0.01      0.48      0.01      0.52         0.01
  C187                        0.10      0.15      0.15      0.15         0.10
  C188                        0.48      0.50      0.48      0.54         0.48
  C189                        0.15      0.70      0.15      0.77         0.15
  C190                        0.01      0.01      0.54      0.54         0.01
  C191                        0.01      0.69      0.01      0.81         0.01
  C192                        0.62      0.62      0.69      0.02         0.02
  C193                        0.43      0.85      0.43      0.85         0.43
  C194                        0.70      0.70      0.85      0.69         0.70
  C195                        0.16      0.16      0.70      0.01         0.01
  C196                        0.43      0.43      0.95      0.01         0.01
  C197                        0.16      0.69      0.16      0.59         0.16
  C198                        0.69      0.69      0.69      0.01         0.01
  C199                        0.68      0.68      0.74      0.03         0.04
  C200                        0.67      0.67      0.68      0.66         0.67
  C201                        0.01      0.01      0.93      0.01         0.01
  C202                        0.67      0.67      0.77      0.66         0.67
  C203                        0.60      0.60      0.67      0.01         0.01
  C204                        0.60      0.61      0.60      0.64         0.60
  C205                        0.25      0.25      0.61      0.01         0.11
  C206                        0.01      0.65      0.01      0.42         0.01
  C207                        0.73      0.73      0.75      0.01         0.01
  C208                        0.71      0.71      0.73      0.70         0.71
  C209                        0.71      0.74      0.71      0.49         0.45
  C210                        0.58      0.58      0.65      0.03         0.09
  C211                        0.58      0.81      0.58      0.54         0.12
  C212                        0.60      0.60      0.81      0.01         0.01
  C213                        0.60      0.60      0.70      0.01         0.14
  C214                        0.47      0.47      0.69      0.01         0.01
  C215                        0.01      0.01      0.47      0.01         0.01
  C216                        0.35      0.35      0.60      0.01         0.01
  C218                        0.01      0.01      0.74      0.01         0.01
  C219                        0.60      0.60      0.69      0.35         0.35
  C220                        0.09      0.09      0.60      0.01         0.01
  C221                        0.01      0.01      0.50      0.01         0.01
  C222                        0.21      0.21      0.63      0.01         0.08
  C223                        0.50      0.50      0.68      0.01         0.01
  C224                        0.63      0.63      0.72      0.01         0.01
  C225                        0.61      0.68      0.61      0.71         0.61
  C226                        0.01      0.01      0.01      0.03         0.01
  C229                        0.72      0.72      0.78      0.07         0.06
  C230                        0.62      0.62      0.66      0.01         0.01
  C232                        0.01      0.78      0.01      0.65         0.01
  C233                        0.01      0.01      0.31      0.01         0.01
  C234                        0.31      0.31      0.75      0.01         0.01
  C235                        0.75      0.79      0.75      0.23         0.01
  C236                        0.01      0.01      0.52      0.01         0.01
  C237                        0.52      0.52      0.65      0.01         0.01
  C238                        0.57      0.71      0.57      0.71         0.52
  C239                        0.43      0.57      0.43      0.66         0.43
  C240                        0.43      0.43      0.49      0.49         0.43
  C245                        0.74      0.75      0.78      0.01         0.01
  C246                        0.78      0.78      0.80      0.45         0.49
  C249                        0.45      0.45      0.56      0.47         0.45
  C250                        0.72      0.78      0.72      0.01         0.03
  C251                        0.01      0.79      0.01      0.78         0.01
  C254                        0.01      0.01      0.51      0.53         0.01
  C255                        0.01      0.25      0.01      0.57         0.01
  C256                        0.60      0.63      0.60      0.65         0.60
  C257                        0.01      0.01      0.25      0.01         0.01
  C258                        0.60      0.60      0.63      0.61         0.60
  C259                        0.01      0.01      0.19      0.01         0.01
  C260                        0.65      0.65      0.73      0.67         0.65
  C261                        0.01      0.01      0.01      0.29         0.01
  C262                        0.01      0.01      0.63      0.78         0.01
  C263                        0.01      0.01      0.01      0.19         0.01
  C264                        0.01      0.01      0.01      0.35         0.01
  C265                        0.01      0.01      0.01      0.12         0.01
  C266                        0.01      0.04      0.01      0.18         0.01
  C267                        0.43      0.43      0.63      0.01         0.01
  C268                        0.80      0.80      0.81      0.80         0.80
  C269                        0.70      0.70      0.70      0.13         0.14
  C270                        0.70      0.70      0.72      0.01         0.01
  C271                        0.71      0.71      0.72      0.70         0.04
  C272                        0.69      0.69      0.72      0.65         0.67
  C273                        0.67      0.69      0.70      0.01         0.01
  C274                        0.70      0.70      0.75      0.08         0.17
  C275                        0.75      0.75      0.82      0.11         0.11
  C276                        0.57      0.57      0.91      0.01         0.01
  C278                        0.01      0.01      0.87      0.01         0.01
  C279                        0.54      0.54      0.83      0.01         0.01
  C280                        0.01      0.01      0.54      0.01         0.01
  C281                        0.43      0.43      0.48      0.01         0.02
  C282                        0.48      0.48      0.62      0.16         0.07
  C283                        0.01      0.44      0.01      0.63         0.01
  C285                        0.01      0.01      0.01      0.67         0.01
  C287                        0.01      0.01      0.84      0.68         0.01
  C288                        0.01      0.16      0.01      0.55         0.01
  C289                        0.43      0.43      0.53      0.38         0.25
  C294                        0.83      0.84      0.83      0.01         0.01
  C295                        0.90      0.90      0.91      0.01         0.07
  C296                        0.34      0.34      0.46      0.01         0.01
  C298                        0.46      0.46      0.84      0.01         0.01
  C299                        0.01      0.77      0.01      0.86         0.01
  C302                        0.01      0.01      0.79      0.01         0.01
  C303                        0.01      0.79      0.01      0.71         0.01
  C304                        0.53      0.53      0.69      0.01         0.01
  C305                        0.70      0.70      0.70      0.01         0.03
  C306                        0.01      0.01      0.44      0.01         0.01
  C307                        0.59      0.61      0.67      0.01         0.01
  C309                        0.47      0.47      0.63      0.01         0.01
  C310                        0.01      0.63      0.01      0.67         0.01
  C314                        0.01      0.01      0.51      0.01         0.01
  C315                        0.01      0.63      0.01      0.66         0.01
  C316                        0.62      0.63      0.63      0.01         0.01
  C317                        0.58      0.58      0.63      0.01         0.01
  C318                        0.01      0.01      0.15      0.01         0.01
  C322                        0.66      0.66      0.83      0.01         0.01
  C323                        0.28      0.28      0.62      0.01         0.01
  C324                        0.09      0.15      0.19      0.17         0.05
  C325                        0.43      0.44      0.62      0.45         0.01
  C326                        0.66      0.67      0.75      0.25         0.32
  C327                        0.52      0.52      0.83      0.01         0.01
  C328                        0.31      0.31      0.82      0.01         0.01
  C329                        0.52      0.54      0.52      0.10         0.02
  C330                        0.31      0.55      0.31      0.59         0.10
  C332                        0.01      0.01      0.59      0.01         0.01
  C334                        0.59      0.59      0.79      0.01         0.01
  C335                        0.01      0.01      0.57      0.01         0.01
  C336                        0.79      0.79      0.81      0.01         0.01
  C337                        0.57      0.57      0.57      0.24         0.19
  C338                        0.69      0.81      0.69      0.15         0.01
  C339                        0.57      0.57      0.61      0.57         0.57
  C340                        0.61      0.61      0.85      0.11         0.11
  C341                        0.57      0.57      0.61      0.01         0.01
  C342                        0.69      0.69      0.75      0.72         0.68
  C343                        0.01      0.01      0.69      0.01         0.01
  C344                        0.01      0.01      0.69      0.18         0.01
  C345                        0.65      0.65      0.66      0.01         0.01
  C346                        0.65      0.65      0.66      0.01         0.01
  C347                        0.61      0.61      0.69      0.01         0.01
  C348                        0.20      0.20      0.69      0.01         0.01
  C349                        0.61      0.61      0.73      0.01         0.01
  C350                        0.66      0.66      0.70      0.01         0.01
  C351                        0.63      0.65      0.65      0.18         0.19
  C352                        0.66      0.66      0.75      0.47         0.48
  C353                        0.63      0.63      0.71      0.01         0.01
  C354                        0.59      0.59      0.77      0.59         0.59
  C355                        0.01      0.01      0.63      0.01         0.01
  C356                        0.17      0.17      0.59      0.01         0.01
  C357                        0.62      0.62      0.82      0.04         0.34
  C358                        0.81      0.81      0.81      0.01         0.01
  C359                        0.59      0.62      0.71      0.15         0.55
  C360                        0.68      0.71      0.71      0.01         0.01
  C361                        0.67      0.67      0.71      0.01         0.03
  C362                        0.71      0.71      0.73      0.42         0.38
  C365                        0.01      0.01      0.01      0.28         0.01
  C367                        0.60      0.60      0.82      0.01         0.01
  C368                        0.01      0.01      0.68      0.01         0.01
  C369                        0.47      0.47      0.78      0.12         0.18
  C370                        0.01      0.64      0.01      0.74         0.01
  C374                        0.01      0.01      0.01      0.48         0.01
  C376                        0.01      0.01      0.14      0.01         0.01
  C377                        0.63      0.63      0.64      0.66         0.63
  C378                        0.01      0.66      0.01      0.56         0.01
  C379                        0.58      0.58      0.63      0.01         0.01
  C380                        0.01      0.01      0.66      0.01         0.01
  C381                        0.01      0.01      0.68      0.01         0.01
  C382                        0.67      0.67      0.68      0.01         0.01
  C383                        0.68      0.68      0.80      0.01         0.01
  C384                        0.74      0.74      0.80      0.79         0.71
  C385                        0.39      0.59      0.39      0.36         0.07
  C386                        0.78      0.78      0.80      0.37         0.38
  C387                        0.69      0.75      0.69      0.08         0.02
  C388                        0.60      0.60      0.71      0.01         0.01
  C389                        0.68      0.68      0.69      0.01         0.01
  C390                        0.67      0.67      0.75      0.01         0.01
  C391                        0.21      0.21      0.60      0.01         0.01
  C392                        0.01      0.61      0.01      0.61         0.01
  C393                        0.01      0.01      0.50      0.01         0.01
  C394                        0.53      0.53      0.55      0.56         0.52
  C396                        0.01      0.01      0.46      0.48         0.01
  C397                        0.46      0.46      0.47      0.47         0.46
  C400                        0.01      0.68      0.01      0.71         0.01
  C401                        0.68      0.69      0.68      0.08         0.02
  C402                        0.69      0.70      0.69      0.09         0.06
  C403                        0.01      0.01      0.70      0.01         0.01
  C404                        0.01      0.01      0.72      0.01         0.01
  C405                        0.68      0.68      0.68      0.47         0.39
  C406                        0.52      0.52      0.83      0.01         0.01
  C407                        0.41      0.41      0.77      0.01         0.01
  C408                        0.64      0.64      0.72      0.01         0.01
  C409                        0.78      0.78      0.83      0.80         0.78
  C410                        0.69      0.69      0.77      0.75         0.69
  C411                        0.62      0.62      0.69      0.44         0.55
  C412                        0.70      0.70      0.78      0.71         0.66
  C413                        0.71      0.71      0.73      0.01         0.01
  C414                        0.01      0.72      0.01      0.71         0.01
  C415                        0.73      0.73      0.77      0.04         0.01
  C417                        0.01      0.01      0.77      0.01         0.01
  C418                        0.01      0.01      0.77      0.01         0.01
  C419                        0.74      0.74      0.74      0.57         0.08
  C423                        0.01      0.01      0.50      0.01         0.01
  C424                        0.01      0.50      0.01      0.54         0.01
  C425                        0.43      0.43      0.50      0.01         0.01
  C426                        0.43      0.43      0.58      0.01         0.01
  C427                        0.01      0.01      0.43      0.01         0.01
  C428                        0.01      0.01      0.58      0.01         0.01
  C433                        0.01      0.01      0.53      0.01         0.01
  C434                        0.60      0.60      0.69      0.01         0.01
  C435                        0.62      0.62      0.66      0.01         0.01
  C437                        0.01      0.01      0.22      0.01         0.01
  C438                        0.01      0.01      0.69      0.01         0.01
  C439                        0.01      0.01      0.48      0.01         0.01
  C440                        0.48      0.48      0.49      0.67         0.01
  C441                        0.49      0.49      0.69      0.01         0.01
  C442                        0.69      0.69      0.69      0.01         0.01
  C443                        0.01      0.01      0.78      0.01         0.01
  C444                        0.22      0.22      0.81      0.01         0.01
  C445                        0.80      0.81      0.81      0.01         0.01
  C446                        0.01      0.01      0.33      0.01         0.01
  C448                        0.73      0.73      0.74      0.01         0.01
  C449                        0.73      0.73      0.74      0.01         0.01
  C450                        0.73      0.73      0.73      0.07         0.08
  C451                        0.59      0.59      0.73      0.01         0.01
  C452                        0.62      0.62      0.73      0.01         0.01
  C453                        0.50      0.50      0.62      0.01         0.01
  C454                        0.01      0.01      0.59      0.01         0.01
  C455                        0.49      0.49      0.50      0.01         0.01
  C456                        0.60      0.60      0.64      0.63         0.60
  C457                        0.48      0.48      0.49      0.49         0.47
  C458                        0.53      0.53      0.60      0.03         0.01
  C459                        0.77      0.77      0.77      0.01         0.16
  C460                        0.77      0.77      0.80      0.01         0.01
  C461                        0.79      0.79      0.80      0.01         0.01
  C462                        0.80      0.80      0.83      0.01         0.01
  C463                        0.83      0.83      0.84      0.01         0.01
  C468                        0.01      0.01      0.69      0.01         0.01
  C469                        0.69      0.73      0.69      0.75         0.69
  C470                        0.64      0.64      0.73      0.14         0.12
  C471                        0.01      0.01      0.69      0.01         0.01
  C474                        0.01      0.58      0.01      0.59         0.01
  C475                        0.01      0.62      0.01      0.64         0.01
  C476                        0.58      0.60      0.58      0.63         0.46
  C477                        0.53      0.53      0.60      0.08         0.09
  C478                        0.24      0.24      0.53      0.01         0.01
  C479                        0.06      0.07      0.24      0.01         0.01
  C480                        0.05      0.09      0.07      0.05         0.01
  C483                        0.01      0.01      0.42      0.01         0.01
  C484                        0.42      0.42      0.61      0.01         0.01
  C485                        0.01      0.61      0.01      0.62         0.01
  C487                        0.25      0.31      0.52      0.01         0.11
  C489                        0.01      0.62      0.01      0.63         0.01
  C491                        0.01      0.01      0.01      0.85         0.01
  C493                        0.59      0.59      0.62      0.62         0.59
  C494                        0.59      0.82      0.59      0.83         0.59
  C495                        0.01      0.01      0.82      0.01         0.01
  C496                        0.82      0.85      0.82      0.13         0.01
  C497                        0.82      0.83      0.82      0.84         0.82
  C498                        0.82      0.82      0.83      0.82         0.82
  C499                        0.82      0.82      0.82      0.12         0.13
  C500                        0.81      0.81      0.82      0.01         0.01
  C501                        0.77      0.79      0.77      0.01         0.02
  C502                        0.01      0.01      0.80      0.01         0.01
  C503                        0.71      0.71      0.82      0.01         0.01
  C504                        0.78      0.78      0.85      0.77         0.78
  C505                        0.60      0.61      0.71      0.41         0.55
  C506                        0.70      0.70      0.78      0.66         0.69
  C507                        0.54      0.66      0.61      0.17         0.31
  C508                        0.66      0.68      0.70      0.48         0.60
  C509                        0.66      0.66      0.80      0.49         0.52
  C510                        0.68      0.68      0.76      0.65         0.65
  C511                        0.80      0.80      0.82      0.01         0.01
  C512                        0.45      0.45      0.80      0.01         0.01
  C513                        0.01      0.01      0.77      0.01         0.01
  C514                        0.01      0.01      0.45      0.01         0.01
  C515                        0.01      0.01      0.62      0.01         0.01
  C517                        0.62      0.62      0.65      0.01         0.01
  C518                        0.01      0.01      0.66      0.01         0.01
  C519                        0.64      0.65      0.64      0.06         0.02
  C520                        0.66      0.66      0.88      0.01         0.01
  C521                        0.44      0.64      0.44      0.67         0.44
  C522                        0.44      0.44      0.52      0.52         0.44
  C526                        0.01      0.01      0.65      0.86         0.01
  C527                        0.48      0.48      0.83      0.01         0.01
  C528                        0.01      0.01      0.48      0.01         0.01
  C538                        0.55      0.55      0.56      0.56         0.55
  C539                        0.01      0.01      0.45      0.01         0.01
  C540                        0.01      0.01      0.77      0.01         0.01
  C541                        0.01      0.01      0.01      0.68         0.01
  C542                        0.01      0.01      0.65      0.01         0.01
  C543                        0.65      0.65      0.74      0.55         0.60
  C544                        0.65      0.65      0.86      0.09         0.12
  C545                        0.50      0.50      0.54      0.01         0.01
  C547                        0.54      0.54      0.80      0.01         0.01
  C548                        0.01      0.01      0.76      0.01         0.01
  C549                        0.01      0.01      0.37      0.01         0.01
  C550                        0.01      0.01      0.32      0.01         0.01
  C551                        0.37      0.37      0.65      0.01         0.01
  C552                        0.65      0.65      0.66      0.22         0.24
  C553                        0.32      0.32      0.66      0.10         0.18
  C554                        0.66      0.66      0.70      0.02         0.01
  C555                        0.69      0.70      0.69      0.72         0.69
  C556                        0.69      0.69      0.71      0.71         0.69
  C557                        0.79      0.79      0.81      0.75         0.01
  C558                        0.78      0.78      0.81      0.01         0.01
  C559                        0.78      0.79      0.78      0.80         0.78
  C560                        0.78      0.79      0.79      0.79         0.78
  C561                        0.77      0.79      0.77      0.35         0.01
  C562                        0.71      0.72      0.77      0.39         0.67
  C563                        0.62      0.67      0.72      0.01         0.03
  C564                        0.59      0.67      0.69      0.01         0.10
  C565                        0.69      0.69      0.78      0.28         0.58
  C566                        0.73      0.73      0.74      0.59         0.53
  C567                        0.80      0.80      0.80      0.79         0.80
  C568                        0.58      0.58      0.78      0.19         0.28
  C569                        0.35      0.58      0.45      0.01         0.06
  C570                        0.29      0.45      0.58      0.01         0.07
  C571                        0.58      0.58      0.84      0.20         0.47
  C572                        0.83      0.84      0.84      0.19         0.18
  C573                        0.57      0.58      0.81      0.01         0.46
  C574                        0.78      0.79      0.81      0.01         0.01
  C575                        0.80      0.80      0.81      0.01         0.01
  C576                        0.68      0.73      0.69      0.01         0.01
  C577                        0.76      0.77      0.78      0.43         0.01
  C578                        0.77      0.77      0.78      0.10         0.16
  C579                        0.63      0.66      0.75      0.01         0.32
  C580                        0.66      0.81      0.66      0.08         0.04
  C581                        0.81      0.81      0.82      0.46         0.43
  C582                        0.80      0.82      0.82      0.44         0.46
  C583                        0.82      0.87      0.82      0.82         0.01
  C584                        0.72      0.72      0.79      0.24         0.29
  C585                        0.72      0.72      0.80      0.09         0.23
  C586                        0.79      0.80      0.80      0.78         0.79
  C587                        0.80      0.80      0.82      0.78         0.80
  C588                        0.80      0.81      0.80      0.01         0.01
  C589                        0.80      0.80      0.82      0.11         0.01
  C590                        0.81      0.82      0.82      0.79         0.80
  C591                        0.81      0.82      0.82      0.82         0.81
  C592                        0.84      0.84      0.86      0.84         0.84
  C593                        0.82      0.82      0.84      0.77         0.80
  C594                        0.82      0.82      0.86      0.01         0.01
  C595                        0.69      0.69      0.79      0.11         0.19
  C596                        0.86      0.86      0.86      0.86         0.01
  C597                        0.64      0.66      0.69      0.43         0.48
  C598                        0.80      0.80      0.81      0.35         0.45
  C599                        0.80      0.80      0.82      0.76         0.79
  C600                        0.66      0.66      0.78      0.01         0.01
  C601                        0.78      0.78      0.82      0.14         0.23
  C602                        0.82      0.82      0.88      0.60         0.61
  C603                        0.87      0.87      0.87      0.01         0.01
  C604                        0.83      0.83      0.84      0.81         0.82
  C605                        0.83      0.83      0.85      0.62         0.68
  C606                        0.84      0.85      0.86      0.60         0.61
  C607                        0.61      0.61      0.86      0.02         0.49
  C608                        0.01      0.01      0.61      0.84         0.01
  C610                        0.63      0.63      0.66      0.01         0.01
  C611                        0.61      0.61      0.66      0.01         0.01
  C612                        0.78      0.79      0.82      0.67         0.73
  C613                        0.81      0.81      0.82      0.01         0.01
  C614                        0.01      0.66      0.01      0.71         0.01
  C616                        0.01      0.81      0.01      0.84         0.01
  C617                        0.81      0.81      0.81      0.67         0.68
  C618                        0.81      0.81      0.81      0.02         0.01
  C619                        0.80      0.80      0.81      0.01         0.03
  C620                        0.79      0.79      0.80      0.01         0.01
  C621                        0.68      0.68      0.72      0.01         0.01
  C622                        0.70      0.71      0.72      0.01         0.01
  C623                        0.64      0.72      0.64      0.76         0.64
  C625                        0.01      0.01      0.01      0.68         0.01
  C627                        0.66      0.66      0.86      0.01         0.01
  C628                        0.34      0.34      0.48      0.40         0.33
  C631                        0.01      0.01      0.79      0.01         0.01
  C632                        0.22      0.48      0.22      0.50         0.22
  C635                        0.01      0.19      0.01      0.17         0.01
  C637                        0.01      0.01      0.01      0.30         0.01
  C638                        0.01      0.01      0.74      0.01         0.01
  C639                        0.01      0.01      0.79      0.01         0.01
  C644                        0.16      0.16      0.61      0.01         0.01
  C645                        0.01      0.01      0.20      0.01         0.01
  C646                        0.61      0.61      0.65      0.64         0.61
  C647                        0.72      0.75      0.72      0.01         0.01
  C648                        0.63      0.64      0.63      0.01         0.41
  C649                        0.45      0.48      0.58      0.01         0.39
  C650                        0.64      0.64      0.68      0.01         0.01
  C651                        0.67      0.67      0.70      0.01         0.05
  C652                        0.71      0.71      0.75      0.04         0.03
  C653                        0.71      0.71      0.80      0.67         0.70
  C654                        0.72      0.72      0.80      0.73         0.67
  C655                        0.67      0.69      0.80      0.21         0.29
  C656                        0.69      0.69      0.90      0.60         0.65
  C657                        0.75      0.75      0.78      0.01         0.01
  C658                        0.76      0.76      0.78      0.01         0.01
  C659                        0.69      0.69      0.71      0.01         0.01
  C660                        0.01      0.78      0.01      0.77         0.01
  C663                        0.01      0.74      0.01      0.79         0.01
  C664                        0.71      0.71      0.74      0.01         0.01
  C672                        0.01      0.71      0.01      0.72         0.01
  C673                        0.70      0.72      0.71      0.01         0.02
  C674                        0.74      0.75      0.74      0.31         0.43
  C675                        0.71      0.75      0.71      0.84         0.71
  C676                        0.44      0.44      0.83      0.01         0.05
  C677                        0.03      0.03      0.44      0.01         0.01
  C678                        0.01      0.01      0.03      0.01         0.01
  C679                        0.01      0.01      0.66      0.01         0.01
  C680                        0.73      0.73      0.83      0.71         0.72
  C681                        0.73      0.74      0.73      0.85         0.73
  C682                        0.65      0.65      0.74      0.01         0.01
  C683                        0.63      0.63      0.65      0.01         0.01
  C684                        0.66      0.66      0.73      0.01         0.01
  C685                        0.45      0.45      0.66      0.01         0.11
  C686                        0.45      0.59      0.45      0.02         0.13
  C687                        0.25      0.25      0.65      0.01         0.01
  C688                        0.59      0.62      0.59      0.67         0.59
  C689                        0.62      0.62      0.62      0.02         0.01
  C690                        0.25      0.56      0.25      0.35         0.04
  C691                        0.62      0.62      0.63      0.50         0.48
  C692                        0.62      0.62      0.62      0.50         0.49
  C693                        0.61      0.61      0.62      0.01         0.01
  C695                        0.89      0.90      0.89      0.90         0.89
  C696                        0.82      0.89      0.82      0.90         0.81
  C697                        0.01      0.82      0.01      0.57         0.01
  C698                        0.01      0.60      0.01      0.59         0.01
  C699                        0.01      0.57      0.01      0.56         0.01
  C702                        0.66      0.66      0.71      0.01         0.01
  C703                        0.71      0.71      0.74      0.10         0.13
  C704                        0.73      0.74      0.74      0.73         0.72
  C705                        0.01      0.74      0.01      0.77         0.01
  

  Analysis begun on:  Fri Sep 11 10:27:24 2026
  Analysis ended on:  Fri Sep 11 10:27:30 2026
  Total elapsed time: 00:00:06